SHELL=/bin/bash
SESSION_MANAGER=local/AIE-Laptop:@/tmp/.ICE-unix/2588,unix/AIE-Laptop:/tmp/.ICE-unix/2588
QT_ACCESSIBILITY=1
COLORTERM=truecolor
XDG_CONFIG_DIRS=/etc/xdg/xdg-ubuntu:/etc/xdg
XDG_MENU_PREFIX=gnome-
TERM_PROGRAM_VERSION=1.99.3
GNOME_DESKTOP_SESSION_ID=this-is-deprecated
GNOME_SHELL_SESSION_MODE=ubuntu
SSH_AUTH_SOCK=/run/user/1000/keyring/ssh
MEMORY_PRESSURE_WRITE=c29tZSAyMDAwMDAgMjAwMDAwMAA=
AIETOOLS_ROOT=/home/adam/libraries/vitis_aie_essential
XMODIFIERS=@im=ibus
DESKTOP_SESSION=ubuntu
XILINX_XRT=/opt/xilinx/xrt
n_aie_cols=4
GTK_MODULES=gail:atk-bridge
PWD=/home/adam/mlir-aie/programming_examples/basic/matrix_multiplication/matrix_vector_4x4
XDG_SESSION_DESKTOP=ubuntu
LOGNAME=adam
NPU2=0
XDG_SESSION_TYPE=wayland
SYSTEMD_EXEC_PID=2632
XAUTHORITY=/run/user/1000/.mutter-Xwaylandauth.O6TJ72
MLIR_AIE_INSTALL_DIR=/home/adam/mlir-aie/ironenv/lib/python3.12/site-packages/mlir_aie
VSCODE_GIT_ASKPASS_NODE=/usr/share/code/code
N=1
M=768
K=768
IM_CONFIG_CHECK_ENV=1
GJS_DEBUG_TOPICS=JS ERROR;JS LOG
n=64
m=32
k=32
XRT_HACK_UNSECURE_LOADING_XCLBIN=1
HOME=/home/adam
USERNAME=adam
IM_CONFIG_PHASE=1
LANG=en_US.UTF-8
PEANO_INSTALL_DIR=/home/adam/mlir-aie/ironenv/lib/python3.12/site-packages/llvm-aie
LS_COLORS=rs=0:di=01;34:ln=01;36:mh=00:pi=40;33:so=01;35:do=01;35:bd=40;33;01:cd=40;33;01:or=40;31;01:mi=00:su=37;41:sg=30;43:ca=00:tw=30;42:ow=34;42:st=37;44:ex=01;32:*.tar=01;31:*.tgz=01;31:*.arc=01;31:*.arj=01;31:*.taz=01;31:*.lha=01;31:*.lz4=01;31:*.lzh=01;31:*.lzma=01;31:*.tlz=01;31:*.txz=01;31:*.tzo=01;31:*.t7z=01;31:*.zip=01;31:*.z=01;31:*.dz=01;31:*.gz=01;31:*.lrz=01;31:*.lz=01;31:*.lzo=01;31:*.xz=01;31:*.zst=01;31:*.tzst=01;31:*.bz2=01;31:*.bz=01;31:*.tbz=01;31:*.tbz2=01;31:*.tz=01;31:*.deb=01;31:*.rpm=01;31:*.jar=01;31:*.war=01;31:*.ear=01;31:*.sar=01;31:*.rar=01;31:*.alz=01;31:*.ace=01;31:*.zoo=01;31:*.cpio=01;31:*.7z=01;31:*.rz=01;31:*.cab=01;31:*.wim=01;31:*.swm=01;31:*.dwm=01;31:*.esd=01;31:*.avif=01;35:*.jpg=01;35:*.jpeg=01;35:*.mjpg=01;35:*.mjpeg=01;35:*.gif=01;35:*.bmp=01;35:*.pbm=01;35:*.pgm=01;35:*.ppm=01;35:*.tga=01;35:*.xbm=01;35:*.xpm=01;35:*.tif=01;35:*.tiff=01;35:*.png=01;35:*.svg=01;35:*.svgz=01;35:*.mng=01;35:*.pcx=01;35:*.mov=01;35:*.mpg=01;35:*.mpeg=01;35:*.m2v=01;35:*.mkv=01;35:*.webm=01;35:*.webp=01;35:*.ogm=01;35:*.mp4=01;35:*.m4v=01;35:*.mp4v=01;35:*.vob=01;35:*.qt=01;35:*.nuv=01;35:*.wmv=01;35:*.asf=01;35:*.rm=01;35:*.rmvb=01;35:*.flc=01;35:*.avi=01;35:*.fli=01;35:*.flv=01;35:*.gl=01;35:*.dl=01;35:*.xcf=01;35:*.xwd=01;35:*.yuv=01;35:*.cgm=01;35:*.emf=01;35:*.ogv=01;35:*.ogx=01;35:*.aac=00;36:*.au=00;36:*.flac=00;36:*.m4a=00;36:*.mid=00;36:*.midi=00;36:*.mka=00;36:*.mp3=00;36:*.mpc=00;36:*.ogg=00;36:*.ra=00;36:*.wav=00;36:*.oga=00;36:*.opus=00;36:*.spx=00;36:*.xspf=00;36:*~=00;90:*#=00;90:*.bak=00;90:*.crdownload=00;90:*.dpkg-dist=00;90:*.dpkg-new=00;90:*.dpkg-old=00;90:*.dpkg-tmp=00;90:*.old=00;90:*.orig=00;90:*.part=00;90:*.rej=00;90:*.rpmnew=00;90:*.rpmorig=00;90:*.rpmsave=00;90:*.swp=00;90:*.tmp=00;90:*.ucf-dist=00;90:*.ucf-new=00;90:*.ucf-old=00;90:
XDG_CURRENT_DESKTOP=Unity
VIRTUAL_ENV=/home/adam/mlir-aie/ironenv
MEMORY_PRESSURE_WATCH=/sys/fs/cgroup/user.slice/user-1000.slice/user@1000.service/session.slice/org.gnome.Shell@wayland.service/memory.pressure
WAYLAND_DISPLAY=wayland-0
GIT_ASKPASS=/usr/share/code/resources/app/extensions/git/dist/askpass.sh
INVOCATION_ID=00061104400a4027aca7a4e5832d39b0
MANAGERPID=2349
CHROME_DESKTOP=code.desktop
GJS_DEBUG_OUTPUT=stderr
VSCODE_GIT_ASKPASS_EXTRA_ARGS=
GNOME_SETUP_DISPLAY=:1
LESSCLOSE=/usr/bin/lesspipe %s %s
XDG_SESSION_CLASS=user
PYTHONPATH=/home/adam/mlir-aie/ironenv/lib/python3.12/site-packages/mlir_aie/python:/opt/xilinx/xrt/python
TERM=xterm-256color
LESSOPEN=| /usr/bin/lesspipe %s
USER=adam
VSCODE_GIT_IPC_HANDLE=/run/user/1000/vscode-git-0acb82d644.sock
DISPLAY=:0
SHLVL=1
GSM_SKIP_SSH_AGENT_WORKAROUND=true
QT_IM_MODULE=ibus
VIRTUAL_ENV_PROMPT=(ironenv) 
LM_LICENSE_FILE=/opt/Xilinx.lic
LD_LIBRARY_PATH=/home/adam/mlir-aie/ironenv/lib/python3.12/site-packages/mlir_aie/lib:/opt/xilinx/xrt/lib
XDG_RUNTIME_DIR=/run/user/1000
dtype_out=i16
PS1=\[]633;A\](ironenv) \[]633;A\]\[\e]0;\u@\h: \w\a\]${debian_chroot:+($debian_chroot)}\[\033[01;32m\]\u@\h\[\033[00m\]:\[\033[01;34m\]\w\[\033[00m\]\$ \[]633;B\]\[]633;B\]
DEBUGINFOD_URLS=https://debuginfod.ubuntu.com 
VSCODE_GIT_ASKPASS_MAIN=/usr/share/code/resources/app/extensions/git/dist/askpass-main.js
JOURNAL_STREAM=9:20003
XDG_DATA_DIRS=/usr/share/ubuntu:/usr/share/gnome:/usr/local/share/:/usr/share/:/var/lib/snapd/desktop
GDK_BACKEND=x11
PATH=/home/adam/mlir-aie/ironenv/lib/python3.12/site-packages/mlir_aie/bin:/opt/xilinx/xrt/bin:/home/adam/mlir-aie/ironenv/bin:/usr/local/sbin:/usr/local/bin:/usr/sbin:/usr/bin:/sbin:/bin:/usr/games:/usr/local/games:/snap/bin:/snap/bin:/home/adam/.config/Code/User/globalStorage/github.copilot-chat/debugCommand:/home/adam/libraries/vitis_aie_essential/bin
GDMSESSION=ubuntu
dtype_in=i16
ORIGINAL_XDG_CURRENT_DESKTOP=ubuntu:GNOME
DBUS_SESSION_BUS_ADDRESS=unix:path=/run/user/1000/bus
GIO_LAUNCHED_DESKTOP_FILE_PID=134566
GIO_LAUNCHED_DESKTOP_FILE=/usr/share/applications/code.desktop
OLDPWD=/home/adam/mlir-aie/programming_examples/basic/matrix_multiplication
TERM_PROGRAM=vscode
_=/usr/bin/env
##===- Makefile -----------------------------------------------------------===##
# 
# This file licensed under the Apache License v2.0 with LLVM Exceptions.
# See https://llvm.org/LICENSE.txt for license information.
# SPDX-License-Identifier: Apache-2.0 WITH LLVM-exception
# 
# Copyright (C) 2025, Advanced Micro Devices, Inc.
# 
##===----------------------------------------------------------------------===##

subdir=matrix_vector
targetname=matrix_vector

# Currently does not accept reconfiguring size via these variables; must change
# in source at <targetname>.py as well as here
M?=2560
K?=2560
N=1
m=32
k=32

kernels=mv_${m}x${k}
use_placed?=0
use_iron?=0

ifeq (${use_placed}, 1)
aie_py_src=${targetname}_placed.py
ifeq (${use_iron}, 1)
$(error Cannot specify both placed design and IRON)
endif
endif

ifeq (${use_iron}, 1)
aie_py_src=${targetname}_iron.py
endif


SELF_DIR := $(dir $(lastword $(MAKEFILE_LIST)))
include ${SELF_DIR}../makefile-common

kernels_dir=${srcdir}/../../../../aie_kernels/aie2

build/mv_${m}x${k}.o: ${kernels_dir}/mv.cc
	mkdir -p ${@D}
ifeq (${devicename}, npu)
	cd ${@D} && ${PEANO_INSTALL_DIR}/bin/clang++ ${PEANOWRAP2_FLAGS} -DBIT_WIDTH=8 -DDIM_M=${m} -DDIM_K=${k} -c $< -o ${@F}
else ifeq (${devicename}, npu2)
	cd ${@D} && ${PEANO_INSTALL_DIR}/bin/clang++ ${PEANOWRAP2P_FLAGS} -DBIT_WIDTH=8 -DDIM_M=${m} -DDIM_K=${k} -c $< -o ${@F}
endif
rm -rf tmpTrace parse*.json trace*json trace.txt
rm -rf build _build matrix_vector.exe
mkdir -p build
python3 /home/adam/mlir-aie/programming_examples/basic/matrix_multiplication/matrix_vector_4x4/matrix_vector.py --dev npu -M 512 -K 256 -N 1 --dtype_in i16 --dtype_out i16 --trace_size 0 > build/aie_512x256x1.mlir
mkdir -p build
cd build && /home/adam/mlir-aie/ironenv/lib/python3.12/site-packages/llvm-aie/bin/clang++ -O2 -std=c++20 --target=aie2-none-unknown-elf -Wno-parentheses -Wno-attributes -Wno-macro-redefined -Wno-empty-body -DNDEBUG -I /home/adam/mlir-aie/ironenv/lib/python3.12/site-packages/mlir_aie/include  -DBIT_WIDTH=8 -DDIM_M=32 -DDIM_K=32 -c /home/adam/mlir-aie/programming_examples/basic/matrix_multiplication/matrix_vector_4x4/../../../../aie_kernels/aie2/mv.cc -o mv_32x32.o
mkdir -p build
cd build && aiecc.py --alloc-scheme=basic-sequential --aie-generate-xclbin --no-compile-host --xclbin-name=final_512x256x1.xclbin \
			 --no-xchesscc --no-xbridge --peano /home/adam/mlir-aie/ironenv/lib/python3.12/site-packages/llvm-aie \
			--aie-generate-npu-insts --npu-insts-name=insts_512x256x1.txt ../build/aie_512x256x1.mlir


****** Bootgen v2024.1
  **** Build date : Apr 22 2025-04:12:47
    ** Copyright 1986-2022 Xilinx, Inc. All Rights Reserved.
    ** Copyright 2022-2024 Advanced Micro Devices, Inc. All Rights Reserved.


[INFO]   : Bootimage generated successfully

Info: Embedded Metadata section is missing project.platform.device.core element, adding it.
Found xchesscc at /home/adam/libraries/vitis_aie_essential
 AIE Compilation: ━━━━━━━━━━━━━━━━━━━━━━━━━━    94% 0:00:01 0:00:00 16/17 4 Workers
Generating: /home/adam/mlir-aie/programming_examples/basic/matrix_multiplication/matrix_vector_4x4/build/aie_512x256x1.mlir.prj/aie_cdo_elfs.bin
Generating: /home/adam/mlir-aie/programming_examples/basic/matrix_multiplication/matrix_vector_4x4/build/aie_512x256x1.mlir.prj/aie_cdo_init.bin
Generating: /home/adam/mlir-aie/programming_examples/basic/matrix_multiplication/matrix_vector_4x4/build/aie_512x256x1.mlir.prj/aie_cdo_enable.bin
rm -rf _build
mkdir -p _build
cd _build &&  cmake -E env CXXFLAGS="-std=c++23 -ggdb -DDTYPE_IN=int16_t -DDTYPE_OUT=int16_t -DDTYPE_ACC=int16_t" \
	cmake /home/adam/mlir-aie/programming_examples/basic/matrix_multiplication/matrix_vector_4x4/.. -D CMAKE_C_COMPILER=gcc-13 -D CMAKE_CXX_COMPILER=g++-13 -DTARGET_NAME=matrix_vector -Dsubdir=matrix_vector
CMake Deprecation Warning at CMakeLists.txt:13 (cmake_minimum_required):
  Compatibility with CMake < 3.10 will be removed from a future version of
  CMake.

  Update the VERSION argument <min> value.  Or, use the <min>...<max> syntax
  to tell CMake that the project requires at least <min> but has been updated
  to work with policies introduced by <max> or earlier.


-- The C compiler identification is GNU 13.3.0
-- The CXX compiler identification is GNU 13.3.0
-- Detecting C compiler ABI info
-- Detecting C compiler ABI info - done
-- Check for working C compiler: /usr/bin/gcc-13 - skipped
-- Detecting C compile features
-- Detecting C compile features - done
-- Detecting CXX compiler ABI info
-- Detecting CXX compiler ABI info - done
-- Check for working CXX compiler: /usr/bin/g++-13 - skipped
-- Detecting CXX compile features
-- Detecting CXX compile features - done
-- Configuring done (0.2s)
-- Generating done (0.0s)
-- Build files have been written to: /home/adam/mlir-aie/programming_examples/basic/matrix_multiplication/matrix_vector_4x4/_build
cd _build &&  cmake --build . --config Release
gmake[1]: Entering directory '/home/adam/mlir-aie/programming_examples/basic/matrix_multiplication/matrix_vector_4x4/_build'
gmake[2]: Entering directory '/home/adam/mlir-aie/programming_examples/basic/matrix_multiplication/matrix_vector_4x4/_build'
gmake[3]: Entering directory '/home/adam/mlir-aie/programming_examples/basic/matrix_multiplication/matrix_vector_4x4/_build'
gmake[3]: Leaving directory '/home/adam/mlir-aie/programming_examples/basic/matrix_multiplication/matrix_vector_4x4/_build'
gmake[3]: Entering directory '/home/adam/mlir-aie/programming_examples/basic/matrix_multiplication/matrix_vector_4x4/_build'
[ 33%] Building CXX object CMakeFiles/matrix_vector.dir/home/adam/mlir-aie/runtime_lib/test_lib/test_utils.cpp.o
[ 66%] Building CXX object CMakeFiles/matrix_vector.dir/matrix_vector/test.cpp.o
[100%] Linking CXX executable matrix_vector
gmake[3]: Leaving directory '/home/adam/mlir-aie/programming_examples/basic/matrix_multiplication/matrix_vector_4x4/_build'
[100%] Built target matrix_vector
gmake[2]: Leaving directory '/home/adam/mlir-aie/programming_examples/basic/matrix_multiplication/matrix_vector_4x4/_build'
gmake[1]: Leaving directory '/home/adam/mlir-aie/programming_examples/basic/matrix_multiplication/matrix_vector_4x4/_build'
cp _build/matrix_vector matrix_vector.exe 
export XRT_HACK_UNSECURE_LOADING_XCLBIN=1 && \
 ./matrix_vector.exe -x build/final_512x256x1.xclbin -i build/insts_512x256x1.txt -k MLIR_AIE -M 512 -K 256 -N 1 -v 2 --warmup 1 --iters 1
Matrix size 512x256x1
Sequence instr count: 408
Loading xclbin: build/final_512x256x1.xclbin
Kernel opcode: MLIR_AIE
Name: MLIR_AIE
Registering xclbin: build/final_512x256x1.xclbin
Getting hardware context.
Getting handle to kernel:MLIR_AIE
Writing data into buffer objects.
DTYPE_IN  = int16_t
DTYPE_OUT = int16_t
Verification tolerance 0 absolute, 0 relative.
A = 
   13457    -28205    -19666      -205     27690   ...   -15908      2818     13271     20176      1139  
  -22748    -18634    -24352    -28232     16906   ...   -26606     17471     14977     26768    -31858  
  -16861    -29938     14143      4492    -19464   ...     5846     -9503     27819    -21381       133  
  -29481     16407    -19656    -17830      3633   ...   -24288     17254    -27732     13616      9265  
    8270      7756    -21346    -28428      2391   ...   -27895     26930    -21440      6434     10718  
    ...       ...       ...       ...       ...    ...     ...       ...       ...       ...       ...   
   18833    -12638    -24205     24053    -15381   ...   -17120    -29280     -9544    -28237    -25225  
    1096    -19043     -8561      2403    -23253   ...   -18247     27870     28148       597     -6246  
   20019     28403     10744    -31120     29537   ...    23667     -6841     17725      4435      8853  
  -26556     -6020       762     27431     20507   ...   -16535    -30244     21455    -27203     22429  
   -8663      8463      4794    -13248      1347   ...    26689    -17934     22043     -3683    -12362  
B = 
   -7054  
  -31904  
   -7842  
   29938  
    8372  
    ...   
  -26675  
   10628  
  -22288  
  -13895  
   -7141  
Running Kernel (iteration 0).
Running Kernel (iteration 1).
Verifying against reference matmul ...
Verify time: 0.00 s.

Avg NPU matmul time: 236.00us.
Avg NPU gflops: 1.11

Min NPU matmul time: 236.00us.
Max NPU gflops: 1.11

Max NPU matmul time: 236.00us.
Min NPU gflops: 1.11

PASS!

rm -rf tmpTrace parse*.json trace*json trace.txt
rm -rf build _build matrix_vector.exe
mkdir -p build
python3 /home/adam/mlir-aie/programming_examples/basic/matrix_multiplication/matrix_vector_4x4/matrix_vector.py --dev npu -M 512 -K 512 -N 1 --dtype_in i16 --dtype_out i16 --trace_size 0 > build/aie_512x512x1.mlir
mkdir -p build
cd build && /home/adam/mlir-aie/ironenv/lib/python3.12/site-packages/llvm-aie/bin/clang++ -O2 -std=c++20 --target=aie2-none-unknown-elf -Wno-parentheses -Wno-attributes -Wno-macro-redefined -Wno-empty-body -DNDEBUG -I /home/adam/mlir-aie/ironenv/lib/python3.12/site-packages/mlir_aie/include  -DBIT_WIDTH=8 -DDIM_M=32 -DDIM_K=32 -c /home/adam/mlir-aie/programming_examples/basic/matrix_multiplication/matrix_vector_4x4/../../../../aie_kernels/aie2/mv.cc -o mv_32x32.o
mkdir -p build
cd build && aiecc.py --alloc-scheme=basic-sequential --aie-generate-xclbin --no-compile-host --xclbin-name=final_512x512x1.xclbin \
			 --no-xchesscc --no-xbridge --peano /home/adam/mlir-aie/ironenv/lib/python3.12/site-packages/llvm-aie \
			--aie-generate-npu-insts --npu-insts-name=insts_512x512x1.txt ../build/aie_512x512x1.mlir


****** Bootgen v2024.1
  **** Build date : Apr 22 2025-04:12:47
    ** Copyright 1986-2022 Xilinx, Inc. All Rights Reserved.
    ** Copyright 2022-2024 Advanced Micro Devices, Inc. All Rights Reserved.


[INFO]   : Bootimage generated successfully

Info: Embedded Metadata section is missing project.platform.device.core element, adding it.
Found xchesscc at /home/adam/libraries/vitis_aie_essential
 AIE Compilation: ━━━━━━━━━━━━━━━━━━━━━━━━━━    94% 0:00:01 0:00:00 16/17 4 Workers
Generating: /home/adam/mlir-aie/programming_examples/basic/matrix_multiplication/matrix_vector_4x4/build/aie_512x512x1.mlir.prj/aie_cdo_elfs.bin
Generating: /home/adam/mlir-aie/programming_examples/basic/matrix_multiplication/matrix_vector_4x4/build/aie_512x512x1.mlir.prj/aie_cdo_init.bin
Generating: /home/adam/mlir-aie/programming_examples/basic/matrix_multiplication/matrix_vector_4x4/build/aie_512x512x1.mlir.prj/aie_cdo_enable.bin
rm -rf _build
mkdir -p _build
cd _build &&  cmake -E env CXXFLAGS="-std=c++23 -ggdb -DDTYPE_IN=int16_t -DDTYPE_OUT=int16_t -DDTYPE_ACC=int16_t" \
	cmake /home/adam/mlir-aie/programming_examples/basic/matrix_multiplication/matrix_vector_4x4/.. -D CMAKE_C_COMPILER=gcc-13 -D CMAKE_CXX_COMPILER=g++-13 -DTARGET_NAME=matrix_vector -Dsubdir=matrix_vector
CMake Deprecation Warning at CMakeLists.txt:13 (cmake_minimum_required):
  Compatibility with CMake < 3.10 will be removed from a future version of
  CMake.

  Update the VERSION argument <min> value.  Or, use the <min>...<max> syntax
  to tell CMake that the project requires at least <min> but has been updated
  to work with policies introduced by <max> or earlier.


-- The C compiler identification is GNU 13.3.0
-- The CXX compiler identification is GNU 13.3.0
-- Detecting C compiler ABI info
-- Detecting C compiler ABI info - done
-- Check for working C compiler: /usr/bin/gcc-13 - skipped
-- Detecting C compile features
-- Detecting C compile features - done
-- Detecting CXX compiler ABI info
-- Detecting CXX compiler ABI info - done
-- Check for working CXX compiler: /usr/bin/g++-13 - skipped
-- Detecting CXX compile features
-- Detecting CXX compile features - done
-- Configuring done (0.2s)
-- Generating done (0.0s)
-- Build files have been written to: /home/adam/mlir-aie/programming_examples/basic/matrix_multiplication/matrix_vector_4x4/_build
cd _build &&  cmake --build . --config Release
gmake[1]: Entering directory '/home/adam/mlir-aie/programming_examples/basic/matrix_multiplication/matrix_vector_4x4/_build'
gmake[2]: Entering directory '/home/adam/mlir-aie/programming_examples/basic/matrix_multiplication/matrix_vector_4x4/_build'
gmake[3]: Entering directory '/home/adam/mlir-aie/programming_examples/basic/matrix_multiplication/matrix_vector_4x4/_build'
gmake[3]: Leaving directory '/home/adam/mlir-aie/programming_examples/basic/matrix_multiplication/matrix_vector_4x4/_build'
gmake[3]: Entering directory '/home/adam/mlir-aie/programming_examples/basic/matrix_multiplication/matrix_vector_4x4/_build'
[ 33%] Building CXX object CMakeFiles/matrix_vector.dir/home/adam/mlir-aie/runtime_lib/test_lib/test_utils.cpp.o
[ 66%] Building CXX object CMakeFiles/matrix_vector.dir/matrix_vector/test.cpp.o
[100%] Linking CXX executable matrix_vector
gmake[3]: Leaving directory '/home/adam/mlir-aie/programming_examples/basic/matrix_multiplication/matrix_vector_4x4/_build'
[100%] Built target matrix_vector
gmake[2]: Leaving directory '/home/adam/mlir-aie/programming_examples/basic/matrix_multiplication/matrix_vector_4x4/_build'
gmake[1]: Leaving directory '/home/adam/mlir-aie/programming_examples/basic/matrix_multiplication/matrix_vector_4x4/_build'
cp _build/matrix_vector matrix_vector.exe 
export XRT_HACK_UNSECURE_LOADING_XCLBIN=1 && \
 ./matrix_vector.exe -x build/final_512x512x1.xclbin -i build/insts_512x512x1.txt -k MLIR_AIE -M 512 -K 512 -N 1 -v 2 --warmup 1 --iters 1
Matrix size 512x512x1
Sequence instr count: 408
Loading xclbin: build/final_512x512x1.xclbin
Kernel opcode: MLIR_AIE
Name: MLIR_AIE
Registering xclbin: build/final_512x512x1.xclbin
Getting hardware context.
Getting handle to kernel:MLIR_AIE
Writing data into buffer objects.
DTYPE_IN  = int16_t
DTYPE_OUT = int16_t
Verification tolerance 0 absolute, 0 relative.
A = 
   13457    -28205    -19666      -205     27690   ...   -26606     17471     14977     26768    -31858  
  -16861    -29938     14143      4492    -19464   ...   -24288     17254    -27732     13616      9265  
    8270      7756    -21346    -28428      2391   ...     1142    -17068    -29328      2901     31216  
  -29798      9724    -21391     -7037      -616   ...   -20578      4098    -23419     -7351    -10163  
    5010    -22765    -18207     13956    -18539   ...     4569     -7735     23942      3905    -15435  
    ...       ...       ...       ...       ...    ...     ...       ...       ...       ...       ...   
   31235     12917      3890      5461      7732   ...    30672    -30024     28374      7231    -23491  
  -18436     -8315    -21187     15281    -25166   ...    18705     12858    -12289    -23639      6335  
   17011    -28889     14262     26506     20400   ...   -31813    -13302       149     29710    -29166  
    8993       610     -7841     24845     24293   ...    19551    -11616    -12650    -22231     -3010  
  -27602    -23398      4521    -14910     -4574   ...   -18808     14938     23930      8681    -15178  
B = 
   26421  
   -6441  
    9708  
     281  
  -31133  
    ...   
   15082  
  -31274  
    4056  
   21061  
   29240  
Running Kernel (iteration 0).
Running Kernel (iteration 1).
Verifying against reference matmul ...
Verify time: 0.00 s.

Avg NPU matmul time: 259.00us.
Avg NPU gflops: 2.02

Min NPU matmul time: 259.00us.
Max NPU gflops: 2.02

Max NPU matmul time: 259.00us.
Min NPU gflops: 2.02

PASS!

rm -rf tmpTrace parse*.json trace*json trace.txt
rm -rf build _build matrix_vector.exe
mkdir -p build
python3 /home/adam/mlir-aie/programming_examples/basic/matrix_multiplication/matrix_vector_4x4/matrix_vector.py --dev npu -M 512 -K 768 -N 1 --dtype_in i16 --dtype_out i16 --trace_size 0 > build/aie_512x768x1.mlir
mkdir -p build
cd build && /home/adam/mlir-aie/ironenv/lib/python3.12/site-packages/llvm-aie/bin/clang++ -O2 -std=c++20 --target=aie2-none-unknown-elf -Wno-parentheses -Wno-attributes -Wno-macro-redefined -Wno-empty-body -DNDEBUG -I /home/adam/mlir-aie/ironenv/lib/python3.12/site-packages/mlir_aie/include  -DBIT_WIDTH=8 -DDIM_M=32 -DDIM_K=32 -c /home/adam/mlir-aie/programming_examples/basic/matrix_multiplication/matrix_vector_4x4/../../../../aie_kernels/aie2/mv.cc -o mv_32x32.o
mkdir -p build
cd build && aiecc.py --alloc-scheme=basic-sequential --aie-generate-xclbin --no-compile-host --xclbin-name=final_512x768x1.xclbin \
			 --no-xchesscc --no-xbridge --peano /home/adam/mlir-aie/ironenv/lib/python3.12/site-packages/llvm-aie \
			--aie-generate-npu-insts --npu-insts-name=insts_512x768x1.txt ../build/aie_512x768x1.mlir


****** Bootgen v2024.1
  **** Build date : Apr 22 2025-04:12:47
    ** Copyright 1986-2022 Xilinx, Inc. All Rights Reserved.
    ** Copyright 2022-2024 Advanced Micro Devices, Inc. All Rights Reserved.


[INFO]   : Bootimage generated successfully

Info: Embedded Metadata section is missing project.platform.device.core element, adding it.
Found xchesscc at /home/adam/libraries/vitis_aie_essential
 AIE Compilation: ━━━━━━━━━━━━━━━━━━━━━━━━━━    94% 0:00:01 0:00:00 16/17 4 Workers
Generating: /home/adam/mlir-aie/programming_examples/basic/matrix_multiplication/matrix_vector_4x4/build/aie_512x768x1.mlir.prj/aie_cdo_elfs.bin
Generating: /home/adam/mlir-aie/programming_examples/basic/matrix_multiplication/matrix_vector_4x4/build/aie_512x768x1.mlir.prj/aie_cdo_init.bin
Generating: /home/adam/mlir-aie/programming_examples/basic/matrix_multiplication/matrix_vector_4x4/build/aie_512x768x1.mlir.prj/aie_cdo_enable.bin
rm -rf _build
mkdir -p _build
cd _build &&  cmake -E env CXXFLAGS="-std=c++23 -ggdb -DDTYPE_IN=int16_t -DDTYPE_OUT=int16_t -DDTYPE_ACC=int16_t" \
	cmake /home/adam/mlir-aie/programming_examples/basic/matrix_multiplication/matrix_vector_4x4/.. -D CMAKE_C_COMPILER=gcc-13 -D CMAKE_CXX_COMPILER=g++-13 -DTARGET_NAME=matrix_vector -Dsubdir=matrix_vector
CMake Deprecation Warning at CMakeLists.txt:13 (cmake_minimum_required):
  Compatibility with CMake < 3.10 will be removed from a future version of
  CMake.

  Update the VERSION argument <min> value.  Or, use the <min>...<max> syntax
  to tell CMake that the project requires at least <min> but has been updated
  to work with policies introduced by <max> or earlier.


-- The C compiler identification is GNU 13.3.0
-- The CXX compiler identification is GNU 13.3.0
-- Detecting C compiler ABI info
-- Detecting C compiler ABI info - done
-- Check for working C compiler: /usr/bin/gcc-13 - skipped
-- Detecting C compile features
-- Detecting C compile features - done
-- Detecting CXX compiler ABI info
-- Detecting CXX compiler ABI info - done
-- Check for working CXX compiler: /usr/bin/g++-13 - skipped
-- Detecting CXX compile features
-- Detecting CXX compile features - done
-- Configuring done (0.2s)
-- Generating done (0.0s)
-- Build files have been written to: /home/adam/mlir-aie/programming_examples/basic/matrix_multiplication/matrix_vector_4x4/_build
cd _build &&  cmake --build . --config Release
gmake[1]: Entering directory '/home/adam/mlir-aie/programming_examples/basic/matrix_multiplication/matrix_vector_4x4/_build'
gmake[2]: Entering directory '/home/adam/mlir-aie/programming_examples/basic/matrix_multiplication/matrix_vector_4x4/_build'
gmake[3]: Entering directory '/home/adam/mlir-aie/programming_examples/basic/matrix_multiplication/matrix_vector_4x4/_build'
gmake[3]: Leaving directory '/home/adam/mlir-aie/programming_examples/basic/matrix_multiplication/matrix_vector_4x4/_build'
gmake[3]: Entering directory '/home/adam/mlir-aie/programming_examples/basic/matrix_multiplication/matrix_vector_4x4/_build'
[ 33%] Building CXX object CMakeFiles/matrix_vector.dir/home/adam/mlir-aie/runtime_lib/test_lib/test_utils.cpp.o
[ 66%] Building CXX object CMakeFiles/matrix_vector.dir/matrix_vector/test.cpp.o
[100%] Linking CXX executable matrix_vector
gmake[3]: Leaving directory '/home/adam/mlir-aie/programming_examples/basic/matrix_multiplication/matrix_vector_4x4/_build'
[100%] Built target matrix_vector
gmake[2]: Leaving directory '/home/adam/mlir-aie/programming_examples/basic/matrix_multiplication/matrix_vector_4x4/_build'
gmake[1]: Leaving directory '/home/adam/mlir-aie/programming_examples/basic/matrix_multiplication/matrix_vector_4x4/_build'
cp _build/matrix_vector matrix_vector.exe 
export XRT_HACK_UNSECURE_LOADING_XCLBIN=1 && \
 ./matrix_vector.exe -x build/final_512x768x1.xclbin -i build/insts_512x768x1.txt -k MLIR_AIE -M 512 -K 768 -N 1 -v 2 --warmup 1 --iters 1
Matrix size 512x768x1
Sequence instr count: 408
Loading xclbin: build/final_512x768x1.xclbin
Kernel opcode: MLIR_AIE
Name: MLIR_AIE
Registering xclbin: build/final_512x768x1.xclbin
Getting hardware context.
Getting handle to kernel:MLIR_AIE
Writing data into buffer objects.
DTYPE_IN  = int16_t
DTYPE_OUT = int16_t
Verification tolerance 0 absolute, 0 relative.
A = 
   13457    -28205    -19666      -205     27690   ...     5846     -9503     27819    -21381       133  
  -29481     16407    -19656    -17830      3633   ...     1142    -17068    -29328      2901     31216  
  -29798      9724    -21391     -7037      -616   ...    21033      5350     18215     32222    -28924  
   10888    -27895     19240      6512      7256   ...    12253     19015    -31779    -15583     30261  
  -27185    -27058    -18100    -26436     10876   ...   -16984      2790    -11058     32289    -27586  
    ...       ...       ...       ...       ...    ...     ...       ...       ...       ...       ...   
  -22571    -11276    -18180     11770      7529   ...   -26200     25779    -24322     31330     28242  
   -3664    -12707      6723     27766       315   ...     9846      2653     25117    -29272     15908  
   28093    -19282    -31593     18628      -692   ...    -6224     12789     18340     21861     23964  
   24732    -22630    -27206     23326    -18565   ...    10522      6011     26756    -14993     30074  
    7249      9483    -32245     31600     30564   ...    17961     16254     -7955     25093     24588  
B = 
   22807  
     419  
    3463  
   -4579  
  -26743  
    ...   
  -19202  
   21152  
  -29814  
   18375  
   -3914  
Running Kernel (iteration 0).
Running Kernel (iteration 1).
Verifying against reference matmul ...
Verify time: 0.00 s.

Avg NPU matmul time: 262.00us.
Avg NPU gflops: 3.00

Min NPU matmul time: 262.00us.
Max NPU gflops: 3.00

Max NPU matmul time: 262.00us.
Min NPU gflops: 3.00

PASS!

rm -rf tmpTrace parse*.json trace*json trace.txt
rm -rf build _build matrix_vector.exe
mkdir -p build
python3 /home/adam/mlir-aie/programming_examples/basic/matrix_multiplication/matrix_vector_4x4/matrix_vector.py --dev npu -M 512 -K 1024 -N 1 --dtype_in i16 --dtype_out i16 --trace_size 0 > build/aie_512x1024x1.mlir
mkdir -p build
cd build && /home/adam/mlir-aie/ironenv/lib/python3.12/site-packages/llvm-aie/bin/clang++ -O2 -std=c++20 --target=aie2-none-unknown-elf -Wno-parentheses -Wno-attributes -Wno-macro-redefined -Wno-empty-body -DNDEBUG -I /home/adam/mlir-aie/ironenv/lib/python3.12/site-packages/mlir_aie/include  -DBIT_WIDTH=8 -DDIM_M=32 -DDIM_K=32 -c /home/adam/mlir-aie/programming_examples/basic/matrix_multiplication/matrix_vector_4x4/../../../../aie_kernels/aie2/mv.cc -o mv_32x32.o
mkdir -p build
cd build && aiecc.py --alloc-scheme=basic-sequential --aie-generate-xclbin --no-compile-host --xclbin-name=final_512x1024x1.xclbin \
			 --no-xchesscc --no-xbridge --peano /home/adam/mlir-aie/ironenv/lib/python3.12/site-packages/llvm-aie \
			--aie-generate-npu-insts --npu-insts-name=insts_512x1024x1.txt ../build/aie_512x1024x1.mlir


****** Bootgen v2024.1
  **** Build date : Apr 22 2025-04:12:47
    ** Copyright 1986-2022 Xilinx, Inc. All Rights Reserved.
    ** Copyright 2022-2024 Advanced Micro Devices, Inc. All Rights Reserved.


[INFO]   : Bootimage generated successfully

Info: Embedded Metadata section is missing project.platform.device.core element, adding it.
Found xchesscc at /home/adam/libraries/vitis_aie_essential
 AIE Compilation: ━━━━━━━━━━━━━━━━━━━━━━━━━━    94% 0:00:01 0:00:00 16/17 4 Workers
Generating: /home/adam/mlir-aie/programming_examples/basic/matrix_multiplication/matrix_vector_4x4/build/aie_512x1024x1.mlir.prj/aie_cdo_elfs.bin
Generating: /home/adam/mlir-aie/programming_examples/basic/matrix_multiplication/matrix_vector_4x4/build/aie_512x1024x1.mlir.prj/aie_cdo_init.bin
Generating: /home/adam/mlir-aie/programming_examples/basic/matrix_multiplication/matrix_vector_4x4/build/aie_512x1024x1.mlir.prj/aie_cdo_enable.bin
rm -rf _build
mkdir -p _build
cd _build &&  cmake -E env CXXFLAGS="-std=c++23 -ggdb -DDTYPE_IN=int16_t -DDTYPE_OUT=int16_t -DDTYPE_ACC=int16_t" \
	cmake /home/adam/mlir-aie/programming_examples/basic/matrix_multiplication/matrix_vector_4x4/.. -D CMAKE_C_COMPILER=gcc-13 -D CMAKE_CXX_COMPILER=g++-13 -DTARGET_NAME=matrix_vector -Dsubdir=matrix_vector
CMake Deprecation Warning at CMakeLists.txt:13 (cmake_minimum_required):
  Compatibility with CMake < 3.10 will be removed from a future version of
  CMake.

  Update the VERSION argument <min> value.  Or, use the <min>...<max> syntax
  to tell CMake that the project requires at least <min> but has been updated
  to work with policies introduced by <max> or earlier.


-- The C compiler identification is GNU 13.3.0
-- The CXX compiler identification is GNU 13.3.0
-- Detecting C compiler ABI info
-- Detecting C compiler ABI info - done
-- Check for working C compiler: /usr/bin/gcc-13 - skipped
-- Detecting C compile features
-- Detecting C compile features - done
-- Detecting CXX compiler ABI info
-- Detecting CXX compiler ABI info - done
-- Check for working CXX compiler: /usr/bin/g++-13 - skipped
-- Detecting CXX compile features
-- Detecting CXX compile features - done
-- Configuring done (0.2s)
-- Generating done (0.0s)
-- Build files have been written to: /home/adam/mlir-aie/programming_examples/basic/matrix_multiplication/matrix_vector_4x4/_build
cd _build &&  cmake --build . --config Release
gmake[1]: Entering directory '/home/adam/mlir-aie/programming_examples/basic/matrix_multiplication/matrix_vector_4x4/_build'
gmake[2]: Entering directory '/home/adam/mlir-aie/programming_examples/basic/matrix_multiplication/matrix_vector_4x4/_build'
gmake[3]: Entering directory '/home/adam/mlir-aie/programming_examples/basic/matrix_multiplication/matrix_vector_4x4/_build'
gmake[3]: Leaving directory '/home/adam/mlir-aie/programming_examples/basic/matrix_multiplication/matrix_vector_4x4/_build'
gmake[3]: Entering directory '/home/adam/mlir-aie/programming_examples/basic/matrix_multiplication/matrix_vector_4x4/_build'
[ 33%] Building CXX object CMakeFiles/matrix_vector.dir/home/adam/mlir-aie/runtime_lib/test_lib/test_utils.cpp.o
[ 66%] Building CXX object CMakeFiles/matrix_vector.dir/matrix_vector/test.cpp.o
[100%] Linking CXX executable matrix_vector
gmake[3]: Leaving directory '/home/adam/mlir-aie/programming_examples/basic/matrix_multiplication/matrix_vector_4x4/_build'
[100%] Built target matrix_vector
gmake[2]: Leaving directory '/home/adam/mlir-aie/programming_examples/basic/matrix_multiplication/matrix_vector_4x4/_build'
gmake[1]: Leaving directory '/home/adam/mlir-aie/programming_examples/basic/matrix_multiplication/matrix_vector_4x4/_build'
cp _build/matrix_vector matrix_vector.exe 
export XRT_HACK_UNSECURE_LOADING_XCLBIN=1 && \
 ./matrix_vector.exe -x build/final_512x1024x1.xclbin -i build/insts_512x1024x1.txt -k MLIR_AIE -M 512 -K 1024 -N 1 -v 2 --warmup 1 --iters 1
Matrix size 512x1024x1
Sequence instr count: 408
Loading xclbin: build/final_512x1024x1.xclbin
Kernel opcode: MLIR_AIE
Name: MLIR_AIE
Registering xclbin: build/final_512x1024x1.xclbin
Getting hardware context.
Getting handle to kernel:MLIR_AIE
Writing data into buffer objects.
DTYPE_IN  = int16_t
DTYPE_OUT = int16_t
Verification tolerance 0 absolute, 0 relative.
A = 
   13457    -28205    -19666      -205     27690   ...   -24288     17254    -27732     13616      9265  
    8270      7756    -21346    -28428      2391   ...   -20578      4098    -23419     -7351    -10163  
    5010    -22765    -18207     13956    -18539   ...    12253     19015    -31779    -15583     30261  
  -27185    -27058    -18100    -26436     10876   ...     9403    -21376    -24766     23857     21679  
  -28747    -14421      8350     25515     20987   ...    -6885     29354    -15217    -14490     26568  
    ...       ...       ...       ...       ...    ...     ...       ...       ...       ...       ...   
   20660    -11011     17800     30080     26839   ...   -14165     -4007    -18997    -15456    -22932  
   19941    -13095      -693    -24153    -18688   ...   -20215    -17594      1695     28142      8033  
   29610    -21498      3878    -26186      5741   ...    -2388    -17623     23665      1528    -31084  
   -2058     12554      1675    -27554    -27711   ...    16333     18274       704     19368     18035  
  -28296     24213    -23103    -24677      9359   ...   -29323     30481     27279      7209    -17433  
B = 
   17727  
    8186  
    7918  
    3109  
  -26790  
    ...   
  -14712  
  -27050  
   -5628  
   -5580  
    7944  
Running Kernel (iteration 0).
Running Kernel (iteration 1).
Verifying against reference matmul ...
Verify time: 0.00 s.

Avg NPU matmul time: 661.00us.
Avg NPU gflops: 1.59

Min NPU matmul time: 661.00us.
Max NPU gflops: 1.59

Max NPU matmul time: 661.00us.
Min NPU gflops: 1.59

PASS!

rm -rf tmpTrace parse*.json trace*json trace.txt
rm -rf build _build matrix_vector.exe
mkdir -p build
python3 /home/adam/mlir-aie/programming_examples/basic/matrix_multiplication/matrix_vector_4x4/matrix_vector.py --dev npu -M 512 -K 1280 -N 1 --dtype_in i16 --dtype_out i16 --trace_size 0 > build/aie_512x1280x1.mlir
mkdir -p build
cd build && /home/adam/mlir-aie/ironenv/lib/python3.12/site-packages/llvm-aie/bin/clang++ -O2 -std=c++20 --target=aie2-none-unknown-elf -Wno-parentheses -Wno-attributes -Wno-macro-redefined -Wno-empty-body -DNDEBUG -I /home/adam/mlir-aie/ironenv/lib/python3.12/site-packages/mlir_aie/include  -DBIT_WIDTH=8 -DDIM_M=32 -DDIM_K=32 -c /home/adam/mlir-aie/programming_examples/basic/matrix_multiplication/matrix_vector_4x4/../../../../aie_kernels/aie2/mv.cc -o mv_32x32.o
mkdir -p build
cd build && aiecc.py --alloc-scheme=basic-sequential --aie-generate-xclbin --no-compile-host --xclbin-name=final_512x1280x1.xclbin \
			 --no-xchesscc --no-xbridge --peano /home/adam/mlir-aie/ironenv/lib/python3.12/site-packages/llvm-aie \
			--aie-generate-npu-insts --npu-insts-name=insts_512x1280x1.txt ../build/aie_512x1280x1.mlir


****** Bootgen v2024.1
  **** Build date : Apr 22 2025-04:12:47
    ** Copyright 1986-2022 Xilinx, Inc. All Rights Reserved.
    ** Copyright 2022-2024 Advanced Micro Devices, Inc. All Rights Reserved.


[INFO]   : Bootimage generated successfully

Info: Embedded Metadata section is missing project.platform.device.core element, adding it.
Found xchesscc at /home/adam/libraries/vitis_aie_essential
 AIE Compilation: ━━━━━━━━━━━━━━━━━━━━━━━━━━    94% 0:00:01 0:00:00 16/17 4 Workers
Generating: /home/adam/mlir-aie/programming_examples/basic/matrix_multiplication/matrix_vector_4x4/build/aie_512x1280x1.mlir.prj/aie_cdo_elfs.bin
Generating: /home/adam/mlir-aie/programming_examples/basic/matrix_multiplication/matrix_vector_4x4/build/aie_512x1280x1.mlir.prj/aie_cdo_init.bin
Generating: /home/adam/mlir-aie/programming_examples/basic/matrix_multiplication/matrix_vector_4x4/build/aie_512x1280x1.mlir.prj/aie_cdo_enable.bin
rm -rf _build
mkdir -p _build
cd _build &&  cmake -E env CXXFLAGS="-std=c++23 -ggdb -DDTYPE_IN=int16_t -DDTYPE_OUT=int16_t -DDTYPE_ACC=int16_t" \
	cmake /home/adam/mlir-aie/programming_examples/basic/matrix_multiplication/matrix_vector_4x4/.. -D CMAKE_C_COMPILER=gcc-13 -D CMAKE_CXX_COMPILER=g++-13 -DTARGET_NAME=matrix_vector -Dsubdir=matrix_vector
CMake Deprecation Warning at CMakeLists.txt:13 (cmake_minimum_required):
  Compatibility with CMake < 3.10 will be removed from a future version of
  CMake.

  Update the VERSION argument <min> value.  Or, use the <min>...<max> syntax
  to tell CMake that the project requires at least <min> but has been updated
  to work with policies introduced by <max> or earlier.


-- The C compiler identification is GNU 13.3.0
-- The CXX compiler identification is GNU 13.3.0
-- Detecting C compiler ABI info
-- Detecting C compiler ABI info - done
-- Check for working C compiler: /usr/bin/gcc-13 - skipped
-- Detecting C compile features
-- Detecting C compile features - done
-- Detecting CXX compiler ABI info
-- Detecting CXX compiler ABI info - done
-- Check for working CXX compiler: /usr/bin/g++-13 - skipped
-- Detecting CXX compile features
-- Detecting CXX compile features - done
-- Configuring done (0.2s)
-- Generating done (0.0s)
-- Build files have been written to: /home/adam/mlir-aie/programming_examples/basic/matrix_multiplication/matrix_vector_4x4/_build
cd _build &&  cmake --build . --config Release
gmake[1]: Entering directory '/home/adam/mlir-aie/programming_examples/basic/matrix_multiplication/matrix_vector_4x4/_build'
gmake[2]: Entering directory '/home/adam/mlir-aie/programming_examples/basic/matrix_multiplication/matrix_vector_4x4/_build'
gmake[3]: Entering directory '/home/adam/mlir-aie/programming_examples/basic/matrix_multiplication/matrix_vector_4x4/_build'
gmake[3]: Leaving directory '/home/adam/mlir-aie/programming_examples/basic/matrix_multiplication/matrix_vector_4x4/_build'
gmake[3]: Entering directory '/home/adam/mlir-aie/programming_examples/basic/matrix_multiplication/matrix_vector_4x4/_build'
[ 33%] Building CXX object CMakeFiles/matrix_vector.dir/home/adam/mlir-aie/runtime_lib/test_lib/test_utils.cpp.o
[ 66%] Building CXX object CMakeFiles/matrix_vector.dir/matrix_vector/test.cpp.o
[100%] Linking CXX executable matrix_vector
gmake[3]: Leaving directory '/home/adam/mlir-aie/programming_examples/basic/matrix_multiplication/matrix_vector_4x4/_build'
[100%] Built target matrix_vector
gmake[2]: Leaving directory '/home/adam/mlir-aie/programming_examples/basic/matrix_multiplication/matrix_vector_4x4/_build'
gmake[1]: Leaving directory '/home/adam/mlir-aie/programming_examples/basic/matrix_multiplication/matrix_vector_4x4/_build'
cp _build/matrix_vector matrix_vector.exe 
export XRT_HACK_UNSECURE_LOADING_XCLBIN=1 && \
 ./matrix_vector.exe -x build/final_512x1280x1.xclbin -i build/insts_512x1280x1.txt -k MLIR_AIE -M 512 -K 1280 -N 1 -v 2 --warmup 1 --iters 1
Matrix size 512x1280x1
Sequence instr count: 408
Loading xclbin: build/final_512x1280x1.xclbin
Kernel opcode: MLIR_AIE
Name: MLIR_AIE
Registering xclbin: build/final_512x1280x1.xclbin
Getting hardware context.
Getting handle to kernel:MLIR_AIE
Writing data into buffer objects.
DTYPE_IN  = int16_t
DTYPE_OUT = int16_t
Verification tolerance 0 absolute, 0 relative.
A = 
   13457    -28205    -19666      -205     27690   ...   -27895     26930    -21440      6434     10718  
  -30406      5972      8420    -23045      5725   ...     4569     -7735     23942      3905    -15435  
   12793     24534     22596     29156      3283   ...   -16984      2790    -11058     32289    -27586  
   27802     20057     26289     15090     -4363   ...    -6885     29354    -15217    -14490     26568  
   22519    -24617    -27476    -16322    -16138   ...    11958     18394     -3666    -14297    -12951  
    ...       ...       ...       ...       ...    ...     ...       ...       ...       ...       ...   
    4092     -3627     16600     17810     16019   ...   -28986    -28847    -21145     22711    -23100  
  -29946    -32720    -11661     26017      -625   ...   -14502     32175      -554     -6554     -2725  
  -21546    -10916    -21178    -13675     20151   ...    31919     15133     28876    -21623     24480  
  -23244     15884    -12271     17953     22830   ...   -25070      1459    -21341      7078     13325  
    9333    -26971      9374     12378     25636   ...    17464     28595     16336    -14797     -3446  
B = 
   17930  
    8369  
   24103  
   31041  
   22034  
    ...   
   -2409  
    9015  
  -31612  
  -21109  
  -17024  
Running Kernel (iteration 0).
Running Kernel (iteration 1).
Verifying against reference matmul ...
Verify time: 0.00 s.

Avg NPU matmul time: 302.00us.
Avg NPU gflops: 4.34

Min NPU matmul time: 302.00us.
Max NPU gflops: 4.34

Max NPU matmul time: 302.00us.
Min NPU gflops: 4.34

PASS!

rm -rf tmpTrace parse*.json trace*json trace.txt
rm -rf build _build matrix_vector.exe
mkdir -p build
python3 /home/adam/mlir-aie/programming_examples/basic/matrix_multiplication/matrix_vector_4x4/matrix_vector.py --dev npu -M 512 -K 1536 -N 1 --dtype_in i16 --dtype_out i16 --trace_size 0 > build/aie_512x1536x1.mlir
mkdir -p build
cd build && /home/adam/mlir-aie/ironenv/lib/python3.12/site-packages/llvm-aie/bin/clang++ -O2 -std=c++20 --target=aie2-none-unknown-elf -Wno-parentheses -Wno-attributes -Wno-macro-redefined -Wno-empty-body -DNDEBUG -I /home/adam/mlir-aie/ironenv/lib/python3.12/site-packages/mlir_aie/include  -DBIT_WIDTH=8 -DDIM_M=32 -DDIM_K=32 -c /home/adam/mlir-aie/programming_examples/basic/matrix_multiplication/matrix_vector_4x4/../../../../aie_kernels/aie2/mv.cc -o mv_32x32.o
mkdir -p build
cd build && aiecc.py --alloc-scheme=basic-sequential --aie-generate-xclbin --no-compile-host --xclbin-name=final_512x1536x1.xclbin \
			 --no-xchesscc --no-xbridge --peano /home/adam/mlir-aie/ironenv/lib/python3.12/site-packages/llvm-aie \
			--aie-generate-npu-insts --npu-insts-name=insts_512x1536x1.txt ../build/aie_512x1536x1.mlir


****** Bootgen v2024.1
  **** Build date : Apr 22 2025-04:12:47
    ** Copyright 1986-2022 Xilinx, Inc. All Rights Reserved.
    ** Copyright 2022-2024 Advanced Micro Devices, Inc. All Rights Reserved.


[INFO]   : Bootimage generated successfully

Info: Embedded Metadata section is missing project.platform.device.core element, adding it.
Found xchesscc at /home/adam/libraries/vitis_aie_essential
 AIE Compilation: ━━━━━━━━━━━━━━━━━━━━━━━━━━    94% 0:00:01 0:00:00 16/17 4 Workers
Generating: /home/adam/mlir-aie/programming_examples/basic/matrix_multiplication/matrix_vector_4x4/build/aie_512x1536x1.mlir.prj/aie_cdo_elfs.bin
Generating: /home/adam/mlir-aie/programming_examples/basic/matrix_multiplication/matrix_vector_4x4/build/aie_512x1536x1.mlir.prj/aie_cdo_init.bin
Generating: /home/adam/mlir-aie/programming_examples/basic/matrix_multiplication/matrix_vector_4x4/build/aie_512x1536x1.mlir.prj/aie_cdo_enable.bin
rm -rf _build
mkdir -p _build
cd _build &&  cmake -E env CXXFLAGS="-std=c++23 -ggdb -DDTYPE_IN=int16_t -DDTYPE_OUT=int16_t -DDTYPE_ACC=int16_t" \
	cmake /home/adam/mlir-aie/programming_examples/basic/matrix_multiplication/matrix_vector_4x4/.. -D CMAKE_C_COMPILER=gcc-13 -D CMAKE_CXX_COMPILER=g++-13 -DTARGET_NAME=matrix_vector -Dsubdir=matrix_vector
CMake Deprecation Warning at CMakeLists.txt:13 (cmake_minimum_required):
  Compatibility with CMake < 3.10 will be removed from a future version of
  CMake.

  Update the VERSION argument <min> value.  Or, use the <min>...<max> syntax
  to tell CMake that the project requires at least <min> but has been updated
  to work with policies introduced by <max> or earlier.


-- The C compiler identification is GNU 13.3.0
-- The CXX compiler identification is GNU 13.3.0
-- Detecting C compiler ABI info
-- Detecting C compiler ABI info - done
-- Check for working C compiler: /usr/bin/gcc-13 - skipped
-- Detecting C compile features
-- Detecting C compile features - done
-- Detecting CXX compiler ABI info
-- Detecting CXX compiler ABI info - done
-- Check for working CXX compiler: /usr/bin/g++-13 - skipped
-- Detecting CXX compile features
-- Detecting CXX compile features - done
-- Configuring done (0.2s)
-- Generating done (0.0s)
-- Build files have been written to: /home/adam/mlir-aie/programming_examples/basic/matrix_multiplication/matrix_vector_4x4/_build
cd _build &&  cmake --build . --config Release
gmake[1]: Entering directory '/home/adam/mlir-aie/programming_examples/basic/matrix_multiplication/matrix_vector_4x4/_build'
gmake[2]: Entering directory '/home/adam/mlir-aie/programming_examples/basic/matrix_multiplication/matrix_vector_4x4/_build'
gmake[3]: Entering directory '/home/adam/mlir-aie/programming_examples/basic/matrix_multiplication/matrix_vector_4x4/_build'
gmake[3]: Leaving directory '/home/adam/mlir-aie/programming_examples/basic/matrix_multiplication/matrix_vector_4x4/_build'
gmake[3]: Entering directory '/home/adam/mlir-aie/programming_examples/basic/matrix_multiplication/matrix_vector_4x4/_build'
[ 33%] Building CXX object CMakeFiles/matrix_vector.dir/home/adam/mlir-aie/runtime_lib/test_lib/test_utils.cpp.o
[ 66%] Building CXX object CMakeFiles/matrix_vector.dir/matrix_vector/test.cpp.o
[100%] Linking CXX executable matrix_vector
gmake[3]: Leaving directory '/home/adam/mlir-aie/programming_examples/basic/matrix_multiplication/matrix_vector_4x4/_build'
[100%] Built target matrix_vector
gmake[2]: Leaving directory '/home/adam/mlir-aie/programming_examples/basic/matrix_multiplication/matrix_vector_4x4/_build'
gmake[1]: Leaving directory '/home/adam/mlir-aie/programming_examples/basic/matrix_multiplication/matrix_vector_4x4/_build'
cp _build/matrix_vector matrix_vector.exe 
export XRT_HACK_UNSECURE_LOADING_XCLBIN=1 && \
 ./matrix_vector.exe -x build/final_512x1536x1.xclbin -i build/insts_512x1536x1.txt -k MLIR_AIE -M 512 -K 1536 -N 1 -v 2 --warmup 1 --iters 1
Matrix size 512x1536x1
Sequence instr count: 408
Loading xclbin: build/final_512x1536x1.xclbin
Kernel opcode: MLIR_AIE
Name: MLIR_AIE
Registering xclbin: build/final_512x1536x1.xclbin
Getting hardware context.
Getting handle to kernel:MLIR_AIE
Writing data into buffer objects.
DTYPE_IN  = int16_t
DTYPE_OUT = int16_t
Verification tolerance 0 absolute, 0 relative.
A = 
   13457    -28205    -19666      -205     27690   ...     1142    -17068    -29328      2901     31216  
  -29798      9724    -21391     -7037      -616   ...    12253     19015    -31779    -15583     30261  
  -27185    -27058    -18100    -26436     10876   ...    11950    -25277    -22695     19736      3576  
  -23340      6832    -15019     24934    -24835   ...    22623      7961    -20902     -8833     -9951  
   10422      7551     13156    -16341     32222   ...    29876     18072    -19890    -12283    -25212  
    ...       ...       ...       ...       ...    ...     ...       ...       ...       ...       ...   
   19534    -22105     15934     -2452    -22444   ...    -6373    -23252     30810     11114    -27213  
    -521    -24448      9619       168     31954   ...    -5677    -32269    -16663      3107      8417  
   23092     10248     13444    -27571    -32330   ...    19257    -24456     28693     -6371     -1365  
   31759     -2099      5034    -24744       -61   ...   -26269     19779    -13966    -23582    -17517  
    9450     29680      8291     22714    -28540   ...    23576      4010    -19738     -5316     19680  
B = 
  -17491  
   21029  
   24786  
   31317  
   12892  
    ...   
   -7784  
    5148  
   24679  
   -8460  
   31519  
Running Kernel (iteration 0).
Running Kernel (iteration 1).
Verifying against reference matmul ...
Verify time: 0.00 s.

Avg NPU matmul time: 375.00us.
Avg NPU gflops: 4.19

Min NPU matmul time: 375.00us.
Max NPU gflops: 4.19

Max NPU matmul time: 375.00us.
Min NPU gflops: 4.19

PASS!

rm -rf tmpTrace parse*.json trace*json trace.txt
rm -rf build _build matrix_vector.exe
mkdir -p build
python3 /home/adam/mlir-aie/programming_examples/basic/matrix_multiplication/matrix_vector_4x4/matrix_vector.py --dev npu -M 512 -K 1792 -N 1 --dtype_in i16 --dtype_out i16 --trace_size 0 > build/aie_512x1792x1.mlir
mkdir -p build
cd build && /home/adam/mlir-aie/ironenv/lib/python3.12/site-packages/llvm-aie/bin/clang++ -O2 -std=c++20 --target=aie2-none-unknown-elf -Wno-parentheses -Wno-attributes -Wno-macro-redefined -Wno-empty-body -DNDEBUG -I /home/adam/mlir-aie/ironenv/lib/python3.12/site-packages/mlir_aie/include  -DBIT_WIDTH=8 -DDIM_M=32 -DDIM_K=32 -c /home/adam/mlir-aie/programming_examples/basic/matrix_multiplication/matrix_vector_4x4/../../../../aie_kernels/aie2/mv.cc -o mv_32x32.o
mkdir -p build
cd build && aiecc.py --alloc-scheme=basic-sequential --aie-generate-xclbin --no-compile-host --xclbin-name=final_512x1792x1.xclbin \
			 --no-xchesscc --no-xbridge --peano /home/adam/mlir-aie/ironenv/lib/python3.12/site-packages/llvm-aie \
			--aie-generate-npu-insts --npu-insts-name=insts_512x1792x1.txt ../build/aie_512x1792x1.mlir


****** Bootgen v2024.1
  **** Build date : Apr 22 2025-04:12:47
    ** Copyright 1986-2022 Xilinx, Inc. All Rights Reserved.
    ** Copyright 2022-2024 Advanced Micro Devices, Inc. All Rights Reserved.


[INFO]   : Bootimage generated successfully

Info: Embedded Metadata section is missing project.platform.device.core element, adding it.
Found xchesscc at /home/adam/libraries/vitis_aie_essential
 AIE Compilation: ━━━━━━━━━━━━━━━━━━━━━━━━━━    94% 0:00:01 0:00:00 16/17 4 Workers
Generating: /home/adam/mlir-aie/programming_examples/basic/matrix_multiplication/matrix_vector_4x4/build/aie_512x1792x1.mlir.prj/aie_cdo_elfs.bin
Generating: /home/adam/mlir-aie/programming_examples/basic/matrix_multiplication/matrix_vector_4x4/build/aie_512x1792x1.mlir.prj/aie_cdo_init.bin
Generating: /home/adam/mlir-aie/programming_examples/basic/matrix_multiplication/matrix_vector_4x4/build/aie_512x1792x1.mlir.prj/aie_cdo_enable.bin
rm -rf _build
mkdir -p _build
cd _build &&  cmake -E env CXXFLAGS="-std=c++23 -ggdb -DDTYPE_IN=int16_t -DDTYPE_OUT=int16_t -DDTYPE_ACC=int16_t" \
	cmake /home/adam/mlir-aie/programming_examples/basic/matrix_multiplication/matrix_vector_4x4/.. -D CMAKE_C_COMPILER=gcc-13 -D CMAKE_CXX_COMPILER=g++-13 -DTARGET_NAME=matrix_vector -Dsubdir=matrix_vector
CMake Deprecation Warning at CMakeLists.txt:13 (cmake_minimum_required):
  Compatibility with CMake < 3.10 will be removed from a future version of
  CMake.

  Update the VERSION argument <min> value.  Or, use the <min>...<max> syntax
  to tell CMake that the project requires at least <min> but has been updated
  to work with policies introduced by <max> or earlier.


-- The C compiler identification is GNU 13.3.0
-- The CXX compiler identification is GNU 13.3.0
-- Detecting C compiler ABI info
-- Detecting C compiler ABI info - done
-- Check for working C compiler: /usr/bin/gcc-13 - skipped
-- Detecting C compile features
-- Detecting C compile features - done
-- Detecting CXX compiler ABI info
-- Detecting CXX compiler ABI info - done
-- Check for working CXX compiler: /usr/bin/g++-13 - skipped
-- Detecting CXX compile features
-- Detecting CXX compile features - done
-- Configuring done (0.2s)
-- Generating done (0.0s)
-- Build files have been written to: /home/adam/mlir-aie/programming_examples/basic/matrix_multiplication/matrix_vector_4x4/_build
cd _build &&  cmake --build . --config Release
gmake[1]: Entering directory '/home/adam/mlir-aie/programming_examples/basic/matrix_multiplication/matrix_vector_4x4/_build'
gmake[2]: Entering directory '/home/adam/mlir-aie/programming_examples/basic/matrix_multiplication/matrix_vector_4x4/_build'
gmake[3]: Entering directory '/home/adam/mlir-aie/programming_examples/basic/matrix_multiplication/matrix_vector_4x4/_build'
gmake[3]: Leaving directory '/home/adam/mlir-aie/programming_examples/basic/matrix_multiplication/matrix_vector_4x4/_build'
gmake[3]: Entering directory '/home/adam/mlir-aie/programming_examples/basic/matrix_multiplication/matrix_vector_4x4/_build'
[ 33%] Building CXX object CMakeFiles/matrix_vector.dir/home/adam/mlir-aie/runtime_lib/test_lib/test_utils.cpp.o
[ 66%] Building CXX object CMakeFiles/matrix_vector.dir/matrix_vector/test.cpp.o
[100%] Linking CXX executable matrix_vector
gmake[3]: Leaving directory '/home/adam/mlir-aie/programming_examples/basic/matrix_multiplication/matrix_vector_4x4/_build'
[100%] Built target matrix_vector
gmake[2]: Leaving directory '/home/adam/mlir-aie/programming_examples/basic/matrix_multiplication/matrix_vector_4x4/_build'
gmake[1]: Leaving directory '/home/adam/mlir-aie/programming_examples/basic/matrix_multiplication/matrix_vector_4x4/_build'
cp _build/matrix_vector matrix_vector.exe 
export XRT_HACK_UNSECURE_LOADING_XCLBIN=1 && \
 ./matrix_vector.exe -x build/final_512x1792x1.xclbin -i build/insts_512x1792x1.txt -k MLIR_AIE -M 512 -K 1792 -N 1 -v 2 --warmup 1 --iters 1
Matrix size 512x1792x1
Sequence instr count: 408
Loading xclbin: build/final_512x1792x1.xclbin
Kernel opcode: MLIR_AIE
Name: MLIR_AIE
Registering xclbin: build/final_512x1792x1.xclbin
Getting hardware context.
Getting handle to kernel:MLIR_AIE
Writing data into buffer objects.
DTYPE_IN  = int16_t
DTYPE_OUT = int16_t
Verification tolerance 0 absolute, 0 relative.
A = 
   13457    -28205    -19666      -205     27690   ...   -26500     18204    -30790     16385     11310  
   -6079    -21280     23624     16276    -25475   ...   -16215     -7445     24823     -3592    -29401  
  -19727    -10493     -6400    -21983     23367   ...    -1499      2831    -18206     12888     11022  
   17017     -4003     22352       750     -3608   ...   -27285     25613    -12121    -14906     19522  
    6246      -530    -21554    -24320      8726   ...     9498    -27014    -10486    -30237     29033  
    ...       ...       ...       ...       ...    ...     ...       ...       ...       ...       ...   
    5143    -21199     13481      3384     13807   ...   -23553     13205    -14936    -19674     27912  
   10179    -17722     -4319     12841    -19615   ...   -19483     23653    -20257    -13892    -21587  
   24725     25639      9318      8262     24909   ...   -19657     20240     23630     12315    -10820  
  -24793     32038     25999    -20114    -29897   ...     9185     28719     29722     25392     27249  
   29603     25217    -13835    -13981     11285   ...   -32393     31688      2168    -23236    -28236  
B = 
  -26726  
  -17971  
   -3929  
  -26212  
    1257  
    ...   
  -32156  
     811  
  -27516  
   18522  
   -1548  
Running Kernel (iteration 0).
Running Kernel (iteration 1).
Verifying against reference matmul ...
Verify time: 0.00 s.

Avg NPU matmul time: 333.00us.
Avg NPU gflops: 5.51

Min NPU matmul time: 333.00us.
Max NPU gflops: 5.51

Max NPU matmul time: 333.00us.
Min NPU gflops: 5.51

PASS!

rm -rf tmpTrace parse*.json trace*json trace.txt
rm -rf build _build matrix_vector.exe
mkdir -p build
python3 /home/adam/mlir-aie/programming_examples/basic/matrix_multiplication/matrix_vector_4x4/matrix_vector.py --dev npu -M 512 -K 2048 -N 1 --dtype_in i16 --dtype_out i16 --trace_size 0 > build/aie_512x2048x1.mlir
mkdir -p build
cd build && /home/adam/mlir-aie/ironenv/lib/python3.12/site-packages/llvm-aie/bin/clang++ -O2 -std=c++20 --target=aie2-none-unknown-elf -Wno-parentheses -Wno-attributes -Wno-macro-redefined -Wno-empty-body -DNDEBUG -I /home/adam/mlir-aie/ironenv/lib/python3.12/site-packages/mlir_aie/include  -DBIT_WIDTH=8 -DDIM_M=32 -DDIM_K=32 -c /home/adam/mlir-aie/programming_examples/basic/matrix_multiplication/matrix_vector_4x4/../../../../aie_kernels/aie2/mv.cc -o mv_32x32.o
mkdir -p build
cd build && aiecc.py --alloc-scheme=basic-sequential --aie-generate-xclbin --no-compile-host --xclbin-name=final_512x2048x1.xclbin \
			 --no-xchesscc --no-xbridge --peano /home/adam/mlir-aie/ironenv/lib/python3.12/site-packages/llvm-aie \
			--aie-generate-npu-insts --npu-insts-name=insts_512x2048x1.txt ../build/aie_512x2048x1.mlir


****** Bootgen v2024.1
  **** Build date : Apr 22 2025-04:12:47
    ** Copyright 1986-2022 Xilinx, Inc. All Rights Reserved.
    ** Copyright 2022-2024 Advanced Micro Devices, Inc. All Rights Reserved.


[INFO]   : Bootimage generated successfully

Info: Embedded Metadata section is missing project.platform.device.core element, adding it.
Found xchesscc at /home/adam/libraries/vitis_aie_essential
 AIE Compilation: ━━━━━━━━━━━━━━━━━━━━━━━━━━    94% 0:00:01 0:00:00 16/17 4 Workers
Generating: /home/adam/mlir-aie/programming_examples/basic/matrix_multiplication/matrix_vector_4x4/build/aie_512x2048x1.mlir.prj/aie_cdo_elfs.bin
Generating: /home/adam/mlir-aie/programming_examples/basic/matrix_multiplication/matrix_vector_4x4/build/aie_512x2048x1.mlir.prj/aie_cdo_init.bin
Generating: /home/adam/mlir-aie/programming_examples/basic/matrix_multiplication/matrix_vector_4x4/build/aie_512x2048x1.mlir.prj/aie_cdo_enable.bin
rm -rf _build
mkdir -p _build
cd _build &&  cmake -E env CXXFLAGS="-std=c++23 -ggdb -DDTYPE_IN=int16_t -DDTYPE_OUT=int16_t -DDTYPE_ACC=int16_t" \
	cmake /home/adam/mlir-aie/programming_examples/basic/matrix_multiplication/matrix_vector_4x4/.. -D CMAKE_C_COMPILER=gcc-13 -D CMAKE_CXX_COMPILER=g++-13 -DTARGET_NAME=matrix_vector -Dsubdir=matrix_vector
CMake Deprecation Warning at CMakeLists.txt:13 (cmake_minimum_required):
  Compatibility with CMake < 3.10 will be removed from a future version of
  CMake.

  Update the VERSION argument <min> value.  Or, use the <min>...<max> syntax
  to tell CMake that the project requires at least <min> but has been updated
  to work with policies introduced by <max> or earlier.


-- The C compiler identification is GNU 13.3.0
-- The CXX compiler identification is GNU 13.3.0
-- Detecting C compiler ABI info
-- Detecting C compiler ABI info - done
-- Check for working C compiler: /usr/bin/gcc-13 - skipped
-- Detecting C compile features
-- Detecting C compile features - done
-- Detecting CXX compiler ABI info
-- Detecting CXX compiler ABI info - done
-- Check for working CXX compiler: /usr/bin/g++-13 - skipped
-- Detecting CXX compile features
-- Detecting CXX compile features - done
-- Configuring done (0.2s)
-- Generating done (0.0s)
-- Build files have been written to: /home/adam/mlir-aie/programming_examples/basic/matrix_multiplication/matrix_vector_4x4/_build
cd _build &&  cmake --build . --config Release
gmake[1]: Entering directory '/home/adam/mlir-aie/programming_examples/basic/matrix_multiplication/matrix_vector_4x4/_build'
gmake[2]: Entering directory '/home/adam/mlir-aie/programming_examples/basic/matrix_multiplication/matrix_vector_4x4/_build'
gmake[3]: Entering directory '/home/adam/mlir-aie/programming_examples/basic/matrix_multiplication/matrix_vector_4x4/_build'
gmake[3]: Leaving directory '/home/adam/mlir-aie/programming_examples/basic/matrix_multiplication/matrix_vector_4x4/_build'
gmake[3]: Entering directory '/home/adam/mlir-aie/programming_examples/basic/matrix_multiplication/matrix_vector_4x4/_build'
[ 33%] Building CXX object CMakeFiles/matrix_vector.dir/home/adam/mlir-aie/runtime_lib/test_lib/test_utils.cpp.o
[ 66%] Building CXX object CMakeFiles/matrix_vector.dir/matrix_vector/test.cpp.o
[100%] Linking CXX executable matrix_vector
gmake[3]: Leaving directory '/home/adam/mlir-aie/programming_examples/basic/matrix_multiplication/matrix_vector_4x4/_build'
[100%] Built target matrix_vector
gmake[2]: Leaving directory '/home/adam/mlir-aie/programming_examples/basic/matrix_multiplication/matrix_vector_4x4/_build'
gmake[1]: Leaving directory '/home/adam/mlir-aie/programming_examples/basic/matrix_multiplication/matrix_vector_4x4/_build'
cp _build/matrix_vector matrix_vector.exe 
export XRT_HACK_UNSECURE_LOADING_XCLBIN=1 && \
 ./matrix_vector.exe -x build/final_512x2048x1.xclbin -i build/insts_512x2048x1.txt -k MLIR_AIE -M 512 -K 2048 -N 1 -v 2 --warmup 1 --iters 1
Matrix size 512x2048x1
Sequence instr count: 408
Loading xclbin: build/final_512x2048x1.xclbin
Kernel opcode: MLIR_AIE
Name: MLIR_AIE
Registering xclbin: build/final_512x2048x1.xclbin
Getting hardware context.
Getting handle to kernel:MLIR_AIE
Writing data into buffer objects.
DTYPE_IN  = int16_t
DTYPE_OUT = int16_t
Verification tolerance 0 absolute, 0 relative.
A = 
   13457    -28205    -19666      -205     27690   ...   -20578      4098    -23419     -7351    -10163  
    5010    -22765    -18207     13956    -18539   ...     9403    -21376    -24766     23857     21679  
  -28747    -14421      8350     25515     20987   ...    22623      7961    -20902     -8833     -9951  
   10422      7551     13156    -16341     32222   ...   -19013     -9651    -16592     23388     19710  
   19875     27255    -32144    -31314    -10181   ...     -138      9353    -16851        47     13122  
    ...       ...       ...       ...       ...    ...     ...       ...       ...       ...       ...   
   12904     -1807    -17037     28788     26410   ...   -18412     20635    -27630     18075      8001  
  -29750     -5472    -10370    -30861    -31758   ...    -2402    -23386     14718    -18652    -26268  
   -4435    -27325     22143     19337     -8232   ...     3533    -28082    -25593    -22605    -18856  
  -14766     25975    -23105    -30093    -27177   ...     1070      -489      7928    -14788    -17967  
  -16102     27383      1888     -7170    -15233   ...      673    -25264      3715     30810      6623  
B = 
    8580  
    6182  
    2754  
     994  
   -2450  
    ...   
   -1496  
  -25478  
   -8540  
   28762  
   -3892  
Running Kernel (iteration 0).
Running Kernel (iteration 1).
Verifying against reference matmul ...
Verify time: 0.00 s.

Avg NPU matmul time: 448.00us.
Avg NPU gflops: 4.68

Min NPU matmul time: 448.00us.
Max NPU gflops: 4.68

Max NPU matmul time: 448.00us.
Min NPU gflops: 4.68

PASS!

rm -rf tmpTrace parse*.json trace*json trace.txt
rm -rf build _build matrix_vector.exe
mkdir -p build
python3 /home/adam/mlir-aie/programming_examples/basic/matrix_multiplication/matrix_vector_4x4/matrix_vector.py --dev npu -M 1024 -K 256 -N 1 --dtype_in i16 --dtype_out i16 --trace_size 0 > build/aie_1024x256x1.mlir
mkdir -p build
cd build && /home/adam/mlir-aie/ironenv/lib/python3.12/site-packages/llvm-aie/bin/clang++ -O2 -std=c++20 --target=aie2-none-unknown-elf -Wno-parentheses -Wno-attributes -Wno-macro-redefined -Wno-empty-body -DNDEBUG -I /home/adam/mlir-aie/ironenv/lib/python3.12/site-packages/mlir_aie/include  -DBIT_WIDTH=8 -DDIM_M=32 -DDIM_K=32 -c /home/adam/mlir-aie/programming_examples/basic/matrix_multiplication/matrix_vector_4x4/../../../../aie_kernels/aie2/mv.cc -o mv_32x32.o
mkdir -p build
cd build && aiecc.py --alloc-scheme=basic-sequential --aie-generate-xclbin --no-compile-host --xclbin-name=final_1024x256x1.xclbin \
			 --no-xchesscc --no-xbridge --peano /home/adam/mlir-aie/ironenv/lib/python3.12/site-packages/llvm-aie \
			--aie-generate-npu-insts --npu-insts-name=insts_1024x256x1.txt ../build/aie_1024x256x1.mlir


****** Bootgen v2024.1
  **** Build date : Apr 22 2025-04:12:47
    ** Copyright 1986-2022 Xilinx, Inc. All Rights Reserved.
    ** Copyright 2022-2024 Advanced Micro Devices, Inc. All Rights Reserved.


[INFO]   : Bootimage generated successfully

Info: Embedded Metadata section is missing project.platform.device.core element, adding it.
Found xchesscc at /home/adam/libraries/vitis_aie_essential
 AIE Compilation: ━━━━━━━━━━━━━━━━━━━━━━━━━━    94% 0:00:01 0:00:00 16/17 4 Workers
Generating: /home/adam/mlir-aie/programming_examples/basic/matrix_multiplication/matrix_vector_4x4/build/aie_1024x256x1.mlir.prj/aie_cdo_elfs.bin
Generating: /home/adam/mlir-aie/programming_examples/basic/matrix_multiplication/matrix_vector_4x4/build/aie_1024x256x1.mlir.prj/aie_cdo_init.bin
Generating: /home/adam/mlir-aie/programming_examples/basic/matrix_multiplication/matrix_vector_4x4/build/aie_1024x256x1.mlir.prj/aie_cdo_enable.bin
rm -rf _build
mkdir -p _build
cd _build &&  cmake -E env CXXFLAGS="-std=c++23 -ggdb -DDTYPE_IN=int16_t -DDTYPE_OUT=int16_t -DDTYPE_ACC=int16_t" \
	cmake /home/adam/mlir-aie/programming_examples/basic/matrix_multiplication/matrix_vector_4x4/.. -D CMAKE_C_COMPILER=gcc-13 -D CMAKE_CXX_COMPILER=g++-13 -DTARGET_NAME=matrix_vector -Dsubdir=matrix_vector
CMake Deprecation Warning at CMakeLists.txt:13 (cmake_minimum_required):
  Compatibility with CMake < 3.10 will be removed from a future version of
  CMake.

  Update the VERSION argument <min> value.  Or, use the <min>...<max> syntax
  to tell CMake that the project requires at least <min> but has been updated
  to work with policies introduced by <max> or earlier.


-- The C compiler identification is GNU 13.3.0
-- The CXX compiler identification is GNU 13.3.0
-- Detecting C compiler ABI info
-- Detecting C compiler ABI info - done
-- Check for working C compiler: /usr/bin/gcc-13 - skipped
-- Detecting C compile features
-- Detecting C compile features - done
-- Detecting CXX compiler ABI info
-- Detecting CXX compiler ABI info - done
-- Check for working CXX compiler: /usr/bin/g++-13 - skipped
-- Detecting CXX compile features
-- Detecting CXX compile features - done
-- Configuring done (0.2s)
-- Generating done (0.0s)
-- Build files have been written to: /home/adam/mlir-aie/programming_examples/basic/matrix_multiplication/matrix_vector_4x4/_build
cd _build &&  cmake --build . --config Release
gmake[1]: Entering directory '/home/adam/mlir-aie/programming_examples/basic/matrix_multiplication/matrix_vector_4x4/_build'
gmake[2]: Entering directory '/home/adam/mlir-aie/programming_examples/basic/matrix_multiplication/matrix_vector_4x4/_build'
gmake[3]: Entering directory '/home/adam/mlir-aie/programming_examples/basic/matrix_multiplication/matrix_vector_4x4/_build'
gmake[3]: Leaving directory '/home/adam/mlir-aie/programming_examples/basic/matrix_multiplication/matrix_vector_4x4/_build'
gmake[3]: Entering directory '/home/adam/mlir-aie/programming_examples/basic/matrix_multiplication/matrix_vector_4x4/_build'
[ 33%] Building CXX object CMakeFiles/matrix_vector.dir/home/adam/mlir-aie/runtime_lib/test_lib/test_utils.cpp.o
[ 66%] Building CXX object CMakeFiles/matrix_vector.dir/matrix_vector/test.cpp.o
[100%] Linking CXX executable matrix_vector
gmake[3]: Leaving directory '/home/adam/mlir-aie/programming_examples/basic/matrix_multiplication/matrix_vector_4x4/_build'
[100%] Built target matrix_vector
gmake[2]: Leaving directory '/home/adam/mlir-aie/programming_examples/basic/matrix_multiplication/matrix_vector_4x4/_build'
gmake[1]: Leaving directory '/home/adam/mlir-aie/programming_examples/basic/matrix_multiplication/matrix_vector_4x4/_build'
cp _build/matrix_vector matrix_vector.exe 
export XRT_HACK_UNSECURE_LOADING_XCLBIN=1 && \
 ./matrix_vector.exe -x build/final_1024x256x1.xclbin -i build/insts_1024x256x1.txt -k MLIR_AIE -M 1024 -K 256 -N 1 -v 2 --warmup 1 --iters 1
Matrix size 1024x256x1
Sequence instr count: 812
Loading xclbin: build/final_1024x256x1.xclbin
Kernel opcode: MLIR_AIE
Name: MLIR_AIE
Registering xclbin: build/final_1024x256x1.xclbin
Getting hardware context.
Getting handle to kernel:MLIR_AIE
Writing data into buffer objects.
DTYPE_IN  = int16_t
DTYPE_OUT = int16_t
Verification tolerance 0 absolute, 0 relative.
A = 
   13457    -28205    -19666      -205     27690   ...   -15908      2818     13271     20176      1139  
  -22748    -18634    -24352    -28232     16906   ...   -26606     17471     14977     26768    -31858  
  -16861    -29938     14143      4492    -19464   ...     5846     -9503     27819    -21381       133  
  -29481     16407    -19656    -17830      3633   ...   -24288     17254    -27732     13616      9265  
    8270      7756    -21346    -28428      2391   ...   -27895     26930    -21440      6434     10718  
    ...       ...       ...       ...       ...    ...     ...       ...       ...       ...       ...   
   17525     -5607     10227    -21884    -19461   ...   -31813    -13302       149     29710    -29166  
    8993       610     -7841     24845     24293   ...   -19895    -14699     26995       577     32055  
  -24972     -4367     21643    -30376     13049   ...    19551    -11616    -12650    -22231     -3010  
  -27602    -23398      4521    -14910     -4574   ...    30453     16881     28830    -17924     12631  
   13468    -24591    -16484     27849     27583   ...   -18808     14938     23930      8681    -15178  
B = 
   26421  
   -6441  
    9708  
     281  
  -31133  
    ...   
   23277  
   32152  
   30688  
   21529  
  -24609  
Running Kernel (iteration 0).
Running Kernel (iteration 1).
Verifying against reference matmul ...
Verify time: 0.00 s.

Avg NPU matmul time: 291.00us.
Avg NPU gflops: 1.80

Min NPU matmul time: 291.00us.
Max NPU gflops: 1.80

Max NPU matmul time: 291.00us.
Min NPU gflops: 1.80

PASS!

rm -rf tmpTrace parse*.json trace*json trace.txt
rm -rf build _build matrix_vector.exe
mkdir -p build
python3 /home/adam/mlir-aie/programming_examples/basic/matrix_multiplication/matrix_vector_4x4/matrix_vector.py --dev npu -M 1024 -K 512 -N 1 --dtype_in i16 --dtype_out i16 --trace_size 0 > build/aie_1024x512x1.mlir
mkdir -p build
cd build && /home/adam/mlir-aie/ironenv/lib/python3.12/site-packages/llvm-aie/bin/clang++ -O2 -std=c++20 --target=aie2-none-unknown-elf -Wno-parentheses -Wno-attributes -Wno-macro-redefined -Wno-empty-body -DNDEBUG -I /home/adam/mlir-aie/ironenv/lib/python3.12/site-packages/mlir_aie/include  -DBIT_WIDTH=8 -DDIM_M=32 -DDIM_K=32 -c /home/adam/mlir-aie/programming_examples/basic/matrix_multiplication/matrix_vector_4x4/../../../../aie_kernels/aie2/mv.cc -o mv_32x32.o
mkdir -p build
cd build && aiecc.py --alloc-scheme=basic-sequential --aie-generate-xclbin --no-compile-host --xclbin-name=final_1024x512x1.xclbin \
			 --no-xchesscc --no-xbridge --peano /home/adam/mlir-aie/ironenv/lib/python3.12/site-packages/llvm-aie \
			--aie-generate-npu-insts --npu-insts-name=insts_1024x512x1.txt ../build/aie_1024x512x1.mlir


****** Bootgen v2024.1
  **** Build date : Apr 22 2025-04:12:47
    ** Copyright 1986-2022 Xilinx, Inc. All Rights Reserved.
    ** Copyright 2022-2024 Advanced Micro Devices, Inc. All Rights Reserved.


[INFO]   : Bootimage generated successfully

Info: Embedded Metadata section is missing project.platform.device.core element, adding it.
Found xchesscc at /home/adam/libraries/vitis_aie_essential
 AIE Compilation: ━━━━━━━━━━━━━━━━━━━━━━━━━━    94% 0:00:01 0:00:00 16/17 4 Workers
Generating: /home/adam/mlir-aie/programming_examples/basic/matrix_multiplication/matrix_vector_4x4/build/aie_1024x512x1.mlir.prj/aie_cdo_elfs.bin
Generating: /home/adam/mlir-aie/programming_examples/basic/matrix_multiplication/matrix_vector_4x4/build/aie_1024x512x1.mlir.prj/aie_cdo_init.bin
Generating: /home/adam/mlir-aie/programming_examples/basic/matrix_multiplication/matrix_vector_4x4/build/aie_1024x512x1.mlir.prj/aie_cdo_enable.bin
rm -rf _build
mkdir -p _build
cd _build &&  cmake -E env CXXFLAGS="-std=c++23 -ggdb -DDTYPE_IN=int16_t -DDTYPE_OUT=int16_t -DDTYPE_ACC=int16_t" \
	cmake /home/adam/mlir-aie/programming_examples/basic/matrix_multiplication/matrix_vector_4x4/.. -D CMAKE_C_COMPILER=gcc-13 -D CMAKE_CXX_COMPILER=g++-13 -DTARGET_NAME=matrix_vector -Dsubdir=matrix_vector
CMake Deprecation Warning at CMakeLists.txt:13 (cmake_minimum_required):
  Compatibility with CMake < 3.10 will be removed from a future version of
  CMake.

  Update the VERSION argument <min> value.  Or, use the <min>...<max> syntax
  to tell CMake that the project requires at least <min> but has been updated
  to work with policies introduced by <max> or earlier.


-- The C compiler identification is GNU 13.3.0
-- The CXX compiler identification is GNU 13.3.0
-- Detecting C compiler ABI info
-- Detecting C compiler ABI info - done
-- Check for working C compiler: /usr/bin/gcc-13 - skipped
-- Detecting C compile features
-- Detecting C compile features - done
-- Detecting CXX compiler ABI info
-- Detecting CXX compiler ABI info - done
-- Check for working CXX compiler: /usr/bin/g++-13 - skipped
-- Detecting CXX compile features
-- Detecting CXX compile features - done
-- Configuring done (0.2s)
-- Generating done (0.0s)
-- Build files have been written to: /home/adam/mlir-aie/programming_examples/basic/matrix_multiplication/matrix_vector_4x4/_build
cd _build &&  cmake --build . --config Release
gmake[1]: Entering directory '/home/adam/mlir-aie/programming_examples/basic/matrix_multiplication/matrix_vector_4x4/_build'
gmake[2]: Entering directory '/home/adam/mlir-aie/programming_examples/basic/matrix_multiplication/matrix_vector_4x4/_build'
gmake[3]: Entering directory '/home/adam/mlir-aie/programming_examples/basic/matrix_multiplication/matrix_vector_4x4/_build'
gmake[3]: Leaving directory '/home/adam/mlir-aie/programming_examples/basic/matrix_multiplication/matrix_vector_4x4/_build'
gmake[3]: Entering directory '/home/adam/mlir-aie/programming_examples/basic/matrix_multiplication/matrix_vector_4x4/_build'
[ 33%] Building CXX object CMakeFiles/matrix_vector.dir/home/adam/mlir-aie/runtime_lib/test_lib/test_utils.cpp.o
[ 66%] Building CXX object CMakeFiles/matrix_vector.dir/matrix_vector/test.cpp.o
[100%] Linking CXX executable matrix_vector
gmake[3]: Leaving directory '/home/adam/mlir-aie/programming_examples/basic/matrix_multiplication/matrix_vector_4x4/_build'
[100%] Built target matrix_vector
gmake[2]: Leaving directory '/home/adam/mlir-aie/programming_examples/basic/matrix_multiplication/matrix_vector_4x4/_build'
gmake[1]: Leaving directory '/home/adam/mlir-aie/programming_examples/basic/matrix_multiplication/matrix_vector_4x4/_build'
cp _build/matrix_vector matrix_vector.exe 
export XRT_HACK_UNSECURE_LOADING_XCLBIN=1 && \
 ./matrix_vector.exe -x build/final_1024x512x1.xclbin -i build/insts_1024x512x1.txt -k MLIR_AIE -M 1024 -K 512 -N 1 -v 2 --warmup 1 --iters 1
Matrix size 1024x512x1
Sequence instr count: 812
Loading xclbin: build/final_1024x512x1.xclbin
Kernel opcode: MLIR_AIE
Name: MLIR_AIE
Registering xclbin: build/final_1024x512x1.xclbin
Getting hardware context.
Getting handle to kernel:MLIR_AIE
Writing data into buffer objects.
DTYPE_IN  = int16_t
DTYPE_OUT = int16_t
Verification tolerance 0 absolute, 0 relative.
A = 
   13457    -28205    -19666      -205     27690   ...   -26606     17471     14977     26768    -31858  
  -16861    -29938     14143      4492    -19464   ...   -24288     17254    -27732     13616      9265  
    8270      7756    -21346    -28428      2391   ...     1142    -17068    -29328      2901     31216  
  -29798      9724    -21391     -7037      -616   ...   -20578      4098    -23419     -7351    -10163  
    5010    -22765    -18207     13956    -18539   ...     4569     -7735     23942      3905    -15435  
    ...       ...       ...       ...       ...    ...     ...       ...       ...       ...       ...   
  -22205      4852    -32103     -1027    -13221   ...    -2388    -17623     23665      1528    -31084  
   -2058     12554      1675    -27554    -27711   ...    19337     17826     22966    -25149     27143  
  -30233    -21250    -32376     26974    -20076   ...    16333     18274       704     19368     18035  
  -28296     24213    -23103    -24677      9359   ...   -30341      2495     -8241     24946    -10734  
   15286    -15266    -26584    -24481     16957   ...   -29323     30481     27279      7209    -17433  
B = 
   17727  
    8186  
    7918  
    3109  
  -26790  
    ...   
    6568  
  -14617  
   16716  
   20841  
    4408  
Running Kernel (iteration 0).
Running Kernel (iteration 1).
Verifying against reference matmul ...
Verify time: 0.00 s.

Avg NPU matmul time: 435.00us.
Avg NPU gflops: 2.41

Min NPU matmul time: 435.00us.
Max NPU gflops: 2.41

Max NPU matmul time: 435.00us.
Min NPU gflops: 2.41

PASS!

rm -rf tmpTrace parse*.json trace*json trace.txt
rm -rf build _build matrix_vector.exe
mkdir -p build
python3 /home/adam/mlir-aie/programming_examples/basic/matrix_multiplication/matrix_vector_4x4/matrix_vector.py --dev npu -M 1024 -K 768 -N 1 --dtype_in i16 --dtype_out i16 --trace_size 0 > build/aie_1024x768x1.mlir
mkdir -p build
cd build && /home/adam/mlir-aie/ironenv/lib/python3.12/site-packages/llvm-aie/bin/clang++ -O2 -std=c++20 --target=aie2-none-unknown-elf -Wno-parentheses -Wno-attributes -Wno-macro-redefined -Wno-empty-body -DNDEBUG -I /home/adam/mlir-aie/ironenv/lib/python3.12/site-packages/mlir_aie/include  -DBIT_WIDTH=8 -DDIM_M=32 -DDIM_K=32 -c /home/adam/mlir-aie/programming_examples/basic/matrix_multiplication/matrix_vector_4x4/../../../../aie_kernels/aie2/mv.cc -o mv_32x32.o
mkdir -p build
cd build && aiecc.py --alloc-scheme=basic-sequential --aie-generate-xclbin --no-compile-host --xclbin-name=final_1024x768x1.xclbin \
			 --no-xchesscc --no-xbridge --peano /home/adam/mlir-aie/ironenv/lib/python3.12/site-packages/llvm-aie \
			--aie-generate-npu-insts --npu-insts-name=insts_1024x768x1.txt ../build/aie_1024x768x1.mlir


****** Bootgen v2024.1
  **** Build date : Apr 22 2025-04:12:47
    ** Copyright 1986-2022 Xilinx, Inc. All Rights Reserved.
    ** Copyright 2022-2024 Advanced Micro Devices, Inc. All Rights Reserved.


[INFO]   : Bootimage generated successfully

Info: Embedded Metadata section is missing project.platform.device.core element, adding it.
Found xchesscc at /home/adam/libraries/vitis_aie_essential
 AIE Compilation: ━━━━━━━━━━━━━━━━━━━━━━━━━━    94% 0:00:01 0:00:00 16/17 4 Workers
Generating: /home/adam/mlir-aie/programming_examples/basic/matrix_multiplication/matrix_vector_4x4/build/aie_1024x768x1.mlir.prj/aie_cdo_elfs.bin
Generating: /home/adam/mlir-aie/programming_examples/basic/matrix_multiplication/matrix_vector_4x4/build/aie_1024x768x1.mlir.prj/aie_cdo_init.bin
Generating: /home/adam/mlir-aie/programming_examples/basic/matrix_multiplication/matrix_vector_4x4/build/aie_1024x768x1.mlir.prj/aie_cdo_enable.bin
rm -rf _build
mkdir -p _build
cd _build &&  cmake -E env CXXFLAGS="-std=c++23 -ggdb -DDTYPE_IN=int16_t -DDTYPE_OUT=int16_t -DDTYPE_ACC=int16_t" \
	cmake /home/adam/mlir-aie/programming_examples/basic/matrix_multiplication/matrix_vector_4x4/.. -D CMAKE_C_COMPILER=gcc-13 -D CMAKE_CXX_COMPILER=g++-13 -DTARGET_NAME=matrix_vector -Dsubdir=matrix_vector
CMake Deprecation Warning at CMakeLists.txt:13 (cmake_minimum_required):
  Compatibility with CMake < 3.10 will be removed from a future version of
  CMake.

  Update the VERSION argument <min> value.  Or, use the <min>...<max> syntax
  to tell CMake that the project requires at least <min> but has been updated
  to work with policies introduced by <max> or earlier.


-- The C compiler identification is GNU 13.3.0
-- The CXX compiler identification is GNU 13.3.0
-- Detecting C compiler ABI info
-- Detecting C compiler ABI info - done
-- Check for working C compiler: /usr/bin/gcc-13 - skipped
-- Detecting C compile features
-- Detecting C compile features - done
-- Detecting CXX compiler ABI info
-- Detecting CXX compiler ABI info - done
-- Check for working CXX compiler: /usr/bin/g++-13 - skipped
-- Detecting CXX compile features
-- Detecting CXX compile features - done
-- Configuring done (0.2s)
-- Generating done (0.0s)
-- Build files have been written to: /home/adam/mlir-aie/programming_examples/basic/matrix_multiplication/matrix_vector_4x4/_build
cd _build &&  cmake --build . --config Release
gmake[1]: Entering directory '/home/adam/mlir-aie/programming_examples/basic/matrix_multiplication/matrix_vector_4x4/_build'
gmake[2]: Entering directory '/home/adam/mlir-aie/programming_examples/basic/matrix_multiplication/matrix_vector_4x4/_build'
gmake[3]: Entering directory '/home/adam/mlir-aie/programming_examples/basic/matrix_multiplication/matrix_vector_4x4/_build'
gmake[3]: Leaving directory '/home/adam/mlir-aie/programming_examples/basic/matrix_multiplication/matrix_vector_4x4/_build'
gmake[3]: Entering directory '/home/adam/mlir-aie/programming_examples/basic/matrix_multiplication/matrix_vector_4x4/_build'
[ 33%] Building CXX object CMakeFiles/matrix_vector.dir/home/adam/mlir-aie/runtime_lib/test_lib/test_utils.cpp.o
[ 66%] Building CXX object CMakeFiles/matrix_vector.dir/matrix_vector/test.cpp.o
[100%] Linking CXX executable matrix_vector
gmake[3]: Leaving directory '/home/adam/mlir-aie/programming_examples/basic/matrix_multiplication/matrix_vector_4x4/_build'
[100%] Built target matrix_vector
gmake[2]: Leaving directory '/home/adam/mlir-aie/programming_examples/basic/matrix_multiplication/matrix_vector_4x4/_build'
gmake[1]: Leaving directory '/home/adam/mlir-aie/programming_examples/basic/matrix_multiplication/matrix_vector_4x4/_build'
cp _build/matrix_vector matrix_vector.exe 
export XRT_HACK_UNSECURE_LOADING_XCLBIN=1 && \
 ./matrix_vector.exe -x build/final_1024x768x1.xclbin -i build/insts_1024x768x1.txt -k MLIR_AIE -M 1024 -K 768 -N 1 -v 2 --warmup 1 --iters 1
Matrix size 1024x768x1
Sequence instr count: 812
Loading xclbin: build/final_1024x768x1.xclbin
Kernel opcode: MLIR_AIE
Name: MLIR_AIE
Registering xclbin: build/final_1024x768x1.xclbin
Getting hardware context.
Getting handle to kernel:MLIR_AIE
Writing data into buffer objects.
DTYPE_IN  = int16_t
DTYPE_OUT = int16_t
Verification tolerance 0 absolute, 0 relative.
A = 
   13457    -28205    -19666      -205     27690   ...     5846     -9503     27819    -21381       133  
  -29481     16407    -19656    -17830      3633   ...     1142    -17068    -29328      2901     31216  
  -29798      9724    -21391     -7037      -616   ...    21033      5350     18215     32222    -28924  
   10888    -27895     19240      6512      7256   ...    12253     19015    -31779    -15583     30261  
  -27185    -27058    -18100    -26436     10876   ...   -16984      2790    -11058     32289    -27586  
    ...       ...       ...       ...       ...    ...     ...       ...       ...       ...       ...   
   21007    -24326    -29880     19877    -15059   ...    19257    -24456     28693     -6371     -1365  
   31759     -2099      5034    -24744       -61   ...   -21935     27835    -30846      9715    -11557  
    4931     -7042     30021     24387    -18640   ...   -26269     19779    -13966    -23582    -17517  
    9450     29680      8291     22714    -28540   ...   -12599      9977     19884     14121     -6206  
    6645    -22941    -15713     32384      8237   ...    23576      4010    -19738     -5316     19680  
B = 
  -17491  
   21029  
   24786  
   31317  
   12892  
    ...   
     802  
  -20651  
   14140  
    -254  
   29468  
Running Kernel (iteration 0).
Running Kernel (iteration 1).
Verifying against reference matmul ...
Verify time: 0.00 s.

Avg NPU matmul time: 285.00us.
Avg NPU gflops: 5.52

Min NPU matmul time: 285.00us.
Max NPU gflops: 5.52

Max NPU matmul time: 285.00us.
Min NPU gflops: 5.52

PASS!

rm -rf tmpTrace parse*.json trace*json trace.txt
rm -rf build _build matrix_vector.exe
mkdir -p build
python3 /home/adam/mlir-aie/programming_examples/basic/matrix_multiplication/matrix_vector_4x4/matrix_vector.py --dev npu -M 1024 -K 1024 -N 1 --dtype_in i16 --dtype_out i16 --trace_size 0 > build/aie_1024x1024x1.mlir
mkdir -p build
cd build && /home/adam/mlir-aie/ironenv/lib/python3.12/site-packages/llvm-aie/bin/clang++ -O2 -std=c++20 --target=aie2-none-unknown-elf -Wno-parentheses -Wno-attributes -Wno-macro-redefined -Wno-empty-body -DNDEBUG -I /home/adam/mlir-aie/ironenv/lib/python3.12/site-packages/mlir_aie/include  -DBIT_WIDTH=8 -DDIM_M=32 -DDIM_K=32 -c /home/adam/mlir-aie/programming_examples/basic/matrix_multiplication/matrix_vector_4x4/../../../../aie_kernels/aie2/mv.cc -o mv_32x32.o
mkdir -p build
cd build && aiecc.py --alloc-scheme=basic-sequential --aie-generate-xclbin --no-compile-host --xclbin-name=final_1024x1024x1.xclbin \
			 --no-xchesscc --no-xbridge --peano /home/adam/mlir-aie/ironenv/lib/python3.12/site-packages/llvm-aie \
			--aie-generate-npu-insts --npu-insts-name=insts_1024x1024x1.txt ../build/aie_1024x1024x1.mlir


****** Bootgen v2024.1
  **** Build date : Apr 22 2025-04:12:47
    ** Copyright 1986-2022 Xilinx, Inc. All Rights Reserved.
    ** Copyright 2022-2024 Advanced Micro Devices, Inc. All Rights Reserved.


[INFO]   : Bootimage generated successfully

Info: Embedded Metadata section is missing project.platform.device.core element, adding it.
Found xchesscc at /home/adam/libraries/vitis_aie_essential
 AIE Compilation: ━━━━━━━━━━━━━━━━━━━━━━━━━━    94% 0:00:01 0:00:00 16/17 4 Workers
Generating: /home/adam/mlir-aie/programming_examples/basic/matrix_multiplication/matrix_vector_4x4/build/aie_1024x1024x1.mlir.prj/aie_cdo_elfs.bin
Generating: /home/adam/mlir-aie/programming_examples/basic/matrix_multiplication/matrix_vector_4x4/build/aie_1024x1024x1.mlir.prj/aie_cdo_init.bin
Generating: /home/adam/mlir-aie/programming_examples/basic/matrix_multiplication/matrix_vector_4x4/build/aie_1024x1024x1.mlir.prj/aie_cdo_enable.bin
rm -rf _build
mkdir -p _build
cd _build &&  cmake -E env CXXFLAGS="-std=c++23 -ggdb -DDTYPE_IN=int16_t -DDTYPE_OUT=int16_t -DDTYPE_ACC=int16_t" \
	cmake /home/adam/mlir-aie/programming_examples/basic/matrix_multiplication/matrix_vector_4x4/.. -D CMAKE_C_COMPILER=gcc-13 -D CMAKE_CXX_COMPILER=g++-13 -DTARGET_NAME=matrix_vector -Dsubdir=matrix_vector
CMake Deprecation Warning at CMakeLists.txt:13 (cmake_minimum_required):
  Compatibility with CMake < 3.10 will be removed from a future version of
  CMake.

  Update the VERSION argument <min> value.  Or, use the <min>...<max> syntax
  to tell CMake that the project requires at least <min> but has been updated
  to work with policies introduced by <max> or earlier.


-- The C compiler identification is GNU 13.3.0
-- The CXX compiler identification is GNU 13.3.0
-- Detecting C compiler ABI info
-- Detecting C compiler ABI info - done
-- Check for working C compiler: /usr/bin/gcc-13 - skipped
-- Detecting C compile features
-- Detecting C compile features - done
-- Detecting CXX compiler ABI info
-- Detecting CXX compiler ABI info - done
-- Check for working CXX compiler: /usr/bin/g++-13 - skipped
-- Detecting CXX compile features
-- Detecting CXX compile features - done
-- Configuring done (0.2s)
-- Generating done (0.0s)
-- Build files have been written to: /home/adam/mlir-aie/programming_examples/basic/matrix_multiplication/matrix_vector_4x4/_build
cd _build &&  cmake --build . --config Release
gmake[1]: Entering directory '/home/adam/mlir-aie/programming_examples/basic/matrix_multiplication/matrix_vector_4x4/_build'
gmake[2]: Entering directory '/home/adam/mlir-aie/programming_examples/basic/matrix_multiplication/matrix_vector_4x4/_build'
gmake[3]: Entering directory '/home/adam/mlir-aie/programming_examples/basic/matrix_multiplication/matrix_vector_4x4/_build'
gmake[3]: Leaving directory '/home/adam/mlir-aie/programming_examples/basic/matrix_multiplication/matrix_vector_4x4/_build'
gmake[3]: Entering directory '/home/adam/mlir-aie/programming_examples/basic/matrix_multiplication/matrix_vector_4x4/_build'
[ 33%] Building CXX object CMakeFiles/matrix_vector.dir/home/adam/mlir-aie/runtime_lib/test_lib/test_utils.cpp.o
[ 66%] Building CXX object CMakeFiles/matrix_vector.dir/matrix_vector/test.cpp.o
[100%] Linking CXX executable matrix_vector
gmake[3]: Leaving directory '/home/adam/mlir-aie/programming_examples/basic/matrix_multiplication/matrix_vector_4x4/_build'
[100%] Built target matrix_vector
gmake[2]: Leaving directory '/home/adam/mlir-aie/programming_examples/basic/matrix_multiplication/matrix_vector_4x4/_build'
gmake[1]: Leaving directory '/home/adam/mlir-aie/programming_examples/basic/matrix_multiplication/matrix_vector_4x4/_build'
cp _build/matrix_vector matrix_vector.exe 
export XRT_HACK_UNSECURE_LOADING_XCLBIN=1 && \
 ./matrix_vector.exe -x build/final_1024x1024x1.xclbin -i build/insts_1024x1024x1.txt -k MLIR_AIE -M 1024 -K 1024 -N 1 -v 2 --warmup 1 --iters 1
Matrix size 1024x1024x1
Sequence instr count: 812
Loading xclbin: build/final_1024x1024x1.xclbin
Kernel opcode: MLIR_AIE
Name: MLIR_AIE
Registering xclbin: build/final_1024x1024x1.xclbin
Getting hardware context.
Getting handle to kernel:MLIR_AIE
Writing data into buffer objects.
DTYPE_IN  = int16_t
DTYPE_OUT = int16_t
Verification tolerance 0 absolute, 0 relative.
A = 
   13457    -28205    -19666      -205     27690   ...   -24288     17254    -27732     13616      9265  
    8270      7756    -21346    -28428      2391   ...   -20578      4098    -23419     -7351    -10163  
    5010    -22765    -18207     13956    -18539   ...    12253     19015    -31779    -15583     30261  
  -27185    -27058    -18100    -26436     10876   ...     9403    -21376    -24766     23857     21679  
  -28747    -14421      8350     25515     20987   ...    -6885     29354    -15217    -14490     26568  
    ...       ...       ...       ...       ...    ...     ...       ...       ...       ...       ...   
   -8823     15549     -9967    -30198     -7295   ...     3533    -28082    -25593    -22605    -18856  
  -14766     25975    -23105    -30093    -27177   ...     -640    -31352     27972     19793      4407  
    3674     19156     14295     -4782      8397   ...     1070      -489      7928    -14788    -17967  
  -16102     27383      1888     -7170    -15233   ...    19991     28391      2793       557    -14550  
   16130     22753    -11377     22199     26487   ...      673    -25264      3715     30810      6623  
B = 
    8580  
    6182  
    2754  
     994  
   -2450  
    ...   
  -24187  
  -17604  
  -21634  
  -23821  
  -31080  
Running Kernel (iteration 0).
Running Kernel (iteration 1).
Verifying against reference matmul ...
Verify time: 0.00 s.

Avg NPU matmul time: 433.00us.
Avg NPU gflops: 4.84

Min NPU matmul time: 433.00us.
Max NPU gflops: 4.84

Max NPU matmul time: 433.00us.
Min NPU gflops: 4.84

PASS!

rm -rf tmpTrace parse*.json trace*json trace.txt
rm -rf build _build matrix_vector.exe
mkdir -p build
python3 /home/adam/mlir-aie/programming_examples/basic/matrix_multiplication/matrix_vector_4x4/matrix_vector.py --dev npu -M 1024 -K 1280 -N 1 --dtype_in i16 --dtype_out i16 --trace_size 0 > build/aie_1024x1280x1.mlir
mkdir -p build
cd build && /home/adam/mlir-aie/ironenv/lib/python3.12/site-packages/llvm-aie/bin/clang++ -O2 -std=c++20 --target=aie2-none-unknown-elf -Wno-parentheses -Wno-attributes -Wno-macro-redefined -Wno-empty-body -DNDEBUG -I /home/adam/mlir-aie/ironenv/lib/python3.12/site-packages/mlir_aie/include  -DBIT_WIDTH=8 -DDIM_M=32 -DDIM_K=32 -c /home/adam/mlir-aie/programming_examples/basic/matrix_multiplication/matrix_vector_4x4/../../../../aie_kernels/aie2/mv.cc -o mv_32x32.o
mkdir -p build
cd build && aiecc.py --alloc-scheme=basic-sequential --aie-generate-xclbin --no-compile-host --xclbin-name=final_1024x1280x1.xclbin \
			 --no-xchesscc --no-xbridge --peano /home/adam/mlir-aie/ironenv/lib/python3.12/site-packages/llvm-aie \
			--aie-generate-npu-insts --npu-insts-name=insts_1024x1280x1.txt ../build/aie_1024x1280x1.mlir


****** Bootgen v2024.1
  **** Build date : Apr 22 2025-04:12:47
    ** Copyright 1986-2022 Xilinx, Inc. All Rights Reserved.
    ** Copyright 2022-2024 Advanced Micro Devices, Inc. All Rights Reserved.


[INFO]   : Bootimage generated successfully

Info: Embedded Metadata section is missing project.platform.device.core element, adding it.
Found xchesscc at /home/adam/libraries/vitis_aie_essential
 AIE Compilation: ━━━━━━━━━━━━━━━━━━━━━━━━━━    94% 0:00:01 0:00:00 16/17 4 Workers
Generating: /home/adam/mlir-aie/programming_examples/basic/matrix_multiplication/matrix_vector_4x4/build/aie_1024x1280x1.mlir.prj/aie_cdo_elfs.bin
Generating: /home/adam/mlir-aie/programming_examples/basic/matrix_multiplication/matrix_vector_4x4/build/aie_1024x1280x1.mlir.prj/aie_cdo_init.bin
Generating: /home/adam/mlir-aie/programming_examples/basic/matrix_multiplication/matrix_vector_4x4/build/aie_1024x1280x1.mlir.prj/aie_cdo_enable.bin
rm -rf _build
mkdir -p _build
cd _build &&  cmake -E env CXXFLAGS="-std=c++23 -ggdb -DDTYPE_IN=int16_t -DDTYPE_OUT=int16_t -DDTYPE_ACC=int16_t" \
	cmake /home/adam/mlir-aie/programming_examples/basic/matrix_multiplication/matrix_vector_4x4/.. -D CMAKE_C_COMPILER=gcc-13 -D CMAKE_CXX_COMPILER=g++-13 -DTARGET_NAME=matrix_vector -Dsubdir=matrix_vector
CMake Deprecation Warning at CMakeLists.txt:13 (cmake_minimum_required):
  Compatibility with CMake < 3.10 will be removed from a future version of
  CMake.

  Update the VERSION argument <min> value.  Or, use the <min>...<max> syntax
  to tell CMake that the project requires at least <min> but has been updated
  to work with policies introduced by <max> or earlier.


-- The C compiler identification is GNU 13.3.0
-- The CXX compiler identification is GNU 13.3.0
-- Detecting C compiler ABI info
-- Detecting C compiler ABI info - done
-- Check for working C compiler: /usr/bin/gcc-13 - skipped
-- Detecting C compile features
-- Detecting C compile features - done
-- Detecting CXX compiler ABI info
-- Detecting CXX compiler ABI info - done
-- Check for working CXX compiler: /usr/bin/g++-13 - skipped
-- Detecting CXX compile features
-- Detecting CXX compile features - done
-- Configuring done (0.2s)
-- Generating done (0.0s)
-- Build files have been written to: /home/adam/mlir-aie/programming_examples/basic/matrix_multiplication/matrix_vector_4x4/_build
cd _build &&  cmake --build . --config Release
gmake[1]: Entering directory '/home/adam/mlir-aie/programming_examples/basic/matrix_multiplication/matrix_vector_4x4/_build'
gmake[2]: Entering directory '/home/adam/mlir-aie/programming_examples/basic/matrix_multiplication/matrix_vector_4x4/_build'
gmake[3]: Entering directory '/home/adam/mlir-aie/programming_examples/basic/matrix_multiplication/matrix_vector_4x4/_build'
gmake[3]: Leaving directory '/home/adam/mlir-aie/programming_examples/basic/matrix_multiplication/matrix_vector_4x4/_build'
gmake[3]: Entering directory '/home/adam/mlir-aie/programming_examples/basic/matrix_multiplication/matrix_vector_4x4/_build'
[ 33%] Building CXX object CMakeFiles/matrix_vector.dir/home/adam/mlir-aie/runtime_lib/test_lib/test_utils.cpp.o
[ 66%] Building CXX object CMakeFiles/matrix_vector.dir/matrix_vector/test.cpp.o
[100%] Linking CXX executable matrix_vector
gmake[3]: Leaving directory '/home/adam/mlir-aie/programming_examples/basic/matrix_multiplication/matrix_vector_4x4/_build'
[100%] Built target matrix_vector
gmake[2]: Leaving directory '/home/adam/mlir-aie/programming_examples/basic/matrix_multiplication/matrix_vector_4x4/_build'
gmake[1]: Leaving directory '/home/adam/mlir-aie/programming_examples/basic/matrix_multiplication/matrix_vector_4x4/_build'
cp _build/matrix_vector matrix_vector.exe 
export XRT_HACK_UNSECURE_LOADING_XCLBIN=1 && \
 ./matrix_vector.exe -x build/final_1024x1280x1.xclbin -i build/insts_1024x1280x1.txt -k MLIR_AIE -M 1024 -K 1280 -N 1 -v 2 --warmup 1 --iters 1
Matrix size 1024x1280x1
Sequence instr count: 812
Loading xclbin: build/final_1024x1280x1.xclbin
Kernel opcode: MLIR_AIE
Name: MLIR_AIE
Registering xclbin: build/final_1024x1280x1.xclbin
Getting hardware context.
Getting handle to kernel:MLIR_AIE
Writing data into buffer objects.
DTYPE_IN  = int16_t
DTYPE_OUT = int16_t
Verification tolerance 0 absolute, 0 relative.
A = 
   13457    -28205    -19666      -205     27690   ...   -27895     26930    -21440      6434     10718  
  -30406      5972      8420    -23045      5725   ...     4569     -7735     23942      3905    -15435  
   12793     24534     22596     29156      3283   ...   -16984      2790    -11058     32289    -27586  
   27802     20057     26289     15090     -4363   ...    -6885     29354    -15217    -14490     26568  
   22519    -24617    -27476    -16322    -16138   ...    11958     18394     -3666    -14297    -12951  
    ...       ...       ...       ...       ...    ...     ...       ...       ...       ...       ...   
   29055     15914     12613    -26220    -20995   ...   -13738      8492    -24966      7416     13439  
   -1725     15383     18716     -6371      7556   ...    20224    -13528     -8344     29813    -12495  
   31896     -5723    -30060      -822      7593   ...   -20928     22521    -31208      1732       599  
   -2916      4147     22236      9874    -23888   ...   -19506     20700     27322      5974    -19591  
    6248      3080    -13289     12042     18482   ...   -30508    -31019     32213    -31028    -31592  
B = 
    3038  
    7938  
   24375  
   -5376  
   16473  
    ...   
  -22450  
   19172  
   -1254  
   13292  
  -10869  
Running Kernel (iteration 0).
Running Kernel (iteration 1).
Verifying against reference matmul ...
Verify time: 0.00 s.

Avg NPU matmul time: 501.00us.
Avg NPU gflops: 5.23

Min NPU matmul time: 501.00us.
Max NPU gflops: 5.23

Max NPU matmul time: 501.00us.
Min NPU gflops: 5.23

PASS!

rm -rf tmpTrace parse*.json trace*json trace.txt
rm -rf build _build matrix_vector.exe
mkdir -p build
python3 /home/adam/mlir-aie/programming_examples/basic/matrix_multiplication/matrix_vector_4x4/matrix_vector.py --dev npu -M 1024 -K 1536 -N 1 --dtype_in i16 --dtype_out i16 --trace_size 0 > build/aie_1024x1536x1.mlir
mkdir -p build
cd build && /home/adam/mlir-aie/ironenv/lib/python3.12/site-packages/llvm-aie/bin/clang++ -O2 -std=c++20 --target=aie2-none-unknown-elf -Wno-parentheses -Wno-attributes -Wno-macro-redefined -Wno-empty-body -DNDEBUG -I /home/adam/mlir-aie/ironenv/lib/python3.12/site-packages/mlir_aie/include  -DBIT_WIDTH=8 -DDIM_M=32 -DDIM_K=32 -c /home/adam/mlir-aie/programming_examples/basic/matrix_multiplication/matrix_vector_4x4/../../../../aie_kernels/aie2/mv.cc -o mv_32x32.o
mkdir -p build
cd build && aiecc.py --alloc-scheme=basic-sequential --aie-generate-xclbin --no-compile-host --xclbin-name=final_1024x1536x1.xclbin \
			 --no-xchesscc --no-xbridge --peano /home/adam/mlir-aie/ironenv/lib/python3.12/site-packages/llvm-aie \
			--aie-generate-npu-insts --npu-insts-name=insts_1024x1536x1.txt ../build/aie_1024x1536x1.mlir


****** Bootgen v2024.1
  **** Build date : Apr 22 2025-04:12:47
    ** Copyright 1986-2022 Xilinx, Inc. All Rights Reserved.
    ** Copyright 2022-2024 Advanced Micro Devices, Inc. All Rights Reserved.


[INFO]   : Bootimage generated successfully

Info: Embedded Metadata section is missing project.platform.device.core element, adding it.
Found xchesscc at /home/adam/libraries/vitis_aie_essential
 AIE Compilation: ━━━━━━━━━━━━━━━━━━━━━━━━━━    94% 0:00:01 0:00:00 16/17 4 Workers
Generating: /home/adam/mlir-aie/programming_examples/basic/matrix_multiplication/matrix_vector_4x4/build/aie_1024x1536x1.mlir.prj/aie_cdo_elfs.bin
Generating: /home/adam/mlir-aie/programming_examples/basic/matrix_multiplication/matrix_vector_4x4/build/aie_1024x1536x1.mlir.prj/aie_cdo_init.bin
Generating: /home/adam/mlir-aie/programming_examples/basic/matrix_multiplication/matrix_vector_4x4/build/aie_1024x1536x1.mlir.prj/aie_cdo_enable.bin
rm -rf _build
mkdir -p _build
cd _build &&  cmake -E env CXXFLAGS="-std=c++23 -ggdb -DDTYPE_IN=int16_t -DDTYPE_OUT=int16_t -DDTYPE_ACC=int16_t" \
	cmake /home/adam/mlir-aie/programming_examples/basic/matrix_multiplication/matrix_vector_4x4/.. -D CMAKE_C_COMPILER=gcc-13 -D CMAKE_CXX_COMPILER=g++-13 -DTARGET_NAME=matrix_vector -Dsubdir=matrix_vector
CMake Deprecation Warning at CMakeLists.txt:13 (cmake_minimum_required):
  Compatibility with CMake < 3.10 will be removed from a future version of
  CMake.

  Update the VERSION argument <min> value.  Or, use the <min>...<max> syntax
  to tell CMake that the project requires at least <min> but has been updated
  to work with policies introduced by <max> or earlier.


-- The C compiler identification is GNU 13.3.0
-- The CXX compiler identification is GNU 13.3.0
-- Detecting C compiler ABI info
-- Detecting C compiler ABI info - done
-- Check for working C compiler: /usr/bin/gcc-13 - skipped
-- Detecting C compile features
-- Detecting C compile features - done
-- Detecting CXX compiler ABI info
-- Detecting CXX compiler ABI info - done
-- Check for working CXX compiler: /usr/bin/g++-13 - skipped
-- Detecting CXX compile features
-- Detecting CXX compile features - done
-- Configuring done (0.2s)
-- Generating done (0.0s)
-- Build files have been written to: /home/adam/mlir-aie/programming_examples/basic/matrix_multiplication/matrix_vector_4x4/_build
cd _build &&  cmake --build . --config Release
gmake[1]: Entering directory '/home/adam/mlir-aie/programming_examples/basic/matrix_multiplication/matrix_vector_4x4/_build'
gmake[2]: Entering directory '/home/adam/mlir-aie/programming_examples/basic/matrix_multiplication/matrix_vector_4x4/_build'
gmake[3]: Entering directory '/home/adam/mlir-aie/programming_examples/basic/matrix_multiplication/matrix_vector_4x4/_build'
gmake[3]: Leaving directory '/home/adam/mlir-aie/programming_examples/basic/matrix_multiplication/matrix_vector_4x4/_build'
gmake[3]: Entering directory '/home/adam/mlir-aie/programming_examples/basic/matrix_multiplication/matrix_vector_4x4/_build'
[ 33%] Building CXX object CMakeFiles/matrix_vector.dir/home/adam/mlir-aie/runtime_lib/test_lib/test_utils.cpp.o
[ 66%] Building CXX object CMakeFiles/matrix_vector.dir/matrix_vector/test.cpp.o
[100%] Linking CXX executable matrix_vector
gmake[3]: Leaving directory '/home/adam/mlir-aie/programming_examples/basic/matrix_multiplication/matrix_vector_4x4/_build'
[100%] Built target matrix_vector
gmake[2]: Leaving directory '/home/adam/mlir-aie/programming_examples/basic/matrix_multiplication/matrix_vector_4x4/_build'
gmake[1]: Leaving directory '/home/adam/mlir-aie/programming_examples/basic/matrix_multiplication/matrix_vector_4x4/_build'
cp _build/matrix_vector matrix_vector.exe 
export XRT_HACK_UNSECURE_LOADING_XCLBIN=1 && \
 ./matrix_vector.exe -x build/final_1024x1536x1.xclbin -i build/insts_1024x1536x1.txt -k MLIR_AIE -M 1024 -K 1536 -N 1 -v 2 --warmup 1 --iters 1
Matrix size 1024x1536x1
Sequence instr count: 812
Loading xclbin: build/final_1024x1536x1.xclbin
Kernel opcode: MLIR_AIE
Name: MLIR_AIE
Registering xclbin: build/final_1024x1536x1.xclbin
Getting hardware context.
Getting handle to kernel:MLIR_AIE
Writing data into buffer objects.
DTYPE_IN  = int16_t
DTYPE_OUT = int16_t
Verification tolerance 0 absolute, 0 relative.
A = 
   13457    -28205    -19666      -205     27690   ...     1142    -17068    -29328      2901     31216  
  -29798      9724    -21391     -7037      -616   ...    12253     19015    -31779    -15583     30261  
  -27185    -27058    -18100    -26436     10876   ...    11950    -25277    -22695     19736      3576  
  -23340      6832    -15019     24934    -24835   ...    22623      7961    -20902     -8833     -9951  
   10422      7551     13156    -16341     32222   ...    29876     18072    -19890    -12283    -25212  
    ...       ...       ...       ...       ...    ...     ...       ...       ...       ...       ...   
    4815     17821     12887     15369     23663   ...    21970     -3932     -1107    -22637     18264  
   -6663     17005     -5763    -29875    -29086   ...     2027     -1947      7101     11367     28777  
   10123    -10148     17354     -3243     14841   ...     9831     -5858     25652    -29728    -31567  
    7600      -970     18865     23365      -557   ...     2836      4885    -14854     25059    -27634  
  -27535    -30855    -12209     20380    -32398   ...     5995    -14130    -31747     15467     27380  
B = 
  -12710  
   -1165  
   16698  
   17375  
   16237  
    ...   
   28625  
   12906  
    5291  
    3768  
    4104  
Running Kernel (iteration 0).
Running Kernel (iteration 1).
Verifying against reference matmul ...
Verify time: 0.00 s.

Avg NPU matmul time: 408.00us.
Avg NPU gflops: 7.71

Min NPU matmul time: 408.00us.
Max NPU gflops: 7.71

Max NPU matmul time: 408.00us.
Min NPU gflops: 7.71

PASS!

rm -rf tmpTrace parse*.json trace*json trace.txt
rm -rf build _build matrix_vector.exe
mkdir -p build
python3 /home/adam/mlir-aie/programming_examples/basic/matrix_multiplication/matrix_vector_4x4/matrix_vector.py --dev npu -M 1024 -K 1792 -N 1 --dtype_in i16 --dtype_out i16 --trace_size 0 > build/aie_1024x1792x1.mlir
mkdir -p build
cd build && /home/adam/mlir-aie/ironenv/lib/python3.12/site-packages/llvm-aie/bin/clang++ -O2 -std=c++20 --target=aie2-none-unknown-elf -Wno-parentheses -Wno-attributes -Wno-macro-redefined -Wno-empty-body -DNDEBUG -I /home/adam/mlir-aie/ironenv/lib/python3.12/site-packages/mlir_aie/include  -DBIT_WIDTH=8 -DDIM_M=32 -DDIM_K=32 -c /home/adam/mlir-aie/programming_examples/basic/matrix_multiplication/matrix_vector_4x4/../../../../aie_kernels/aie2/mv.cc -o mv_32x32.o
mkdir -p build
cd build && aiecc.py --alloc-scheme=basic-sequential --aie-generate-xclbin --no-compile-host --xclbin-name=final_1024x1792x1.xclbin \
			 --no-xchesscc --no-xbridge --peano /home/adam/mlir-aie/ironenv/lib/python3.12/site-packages/llvm-aie \
			--aie-generate-npu-insts --npu-insts-name=insts_1024x1792x1.txt ../build/aie_1024x1792x1.mlir


****** Bootgen v2024.1
  **** Build date : Apr 22 2025-04:12:47
    ** Copyright 1986-2022 Xilinx, Inc. All Rights Reserved.
    ** Copyright 2022-2024 Advanced Micro Devices, Inc. All Rights Reserved.


[INFO]   : Bootimage generated successfully

Info: Embedded Metadata section is missing project.platform.device.core element, adding it.
Found xchesscc at /home/adam/libraries/vitis_aie_essential
 AIE Compilation: ━━━━━━━━━━━━━━━━━━━━━━━━━━    94% 0:00:01 0:00:00 16/17 4 Workers
Generating: /home/adam/mlir-aie/programming_examples/basic/matrix_multiplication/matrix_vector_4x4/build/aie_1024x1792x1.mlir.prj/aie_cdo_elfs.bin
Generating: /home/adam/mlir-aie/programming_examples/basic/matrix_multiplication/matrix_vector_4x4/build/aie_1024x1792x1.mlir.prj/aie_cdo_init.bin
Generating: /home/adam/mlir-aie/programming_examples/basic/matrix_multiplication/matrix_vector_4x4/build/aie_1024x1792x1.mlir.prj/aie_cdo_enable.bin
rm -rf _build
mkdir -p _build
cd _build &&  cmake -E env CXXFLAGS="-std=c++23 -ggdb -DDTYPE_IN=int16_t -DDTYPE_OUT=int16_t -DDTYPE_ACC=int16_t" \
	cmake /home/adam/mlir-aie/programming_examples/basic/matrix_multiplication/matrix_vector_4x4/.. -D CMAKE_C_COMPILER=gcc-13 -D CMAKE_CXX_COMPILER=g++-13 -DTARGET_NAME=matrix_vector -Dsubdir=matrix_vector
CMake Deprecation Warning at CMakeLists.txt:13 (cmake_minimum_required):
  Compatibility with CMake < 3.10 will be removed from a future version of
  CMake.

  Update the VERSION argument <min> value.  Or, use the <min>...<max> syntax
  to tell CMake that the project requires at least <min> but has been updated
  to work with policies introduced by <max> or earlier.


-- The C compiler identification is GNU 13.3.0
-- The CXX compiler identification is GNU 13.3.0
-- Detecting C compiler ABI info
-- Detecting C compiler ABI info - done
-- Check for working C compiler: /usr/bin/gcc-13 - skipped
-- Detecting C compile features
-- Detecting C compile features - done
-- Detecting CXX compiler ABI info
-- Detecting CXX compiler ABI info - done
-- Check for working CXX compiler: /usr/bin/g++-13 - skipped
-- Detecting CXX compile features
-- Detecting CXX compile features - done
-- Configuring done (0.2s)
-- Generating done (0.0s)
-- Build files have been written to: /home/adam/mlir-aie/programming_examples/basic/matrix_multiplication/matrix_vector_4x4/_build
cd _build &&  cmake --build . --config Release
gmake[1]: Entering directory '/home/adam/mlir-aie/programming_examples/basic/matrix_multiplication/matrix_vector_4x4/_build'
gmake[2]: Entering directory '/home/adam/mlir-aie/programming_examples/basic/matrix_multiplication/matrix_vector_4x4/_build'
gmake[3]: Entering directory '/home/adam/mlir-aie/programming_examples/basic/matrix_multiplication/matrix_vector_4x4/_build'
gmake[3]: Leaving directory '/home/adam/mlir-aie/programming_examples/basic/matrix_multiplication/matrix_vector_4x4/_build'
gmake[3]: Entering directory '/home/adam/mlir-aie/programming_examples/basic/matrix_multiplication/matrix_vector_4x4/_build'
[ 33%] Building CXX object CMakeFiles/matrix_vector.dir/home/adam/mlir-aie/runtime_lib/test_lib/test_utils.cpp.o
[ 66%] Building CXX object CMakeFiles/matrix_vector.dir/matrix_vector/test.cpp.o
[100%] Linking CXX executable matrix_vector
gmake[3]: Leaving directory '/home/adam/mlir-aie/programming_examples/basic/matrix_multiplication/matrix_vector_4x4/_build'
[100%] Built target matrix_vector
gmake[2]: Leaving directory '/home/adam/mlir-aie/programming_examples/basic/matrix_multiplication/matrix_vector_4x4/_build'
gmake[1]: Leaving directory '/home/adam/mlir-aie/programming_examples/basic/matrix_multiplication/matrix_vector_4x4/_build'
cp _build/matrix_vector matrix_vector.exe 
export XRT_HACK_UNSECURE_LOADING_XCLBIN=1 && \
 ./matrix_vector.exe -x build/final_1024x1792x1.xclbin -i build/insts_1024x1792x1.txt -k MLIR_AIE -M 1024 -K 1792 -N 1 -v 2 --warmup 1 --iters 1
Matrix size 1024x1792x1
Sequence instr count: 812
Loading xclbin: build/final_1024x1792x1.xclbin
Kernel opcode: MLIR_AIE
Name: MLIR_AIE
Registering xclbin: build/final_1024x1792x1.xclbin
Getting hardware context.
Getting handle to kernel:MLIR_AIE
Writing data into buffer objects.
DTYPE_IN  = int16_t
DTYPE_OUT = int16_t
Verification tolerance 0 absolute, 0 relative.
A = 
   13457    -28205    -19666      -205     27690   ...   -26500     18204    -30790     16385     11310  
   -6079    -21280     23624     16276    -25475   ...   -16215     -7445     24823     -3592    -29401  
  -19727    -10493     -6400    -21983     23367   ...    -1499      2831    -18206     12888     11022  
   17017     -4003     22352       750     -3608   ...   -27285     25613    -12121    -14906     19522  
    6246      -530    -21554    -24320      8726   ...     9498    -27014    -10486    -30237     29033  
    ...       ...       ...       ...       ...    ...     ...       ...       ...       ...       ...   
   -6171     17609    -12654    -26798     32043   ...    14674      5876     27522      7560     26614  
  -19792    -25177    -16801     11964    -13994   ...    17876     19350    -23813     27832    -31402  
   -6999    -29371    -24659    -28136    -27211   ...    28259     20972     30484     24949     13915  
  -24986     -6948     10793     19317      2769   ...    -8086       986    -16407     20166       422  
   24520     19645     -8941      7265     17649   ...    18980     32695     27940      4979    -32317  
B = 
   -9568  
   32587  
   12075  
  -30842  
   -8616  
    ...   
  -30425  
   31077  
   -5703  
   15838  
   -8119  
Running Kernel (iteration 0).
Running Kernel (iteration 1).
Verifying against reference matmul ...
Verify time: 0.00 s.

Avg NPU matmul time: 478.00us.
Avg NPU gflops: 7.68

Min NPU matmul time: 478.00us.
Max NPU gflops: 7.68

Max NPU matmul time: 478.00us.
Min NPU gflops: 7.68

PASS!

rm -rf tmpTrace parse*.json trace*json trace.txt
rm -rf build _build matrix_vector.exe
mkdir -p build
python3 /home/adam/mlir-aie/programming_examples/basic/matrix_multiplication/matrix_vector_4x4/matrix_vector.py --dev npu -M 1024 -K 2048 -N 1 --dtype_in i16 --dtype_out i16 --trace_size 0 > build/aie_1024x2048x1.mlir
mkdir -p build
cd build && /home/adam/mlir-aie/ironenv/lib/python3.12/site-packages/llvm-aie/bin/clang++ -O2 -std=c++20 --target=aie2-none-unknown-elf -Wno-parentheses -Wno-attributes -Wno-macro-redefined -Wno-empty-body -DNDEBUG -I /home/adam/mlir-aie/ironenv/lib/python3.12/site-packages/mlir_aie/include  -DBIT_WIDTH=8 -DDIM_M=32 -DDIM_K=32 -c /home/adam/mlir-aie/programming_examples/basic/matrix_multiplication/matrix_vector_4x4/../../../../aie_kernels/aie2/mv.cc -o mv_32x32.o
mkdir -p build
cd build && aiecc.py --alloc-scheme=basic-sequential --aie-generate-xclbin --no-compile-host --xclbin-name=final_1024x2048x1.xclbin \
			 --no-xchesscc --no-xbridge --peano /home/adam/mlir-aie/ironenv/lib/python3.12/site-packages/llvm-aie \
			--aie-generate-npu-insts --npu-insts-name=insts_1024x2048x1.txt ../build/aie_1024x2048x1.mlir


****** Bootgen v2024.1
  **** Build date : Apr 22 2025-04:12:47
    ** Copyright 1986-2022 Xilinx, Inc. All Rights Reserved.
    ** Copyright 2022-2024 Advanced Micro Devices, Inc. All Rights Reserved.


[INFO]   : Bootimage generated successfully

Info: Embedded Metadata section is missing project.platform.device.core element, adding it.
Found xchesscc at /home/adam/libraries/vitis_aie_essential
 AIE Compilation: ━━━━━━━━━━━━━━━━━━━━━━━━━━    94% 0:00:01 0:00:00 16/17 4 Workers
Generating: /home/adam/mlir-aie/programming_examples/basic/matrix_multiplication/matrix_vector_4x4/build/aie_1024x2048x1.mlir.prj/aie_cdo_elfs.bin
Generating: /home/adam/mlir-aie/programming_examples/basic/matrix_multiplication/matrix_vector_4x4/build/aie_1024x2048x1.mlir.prj/aie_cdo_init.bin
Generating: /home/adam/mlir-aie/programming_examples/basic/matrix_multiplication/matrix_vector_4x4/build/aie_1024x2048x1.mlir.prj/aie_cdo_enable.bin
rm -rf _build
mkdir -p _build
cd _build &&  cmake -E env CXXFLAGS="-std=c++23 -ggdb -DDTYPE_IN=int16_t -DDTYPE_OUT=int16_t -DDTYPE_ACC=int16_t" \
	cmake /home/adam/mlir-aie/programming_examples/basic/matrix_multiplication/matrix_vector_4x4/.. -D CMAKE_C_COMPILER=gcc-13 -D CMAKE_CXX_COMPILER=g++-13 -DTARGET_NAME=matrix_vector -Dsubdir=matrix_vector
CMake Deprecation Warning at CMakeLists.txt:13 (cmake_minimum_required):
  Compatibility with CMake < 3.10 will be removed from a future version of
  CMake.

  Update the VERSION argument <min> value.  Or, use the <min>...<max> syntax
  to tell CMake that the project requires at least <min> but has been updated
  to work with policies introduced by <max> or earlier.


-- The C compiler identification is GNU 13.3.0
-- The CXX compiler identification is GNU 13.3.0
-- Detecting C compiler ABI info
-- Detecting C compiler ABI info - done
-- Check for working C compiler: /usr/bin/gcc-13 - skipped
-- Detecting C compile features
-- Detecting C compile features - done
-- Detecting CXX compiler ABI info
-- Detecting CXX compiler ABI info - done
-- Check for working CXX compiler: /usr/bin/g++-13 - skipped
-- Detecting CXX compile features
-- Detecting CXX compile features - done
-- Configuring done (0.3s)
-- Generating done (0.0s)
-- Build files have been written to: /home/adam/mlir-aie/programming_examples/basic/matrix_multiplication/matrix_vector_4x4/_build
cd _build &&  cmake --build . --config Release
gmake[1]: Entering directory '/home/adam/mlir-aie/programming_examples/basic/matrix_multiplication/matrix_vector_4x4/_build'
gmake[2]: Entering directory '/home/adam/mlir-aie/programming_examples/basic/matrix_multiplication/matrix_vector_4x4/_build'
gmake[3]: Entering directory '/home/adam/mlir-aie/programming_examples/basic/matrix_multiplication/matrix_vector_4x4/_build'
gmake[3]: Leaving directory '/home/adam/mlir-aie/programming_examples/basic/matrix_multiplication/matrix_vector_4x4/_build'
gmake[3]: Entering directory '/home/adam/mlir-aie/programming_examples/basic/matrix_multiplication/matrix_vector_4x4/_build'
[ 33%] Building CXX object CMakeFiles/matrix_vector.dir/home/adam/mlir-aie/runtime_lib/test_lib/test_utils.cpp.o
[ 66%] Building CXX object CMakeFiles/matrix_vector.dir/matrix_vector/test.cpp.o
[100%] Linking CXX executable matrix_vector
gmake[3]: Leaving directory '/home/adam/mlir-aie/programming_examples/basic/matrix_multiplication/matrix_vector_4x4/_build'
[100%] Built target matrix_vector
gmake[2]: Leaving directory '/home/adam/mlir-aie/programming_examples/basic/matrix_multiplication/matrix_vector_4x4/_build'
gmake[1]: Leaving directory '/home/adam/mlir-aie/programming_examples/basic/matrix_multiplication/matrix_vector_4x4/_build'
cp _build/matrix_vector matrix_vector.exe 
export XRT_HACK_UNSECURE_LOADING_XCLBIN=1 && \
 ./matrix_vector.exe -x build/final_1024x2048x1.xclbin -i build/insts_1024x2048x1.txt -k MLIR_AIE -M 1024 -K 2048 -N 1 -v 2 --warmup 1 --iters 1
Matrix size 1024x2048x1
Sequence instr count: 812
Loading xclbin: build/final_1024x2048x1.xclbin
Kernel opcode: MLIR_AIE
Name: MLIR_AIE
Registering xclbin: build/final_1024x2048x1.xclbin
Getting hardware context.
Getting handle to kernel:MLIR_AIE
Writing data into buffer objects.
DTYPE_IN  = int16_t
DTYPE_OUT = int16_t
Verification tolerance 0 absolute, 0 relative.
A = 
   13457    -28205    -19666      -205     27690   ...   -20578      4098    -23419     -7351    -10163  
    5010    -22765    -18207     13956    -18539   ...     9403    -21376    -24766     23857     21679  
  -28747    -14421      8350     25515     20987   ...    22623      7961    -20902     -8833     -9951  
   10422      7551     13156    -16341     32222   ...   -19013     -9651    -16592     23388     19710  
   19875     27255    -32144    -31314    -10181   ...     -138      9353    -16851        47     13122  
    ...       ...       ...       ...       ...    ...     ...       ...       ...       ...       ...   
   25153     17177    -17686      7649    -30102   ...   -29859     30011    -27738     17842     13420  
   -9002     26821      -641     21950    -14060   ...   -19042     10372     -6411     -2517     30806  
  -29650     12388    -17547      2360     25879   ...      130      1820      2847    -20972      3749  
  -16016     -9724     10927    -15228     32724   ...    32169    -17510     -2672      7714    -27269  
    7246     15513      9549    -19088    -10624   ...     3823     32185      3886      8569     21169  
B = 
   31547  
   18300  
   21276  
  -13234  
   13738  
    ...   
   30183  
    -684  
  -23362  
  -13028  
   29879  
Running Kernel (iteration 0).
Running Kernel (iteration 1).
Verifying against reference matmul ...
Verify time: 0.00 s.

Avg NPU matmul time: 599.00us.
Avg NPU gflops: 7.00

Min NPU matmul time: 599.00us.
Max NPU gflops: 7.00

Max NPU matmul time: 599.00us.
Min NPU gflops: 7.00

PASS!

rm -rf tmpTrace parse*.json trace*json trace.txt
rm -rf build _build matrix_vector.exe
mkdir -p build
python3 /home/adam/mlir-aie/programming_examples/basic/matrix_multiplication/matrix_vector_4x4/matrix_vector.py --dev npu -M 1536 -K 256 -N 1 --dtype_in i16 --dtype_out i16 --trace_size 0 > build/aie_1536x256x1.mlir
mkdir -p build
cd build && /home/adam/mlir-aie/ironenv/lib/python3.12/site-packages/llvm-aie/bin/clang++ -O2 -std=c++20 --target=aie2-none-unknown-elf -Wno-parentheses -Wno-attributes -Wno-macro-redefined -Wno-empty-body -DNDEBUG -I /home/adam/mlir-aie/ironenv/lib/python3.12/site-packages/mlir_aie/include  -DBIT_WIDTH=8 -DDIM_M=32 -DDIM_K=32 -c /home/adam/mlir-aie/programming_examples/basic/matrix_multiplication/matrix_vector_4x4/../../../../aie_kernels/aie2/mv.cc -o mv_32x32.o
mkdir -p build
cd build && aiecc.py --alloc-scheme=basic-sequential --aie-generate-xclbin --no-compile-host --xclbin-name=final_1536x256x1.xclbin \
			 --no-xchesscc --no-xbridge --peano /home/adam/mlir-aie/ironenv/lib/python3.12/site-packages/llvm-aie \
			--aie-generate-npu-insts --npu-insts-name=insts_1536x256x1.txt ../build/aie_1536x256x1.mlir


****** Bootgen v2024.1
  **** Build date : Apr 22 2025-04:12:47
    ** Copyright 1986-2022 Xilinx, Inc. All Rights Reserved.
    ** Copyright 2022-2024 Advanced Micro Devices, Inc. All Rights Reserved.


[INFO]   : Bootimage generated successfully

Info: Embedded Metadata section is missing project.platform.device.core element, adding it.
Found xchesscc at /home/adam/libraries/vitis_aie_essential
 AIE Compilation: ━━━━━━━━━━━━━━━━━━━━━━━━━━    94% 0:00:01 0:00:00 16/17 4 Workers
Generating: /home/adam/mlir-aie/programming_examples/basic/matrix_multiplication/matrix_vector_4x4/build/aie_1536x256x1.mlir.prj/aie_cdo_elfs.bin
Generating: /home/adam/mlir-aie/programming_examples/basic/matrix_multiplication/matrix_vector_4x4/build/aie_1536x256x1.mlir.prj/aie_cdo_init.bin
Generating: /home/adam/mlir-aie/programming_examples/basic/matrix_multiplication/matrix_vector_4x4/build/aie_1536x256x1.mlir.prj/aie_cdo_enable.bin
rm -rf _build
mkdir -p _build
cd _build &&  cmake -E env CXXFLAGS="-std=c++23 -ggdb -DDTYPE_IN=int16_t -DDTYPE_OUT=int16_t -DDTYPE_ACC=int16_t" \
	cmake /home/adam/mlir-aie/programming_examples/basic/matrix_multiplication/matrix_vector_4x4/.. -D CMAKE_C_COMPILER=gcc-13 -D CMAKE_CXX_COMPILER=g++-13 -DTARGET_NAME=matrix_vector -Dsubdir=matrix_vector
CMake Deprecation Warning at CMakeLists.txt:13 (cmake_minimum_required):
  Compatibility with CMake < 3.10 will be removed from a future version of
  CMake.

  Update the VERSION argument <min> value.  Or, use the <min>...<max> syntax
  to tell CMake that the project requires at least <min> but has been updated
  to work with policies introduced by <max> or earlier.


-- The C compiler identification is GNU 13.3.0
-- The CXX compiler identification is GNU 13.3.0
-- Detecting C compiler ABI info
-- Detecting C compiler ABI info - done
-- Check for working C compiler: /usr/bin/gcc-13 - skipped
-- Detecting C compile features
-- Detecting C compile features - done
-- Detecting CXX compiler ABI info
-- Detecting CXX compiler ABI info - done
-- Check for working CXX compiler: /usr/bin/g++-13 - skipped
-- Detecting CXX compile features
-- Detecting CXX compile features - done
-- Configuring done (0.2s)
-- Generating done (0.0s)
-- Build files have been written to: /home/adam/mlir-aie/programming_examples/basic/matrix_multiplication/matrix_vector_4x4/_build
cd _build &&  cmake --build . --config Release
gmake[1]: Entering directory '/home/adam/mlir-aie/programming_examples/basic/matrix_multiplication/matrix_vector_4x4/_build'
gmake[2]: Entering directory '/home/adam/mlir-aie/programming_examples/basic/matrix_multiplication/matrix_vector_4x4/_build'
gmake[3]: Entering directory '/home/adam/mlir-aie/programming_examples/basic/matrix_multiplication/matrix_vector_4x4/_build'
gmake[3]: Leaving directory '/home/adam/mlir-aie/programming_examples/basic/matrix_multiplication/matrix_vector_4x4/_build'
gmake[3]: Entering directory '/home/adam/mlir-aie/programming_examples/basic/matrix_multiplication/matrix_vector_4x4/_build'
[ 33%] Building CXX object CMakeFiles/matrix_vector.dir/home/adam/mlir-aie/runtime_lib/test_lib/test_utils.cpp.o
[ 66%] Building CXX object CMakeFiles/matrix_vector.dir/matrix_vector/test.cpp.o
[100%] Linking CXX executable matrix_vector
gmake[3]: Leaving directory '/home/adam/mlir-aie/programming_examples/basic/matrix_multiplication/matrix_vector_4x4/_build'
[100%] Built target matrix_vector
gmake[2]: Leaving directory '/home/adam/mlir-aie/programming_examples/basic/matrix_multiplication/matrix_vector_4x4/_build'
gmake[1]: Leaving directory '/home/adam/mlir-aie/programming_examples/basic/matrix_multiplication/matrix_vector_4x4/_build'
cp _build/matrix_vector matrix_vector.exe 
export XRT_HACK_UNSECURE_LOADING_XCLBIN=1 && \
 ./matrix_vector.exe -x build/final_1536x256x1.xclbin -i build/insts_1536x256x1.txt -k MLIR_AIE -M 1536 -K 256 -N 1 -v 2 --warmup 1 --iters 1
Matrix size 1536x256x1
Sequence instr count: 1216
Loading xclbin: build/final_1536x256x1.xclbin
Kernel opcode: MLIR_AIE
Name: MLIR_AIE
Registering xclbin: build/final_1536x256x1.xclbin
Getting hardware context.
Getting handle to kernel:MLIR_AIE
Writing data into buffer objects.
DTYPE_IN  = int16_t
DTYPE_OUT = int16_t
Verification tolerance 0 absolute, 0 relative.
A = 
   13457    -28205    -19666      -205     27690   ...   -15908      2818     13271     20176      1139  
  -22748    -18634    -24352    -28232     16906   ...   -26606     17471     14977     26768    -31858  
  -16861    -29938     14143      4492    -19464   ...     5846     -9503     27819    -21381       133  
  -29481     16407    -19656    -17830      3633   ...   -24288     17254    -27732     13616      9265  
    8270      7756    -21346    -28428      2391   ...   -27895     26930    -21440      6434     10718  
    ...       ...       ...       ...       ...    ...     ...       ...       ...       ...       ...   
  -31383    -29575     12428     -9080     29731   ...      893    -15621     16398    -26237     29914  
   32301     25141      6389    -28797     21317   ...    10522      6011     26756    -14993     30074  
    7249      9483    -32245     31600     30564   ...    24759     21483     16528    -14827    -18827  
   14321    -31900     -4706    -17663    -20810   ...     8135    -18726     17867    -30697      7088  
   26919     31804     -4089     31685     26545   ...    17961     16254     -7955     25093     24588  
B = 
   22807  
     419  
    3463  
   -4579  
  -26743  
    ...   
    6507  
  -17574  
     439  
  -20671  
  -17521  
Running Kernel (iteration 0).
Running Kernel (iteration 1).
Verifying against reference matmul ...
Verify time: 0.00 s.

Avg NPU matmul time: 385.00us.
Avg NPU gflops: 2.04

Min NPU matmul time: 385.00us.
Max NPU gflops: 2.04

Max NPU matmul time: 385.00us.
Min NPU gflops: 2.04

PASS!

rm -rf tmpTrace parse*.json trace*json trace.txt
rm -rf build _build matrix_vector.exe
mkdir -p build
python3 /home/adam/mlir-aie/programming_examples/basic/matrix_multiplication/matrix_vector_4x4/matrix_vector.py --dev npu -M 1536 -K 512 -N 1 --dtype_in i16 --dtype_out i16 --trace_size 0 > build/aie_1536x512x1.mlir
mkdir -p build
cd build && /home/adam/mlir-aie/ironenv/lib/python3.12/site-packages/llvm-aie/bin/clang++ -O2 -std=c++20 --target=aie2-none-unknown-elf -Wno-parentheses -Wno-attributes -Wno-macro-redefined -Wno-empty-body -DNDEBUG -I /home/adam/mlir-aie/ironenv/lib/python3.12/site-packages/mlir_aie/include  -DBIT_WIDTH=8 -DDIM_M=32 -DDIM_K=32 -c /home/adam/mlir-aie/programming_examples/basic/matrix_multiplication/matrix_vector_4x4/../../../../aie_kernels/aie2/mv.cc -o mv_32x32.o
mkdir -p build
cd build && aiecc.py --alloc-scheme=basic-sequential --aie-generate-xclbin --no-compile-host --xclbin-name=final_1536x512x1.xclbin \
			 --no-xchesscc --no-xbridge --peano /home/adam/mlir-aie/ironenv/lib/python3.12/site-packages/llvm-aie \
			--aie-generate-npu-insts --npu-insts-name=insts_1536x512x1.txt ../build/aie_1536x512x1.mlir


****** Bootgen v2024.1
  **** Build date : Apr 22 2025-04:12:47
    ** Copyright 1986-2022 Xilinx, Inc. All Rights Reserved.
    ** Copyright 2022-2024 Advanced Micro Devices, Inc. All Rights Reserved.


[INFO]   : Bootimage generated successfully

Info: Embedded Metadata section is missing project.platform.device.core element, adding it.
Found xchesscc at /home/adam/libraries/vitis_aie_essential
 AIE Compilation: ━━━━━━━━━━━━━━━━━━━━━━━━━━    94% 0:00:01 0:00:00 16/17 4 Workers
Generating: /home/adam/mlir-aie/programming_examples/basic/matrix_multiplication/matrix_vector_4x4/build/aie_1536x512x1.mlir.prj/aie_cdo_elfs.bin
Generating: /home/adam/mlir-aie/programming_examples/basic/matrix_multiplication/matrix_vector_4x4/build/aie_1536x512x1.mlir.prj/aie_cdo_init.bin
Generating: /home/adam/mlir-aie/programming_examples/basic/matrix_multiplication/matrix_vector_4x4/build/aie_1536x512x1.mlir.prj/aie_cdo_enable.bin
rm -rf _build
mkdir -p _build
cd _build &&  cmake -E env CXXFLAGS="-std=c++23 -ggdb -DDTYPE_IN=int16_t -DDTYPE_OUT=int16_t -DDTYPE_ACC=int16_t" \
	cmake /home/adam/mlir-aie/programming_examples/basic/matrix_multiplication/matrix_vector_4x4/.. -D CMAKE_C_COMPILER=gcc-13 -D CMAKE_CXX_COMPILER=g++-13 -DTARGET_NAME=matrix_vector -Dsubdir=matrix_vector
CMake Deprecation Warning at CMakeLists.txt:13 (cmake_minimum_required):
  Compatibility with CMake < 3.10 will be removed from a future version of
  CMake.

  Update the VERSION argument <min> value.  Or, use the <min>...<max> syntax
  to tell CMake that the project requires at least <min> but has been updated
  to work with policies introduced by <max> or earlier.


-- The C compiler identification is GNU 13.3.0
-- The CXX compiler identification is GNU 13.3.0
-- Detecting C compiler ABI info
-- Detecting C compiler ABI info - done
-- Check for working C compiler: /usr/bin/gcc-13 - skipped
-- Detecting C compile features
-- Detecting C compile features - done
-- Detecting CXX compiler ABI info
-- Detecting CXX compiler ABI info - done
-- Check for working CXX compiler: /usr/bin/g++-13 - skipped
-- Detecting CXX compile features
-- Detecting CXX compile features - done
-- Configuring done (0.2s)
-- Generating done (0.0s)
-- Build files have been written to: /home/adam/mlir-aie/programming_examples/basic/matrix_multiplication/matrix_vector_4x4/_build
cd _build &&  cmake --build . --config Release
gmake[1]: Entering directory '/home/adam/mlir-aie/programming_examples/basic/matrix_multiplication/matrix_vector_4x4/_build'
gmake[2]: Entering directory '/home/adam/mlir-aie/programming_examples/basic/matrix_multiplication/matrix_vector_4x4/_build'
gmake[3]: Entering directory '/home/adam/mlir-aie/programming_examples/basic/matrix_multiplication/matrix_vector_4x4/_build'
gmake[3]: Leaving directory '/home/adam/mlir-aie/programming_examples/basic/matrix_multiplication/matrix_vector_4x4/_build'
gmake[3]: Entering directory '/home/adam/mlir-aie/programming_examples/basic/matrix_multiplication/matrix_vector_4x4/_build'
[ 33%] Building CXX object CMakeFiles/matrix_vector.dir/home/adam/mlir-aie/runtime_lib/test_lib/test_utils.cpp.o
[ 66%] Building CXX object CMakeFiles/matrix_vector.dir/matrix_vector/test.cpp.o
[100%] Linking CXX executable matrix_vector
gmake[3]: Leaving directory '/home/adam/mlir-aie/programming_examples/basic/matrix_multiplication/matrix_vector_4x4/_build'
[100%] Built target matrix_vector
gmake[2]: Leaving directory '/home/adam/mlir-aie/programming_examples/basic/matrix_multiplication/matrix_vector_4x4/_build'
gmake[1]: Leaving directory '/home/adam/mlir-aie/programming_examples/basic/matrix_multiplication/matrix_vector_4x4/_build'
cp _build/matrix_vector matrix_vector.exe 
export XRT_HACK_UNSECURE_LOADING_XCLBIN=1 && \
 ./matrix_vector.exe -x build/final_1536x512x1.xclbin -i build/insts_1536x512x1.txt -k MLIR_AIE -M 1536 -K 512 -N 1 -v 2 --warmup 1 --iters 1
Matrix size 1536x512x1
Sequence instr count: 1216
Loading xclbin: build/final_1536x512x1.xclbin
Kernel opcode: MLIR_AIE
Name: MLIR_AIE
Registering xclbin: build/final_1536x512x1.xclbin
Getting hardware context.
Getting handle to kernel:MLIR_AIE
Writing data into buffer objects.
DTYPE_IN  = int16_t
DTYPE_OUT = int16_t
Verification tolerance 0 absolute, 0 relative.
A = 
   13457    -28205    -19666      -205     27690   ...   -26606     17471     14977     26768    -31858  
  -16861    -29938     14143      4492    -19464   ...   -24288     17254    -27732     13616      9265  
    8270      7756    -21346    -28428      2391   ...     1142    -17068    -29328      2901     31216  
  -29798      9724    -21391     -7037      -616   ...   -20578      4098    -23419     -7351    -10163  
    5010    -22765    -18207     13956    -18539   ...     4569     -7735     23942      3905    -15435  
    ...       ...       ...       ...       ...    ...     ...       ...       ...       ...       ...   
   -8601     17733    -16263     16056     27515   ...    -8133    -29150    -14191     31914      4628  
   30276     26866    -23176     19046      4757   ...   -26269     19779    -13966    -23582    -17517  
    9450     29680      8291     22714    -28540   ...   -23067      6641    -20486    -17067       271  
  -26782    -26776    -15079    -17943     30537   ...    12137    -23381    -18077     26227     -6352  
   26877     13721     -8911      4504     -6953   ...    23576      4010    -19738     -5316     19680  
B = 
  -17491  
   21029  
   24786  
   31317  
   12892  
    ...   
   11777  
   28543  
   -3958  
   31302  
    2963  
Running Kernel (iteration 0).
Running Kernel (iteration 1).
Verifying against reference matmul ...
Verify time: 0.00 s.

Avg NPU matmul time: 486.00us.
Avg NPU gflops: 3.24

Min NPU matmul time: 486.00us.
Max NPU gflops: 3.24

Max NPU matmul time: 486.00us.
Min NPU gflops: 3.24

PASS!

rm -rf tmpTrace parse*.json trace*json trace.txt
rm -rf build _build matrix_vector.exe
mkdir -p build
python3 /home/adam/mlir-aie/programming_examples/basic/matrix_multiplication/matrix_vector_4x4/matrix_vector.py --dev npu -M 1536 -K 768 -N 1 --dtype_in i16 --dtype_out i16 --trace_size 0 > build/aie_1536x768x1.mlir
mkdir -p build
cd build && /home/adam/mlir-aie/ironenv/lib/python3.12/site-packages/llvm-aie/bin/clang++ -O2 -std=c++20 --target=aie2-none-unknown-elf -Wno-parentheses -Wno-attributes -Wno-macro-redefined -Wno-empty-body -DNDEBUG -I /home/adam/mlir-aie/ironenv/lib/python3.12/site-packages/mlir_aie/include  -DBIT_WIDTH=8 -DDIM_M=32 -DDIM_K=32 -c /home/adam/mlir-aie/programming_examples/basic/matrix_multiplication/matrix_vector_4x4/../../../../aie_kernels/aie2/mv.cc -o mv_32x32.o
mkdir -p build
cd build && aiecc.py --alloc-scheme=basic-sequential --aie-generate-xclbin --no-compile-host --xclbin-name=final_1536x768x1.xclbin \
			 --no-xchesscc --no-xbridge --peano /home/adam/mlir-aie/ironenv/lib/python3.12/site-packages/llvm-aie \
			--aie-generate-npu-insts --npu-insts-name=insts_1536x768x1.txt ../build/aie_1536x768x1.mlir


****** Bootgen v2024.1
  **** Build date : Apr 22 2025-04:12:47
    ** Copyright 1986-2022 Xilinx, Inc. All Rights Reserved.
    ** Copyright 2022-2024 Advanced Micro Devices, Inc. All Rights Reserved.


[INFO]   : Bootimage generated successfully

Info: Embedded Metadata section is missing project.platform.device.core element, adding it.
Found xchesscc at /home/adam/libraries/vitis_aie_essential
 AIE Compilation: ━━━━━━━━━━━━━━━━━━━━━━━━━━    94% 0:00:01 0:00:00 16/17 4 Workers
Generating: /home/adam/mlir-aie/programming_examples/basic/matrix_multiplication/matrix_vector_4x4/build/aie_1536x768x1.mlir.prj/aie_cdo_elfs.bin
Generating: /home/adam/mlir-aie/programming_examples/basic/matrix_multiplication/matrix_vector_4x4/build/aie_1536x768x1.mlir.prj/aie_cdo_init.bin
Generating: /home/adam/mlir-aie/programming_examples/basic/matrix_multiplication/matrix_vector_4x4/build/aie_1536x768x1.mlir.prj/aie_cdo_enable.bin
rm -rf _build
mkdir -p _build
cd _build &&  cmake -E env CXXFLAGS="-std=c++23 -ggdb -DDTYPE_IN=int16_t -DDTYPE_OUT=int16_t -DDTYPE_ACC=int16_t" \
	cmake /home/adam/mlir-aie/programming_examples/basic/matrix_multiplication/matrix_vector_4x4/.. -D CMAKE_C_COMPILER=gcc-13 -D CMAKE_CXX_COMPILER=g++-13 -DTARGET_NAME=matrix_vector -Dsubdir=matrix_vector
CMake Deprecation Warning at CMakeLists.txt:13 (cmake_minimum_required):
  Compatibility with CMake < 3.10 will be removed from a future version of
  CMake.

  Update the VERSION argument <min> value.  Or, use the <min>...<max> syntax
  to tell CMake that the project requires at least <min> but has been updated
  to work with policies introduced by <max> or earlier.


-- The C compiler identification is GNU 13.3.0
-- The CXX compiler identification is GNU 13.3.0
-- Detecting C compiler ABI info
-- Detecting C compiler ABI info - done
-- Check for working C compiler: /usr/bin/gcc-13 - skipped
-- Detecting C compile features
-- Detecting C compile features - done
-- Detecting CXX compiler ABI info
-- Detecting CXX compiler ABI info - done
-- Check for working CXX compiler: /usr/bin/g++-13 - skipped
-- Detecting CXX compile features
-- Detecting CXX compile features - done
-- Configuring done (0.2s)
-- Generating done (0.0s)
-- Build files have been written to: /home/adam/mlir-aie/programming_examples/basic/matrix_multiplication/matrix_vector_4x4/_build
cd _build &&  cmake --build . --config Release
gmake[1]: Entering directory '/home/adam/mlir-aie/programming_examples/basic/matrix_multiplication/matrix_vector_4x4/_build'
gmake[2]: Entering directory '/home/adam/mlir-aie/programming_examples/basic/matrix_multiplication/matrix_vector_4x4/_build'
gmake[3]: Entering directory '/home/adam/mlir-aie/programming_examples/basic/matrix_multiplication/matrix_vector_4x4/_build'
gmake[3]: Leaving directory '/home/adam/mlir-aie/programming_examples/basic/matrix_multiplication/matrix_vector_4x4/_build'
gmake[3]: Entering directory '/home/adam/mlir-aie/programming_examples/basic/matrix_multiplication/matrix_vector_4x4/_build'
[ 33%] Building CXX object CMakeFiles/matrix_vector.dir/home/adam/mlir-aie/runtime_lib/test_lib/test_utils.cpp.o
[ 66%] Building CXX object CMakeFiles/matrix_vector.dir/matrix_vector/test.cpp.o
[100%] Linking CXX executable matrix_vector
gmake[3]: Leaving directory '/home/adam/mlir-aie/programming_examples/basic/matrix_multiplication/matrix_vector_4x4/_build'
[100%] Built target matrix_vector
gmake[2]: Leaving directory '/home/adam/mlir-aie/programming_examples/basic/matrix_multiplication/matrix_vector_4x4/_build'
gmake[1]: Leaving directory '/home/adam/mlir-aie/programming_examples/basic/matrix_multiplication/matrix_vector_4x4/_build'
cp _build/matrix_vector matrix_vector.exe 
export XRT_HACK_UNSECURE_LOADING_XCLBIN=1 && \
 ./matrix_vector.exe -x build/final_1536x768x1.xclbin -i build/insts_1536x768x1.txt -k MLIR_AIE -M 1536 -K 768 -N 1 -v 2 --warmup 1 --iters 1
Matrix size 1536x768x1
Sequence instr count: 1216
Loading xclbin: build/final_1536x768x1.xclbin
Kernel opcode: MLIR_AIE
Name: MLIR_AIE
Registering xclbin: build/final_1536x768x1.xclbin
Getting hardware context.
Getting handle to kernel:MLIR_AIE
Writing data into buffer objects.
DTYPE_IN  = int16_t
DTYPE_OUT = int16_t
Verification tolerance 0 absolute, 0 relative.
A = 
   13457    -28205    -19666      -205     27690   ...     5846     -9503     27819    -21381       133  
  -29481     16407    -19656    -17830      3633   ...     1142    -17068    -29328      2901     31216  
  -29798      9724    -21391     -7037      -616   ...    21033      5350     18215     32222    -28924  
   10888    -27895     19240      6512      7256   ...    12253     19015    -31779    -15583     30261  
  -27185    -27058    -18100    -26436     10876   ...   -16984      2790    -11058     32289    -27586  
    ...       ...       ...       ...       ...    ...     ...       ...       ...       ...       ...   
    2130     24924     27305      -509      1129   ...   -10261     -9986    -31339     -1345     21259  
  -10481     15498    -26018     17375    -10615   ...     5031     21650     31312     -8654    -18814  
  -14376    -28833     18834    -17814     17843   ...    17940      7174     14154     -2002     -9083  
   25843    -21153    -12126     10022    -31960   ...    15269    -12037     18503     17172    -19285  
   12926     12412    -25048    -30531    -25590   ...    29510       123    -25256    -18574    -22111  
B = 
   18087  
   21764  
  -30632  
   12020  
   -1368  
    ...   
   10128  
   23451  
   24399  
  -22203  
  -21632  
Running Kernel (iteration 0).
Running Kernel (iteration 1).
Verifying against reference matmul ...
Verify time: 0.00 s.

Avg NPU matmul time: 572.00us.
Avg NPU gflops: 4.12

Min NPU matmul time: 572.00us.
Max NPU gflops: 4.12

Max NPU matmul time: 572.00us.
Min NPU gflops: 4.12

PASS!

rm -rf tmpTrace parse*.json trace*json trace.txt
rm -rf build _build matrix_vector.exe
mkdir -p build
python3 /home/adam/mlir-aie/programming_examples/basic/matrix_multiplication/matrix_vector_4x4/matrix_vector.py --dev npu -M 1536 -K 1024 -N 1 --dtype_in i16 --dtype_out i16 --trace_size 0 > build/aie_1536x1024x1.mlir
mkdir -p build
cd build && /home/adam/mlir-aie/ironenv/lib/python3.12/site-packages/llvm-aie/bin/clang++ -O2 -std=c++20 --target=aie2-none-unknown-elf -Wno-parentheses -Wno-attributes -Wno-macro-redefined -Wno-empty-body -DNDEBUG -I /home/adam/mlir-aie/ironenv/lib/python3.12/site-packages/mlir_aie/include  -DBIT_WIDTH=8 -DDIM_M=32 -DDIM_K=32 -c /home/adam/mlir-aie/programming_examples/basic/matrix_multiplication/matrix_vector_4x4/../../../../aie_kernels/aie2/mv.cc -o mv_32x32.o
mkdir -p build
cd build && aiecc.py --alloc-scheme=basic-sequential --aie-generate-xclbin --no-compile-host --xclbin-name=final_1536x1024x1.xclbin \
			 --no-xchesscc --no-xbridge --peano /home/adam/mlir-aie/ironenv/lib/python3.12/site-packages/llvm-aie \
			--aie-generate-npu-insts --npu-insts-name=insts_1536x1024x1.txt ../build/aie_1536x1024x1.mlir


****** Bootgen v2024.1
  **** Build date : Apr 22 2025-04:12:47
    ** Copyright 1986-2022 Xilinx, Inc. All Rights Reserved.
    ** Copyright 2022-2024 Advanced Micro Devices, Inc. All Rights Reserved.


[INFO]   : Bootimage generated successfully

Info: Embedded Metadata section is missing project.platform.device.core element, adding it.
Found xchesscc at /home/adam/libraries/vitis_aie_essential
 AIE Compilation: ━━━━━━━━━━━━━━━━━━━━━━━━━━    94% 0:00:01 0:00:00 16/17 4 Workers
Generating: /home/adam/mlir-aie/programming_examples/basic/matrix_multiplication/matrix_vector_4x4/build/aie_1536x1024x1.mlir.prj/aie_cdo_elfs.bin
Generating: /home/adam/mlir-aie/programming_examples/basic/matrix_multiplication/matrix_vector_4x4/build/aie_1536x1024x1.mlir.prj/aie_cdo_init.bin
Generating: /home/adam/mlir-aie/programming_examples/basic/matrix_multiplication/matrix_vector_4x4/build/aie_1536x1024x1.mlir.prj/aie_cdo_enable.bin
rm -rf _build
mkdir -p _build
cd _build &&  cmake -E env CXXFLAGS="-std=c++23 -ggdb -DDTYPE_IN=int16_t -DDTYPE_OUT=int16_t -DDTYPE_ACC=int16_t" \
	cmake /home/adam/mlir-aie/programming_examples/basic/matrix_multiplication/matrix_vector_4x4/.. -D CMAKE_C_COMPILER=gcc-13 -D CMAKE_CXX_COMPILER=g++-13 -DTARGET_NAME=matrix_vector -Dsubdir=matrix_vector
CMake Deprecation Warning at CMakeLists.txt:13 (cmake_minimum_required):
  Compatibility with CMake < 3.10 will be removed from a future version of
  CMake.

  Update the VERSION argument <min> value.  Or, use the <min>...<max> syntax
  to tell CMake that the project requires at least <min> but has been updated
  to work with policies introduced by <max> or earlier.


-- The C compiler identification is GNU 13.3.0
-- The CXX compiler identification is GNU 13.3.0
-- Detecting C compiler ABI info
-- Detecting C compiler ABI info - done
-- Check for working C compiler: /usr/bin/gcc-13 - skipped
-- Detecting C compile features
-- Detecting C compile features - done
-- Detecting CXX compiler ABI info
-- Detecting CXX compiler ABI info - done
-- Check for working CXX compiler: /usr/bin/g++-13 - skipped
-- Detecting CXX compile features
-- Detecting CXX compile features - done
-- Configuring done (0.2s)
-- Generating done (0.0s)
-- Build files have been written to: /home/adam/mlir-aie/programming_examples/basic/matrix_multiplication/matrix_vector_4x4/_build
cd _build &&  cmake --build . --config Release
gmake[1]: Entering directory '/home/adam/mlir-aie/programming_examples/basic/matrix_multiplication/matrix_vector_4x4/_build'
gmake[2]: Entering directory '/home/adam/mlir-aie/programming_examples/basic/matrix_multiplication/matrix_vector_4x4/_build'
gmake[3]: Entering directory '/home/adam/mlir-aie/programming_examples/basic/matrix_multiplication/matrix_vector_4x4/_build'
gmake[3]: Leaving directory '/home/adam/mlir-aie/programming_examples/basic/matrix_multiplication/matrix_vector_4x4/_build'
gmake[3]: Entering directory '/home/adam/mlir-aie/programming_examples/basic/matrix_multiplication/matrix_vector_4x4/_build'
[ 33%] Building CXX object CMakeFiles/matrix_vector.dir/home/adam/mlir-aie/runtime_lib/test_lib/test_utils.cpp.o
[ 66%] Building CXX object CMakeFiles/matrix_vector.dir/matrix_vector/test.cpp.o
[100%] Linking CXX executable matrix_vector
gmake[3]: Leaving directory '/home/adam/mlir-aie/programming_examples/basic/matrix_multiplication/matrix_vector_4x4/_build'
[100%] Built target matrix_vector
gmake[2]: Leaving directory '/home/adam/mlir-aie/programming_examples/basic/matrix_multiplication/matrix_vector_4x4/_build'
gmake[1]: Leaving directory '/home/adam/mlir-aie/programming_examples/basic/matrix_multiplication/matrix_vector_4x4/_build'
cp _build/matrix_vector matrix_vector.exe 
export XRT_HACK_UNSECURE_LOADING_XCLBIN=1 && \
 ./matrix_vector.exe -x build/final_1536x1024x1.xclbin -i build/insts_1536x1024x1.txt -k MLIR_AIE -M 1536 -K 1024 -N 1 -v 2 --warmup 1 --iters 1
Matrix size 1536x1024x1
Sequence instr count: 1216
Loading xclbin: build/final_1536x1024x1.xclbin
Kernel opcode: MLIR_AIE
Name: MLIR_AIE
Registering xclbin: build/final_1536x1024x1.xclbin
Getting hardware context.
Getting handle to kernel:MLIR_AIE
Writing data into buffer objects.
DTYPE_IN  = int16_t
DTYPE_OUT = int16_t
Verification tolerance 0 absolute, 0 relative.
A = 
   13457    -28205    -19666      -205     27690   ...   -24288     17254    -27732     13616      9265  
    8270      7756    -21346    -28428      2391   ...   -20578      4098    -23419     -7351    -10163  
    5010    -22765    -18207     13956    -18539   ...    12253     19015    -31779    -15583     30261  
  -27185    -27058    -18100    -26436     10876   ...     9403    -21376    -24766     23857     21679  
  -28747    -14421      8350     25515     20987   ...    -6885     29354    -15217    -14490     26568  
    ...       ...       ...       ...       ...    ...     ...       ...       ...       ...       ...   
    5628     -5982     -7123     26409     -7299   ...   -15839     11926      3161      3830    -15183  
   -2784     20893    -17968      9603     -9457   ...     9831     -5858     25652    -29728    -31567  
    7600      -970     18865     23365      -557   ...     9845    -18494     -6676    -32517    -20736  
  -10744      5749     -6819     32583    -19423   ...   -32710     -3645     23623     -5894    -22729  
  -15020     21729    -25900     -8427      2388   ...     5995    -14130    -31747     15467     27380  
B = 
  -12710  
   -1165  
   16698  
   17375  
   16237  
    ...   
   -4130  
  -11883  
   31131  
     433  
  -25786  
Running Kernel (iteration 0).
Running Kernel (iteration 1).
Verifying against reference matmul ...
Verify time: 0.00 s.

Avg NPU matmul time: 778.00us.
Avg NPU gflops: 4.04

Min NPU matmul time: 778.00us.
Max NPU gflops: 4.04

Max NPU matmul time: 778.00us.
Min NPU gflops: 4.04

PASS!

rm -rf tmpTrace parse*.json trace*json trace.txt
rm -rf build _build matrix_vector.exe
mkdir -p build
python3 /home/adam/mlir-aie/programming_examples/basic/matrix_multiplication/matrix_vector_4x4/matrix_vector.py --dev npu -M 1536 -K 1280 -N 1 --dtype_in i16 --dtype_out i16 --trace_size 0 > build/aie_1536x1280x1.mlir
mkdir -p build
cd build && /home/adam/mlir-aie/ironenv/lib/python3.12/site-packages/llvm-aie/bin/clang++ -O2 -std=c++20 --target=aie2-none-unknown-elf -Wno-parentheses -Wno-attributes -Wno-macro-redefined -Wno-empty-body -DNDEBUG -I /home/adam/mlir-aie/ironenv/lib/python3.12/site-packages/mlir_aie/include  -DBIT_WIDTH=8 -DDIM_M=32 -DDIM_K=32 -c /home/adam/mlir-aie/programming_examples/basic/matrix_multiplication/matrix_vector_4x4/../../../../aie_kernels/aie2/mv.cc -o mv_32x32.o
mkdir -p build
cd build && aiecc.py --alloc-scheme=basic-sequential --aie-generate-xclbin --no-compile-host --xclbin-name=final_1536x1280x1.xclbin \
			 --no-xchesscc --no-xbridge --peano /home/adam/mlir-aie/ironenv/lib/python3.12/site-packages/llvm-aie \
			--aie-generate-npu-insts --npu-insts-name=insts_1536x1280x1.txt ../build/aie_1536x1280x1.mlir


****** Bootgen v2024.1
  **** Build date : Apr 22 2025-04:12:47
    ** Copyright 1986-2022 Xilinx, Inc. All Rights Reserved.
    ** Copyright 2022-2024 Advanced Micro Devices, Inc. All Rights Reserved.


[INFO]   : Bootimage generated successfully

Info: Embedded Metadata section is missing project.platform.device.core element, adding it.
Found xchesscc at /home/adam/libraries/vitis_aie_essential
 AIE Compilation: ━━━━━━━━━━━━━━━━━━━━━━━━━━    94% 0:00:01 0:00:00 16/17 4 Workers
Generating: /home/adam/mlir-aie/programming_examples/basic/matrix_multiplication/matrix_vector_4x4/build/aie_1536x1280x1.mlir.prj/aie_cdo_elfs.bin
Generating: /home/adam/mlir-aie/programming_examples/basic/matrix_multiplication/matrix_vector_4x4/build/aie_1536x1280x1.mlir.prj/aie_cdo_init.bin
Generating: /home/adam/mlir-aie/programming_examples/basic/matrix_multiplication/matrix_vector_4x4/build/aie_1536x1280x1.mlir.prj/aie_cdo_enable.bin
rm -rf _build
mkdir -p _build
cd _build &&  cmake -E env CXXFLAGS="-std=c++23 -ggdb -DDTYPE_IN=int16_t -DDTYPE_OUT=int16_t -DDTYPE_ACC=int16_t" \
	cmake /home/adam/mlir-aie/programming_examples/basic/matrix_multiplication/matrix_vector_4x4/.. -D CMAKE_C_COMPILER=gcc-13 -D CMAKE_CXX_COMPILER=g++-13 -DTARGET_NAME=matrix_vector -Dsubdir=matrix_vector
CMake Deprecation Warning at CMakeLists.txt:13 (cmake_minimum_required):
  Compatibility with CMake < 3.10 will be removed from a future version of
  CMake.

  Update the VERSION argument <min> value.  Or, use the <min>...<max> syntax
  to tell CMake that the project requires at least <min> but has been updated
  to work with policies introduced by <max> or earlier.


-- The C compiler identification is GNU 13.3.0
-- The CXX compiler identification is GNU 13.3.0
-- Detecting C compiler ABI info
-- Detecting C compiler ABI info - done
-- Check for working C compiler: /usr/bin/gcc-13 - skipped
-- Detecting C compile features
-- Detecting C compile features - done
-- Detecting CXX compiler ABI info
-- Detecting CXX compiler ABI info - done
-- Check for working CXX compiler: /usr/bin/g++-13 - skipped
-- Detecting CXX compile features
-- Detecting CXX compile features - done
-- Configuring done (0.2s)
-- Generating done (0.0s)
-- Build files have been written to: /home/adam/mlir-aie/programming_examples/basic/matrix_multiplication/matrix_vector_4x4/_build
cd _build &&  cmake --build . --config Release
gmake[1]: Entering directory '/home/adam/mlir-aie/programming_examples/basic/matrix_multiplication/matrix_vector_4x4/_build'
gmake[2]: Entering directory '/home/adam/mlir-aie/programming_examples/basic/matrix_multiplication/matrix_vector_4x4/_build'
gmake[3]: Entering directory '/home/adam/mlir-aie/programming_examples/basic/matrix_multiplication/matrix_vector_4x4/_build'
gmake[3]: Leaving directory '/home/adam/mlir-aie/programming_examples/basic/matrix_multiplication/matrix_vector_4x4/_build'
gmake[3]: Entering directory '/home/adam/mlir-aie/programming_examples/basic/matrix_multiplication/matrix_vector_4x4/_build'
[ 33%] Building CXX object CMakeFiles/matrix_vector.dir/home/adam/mlir-aie/runtime_lib/test_lib/test_utils.cpp.o
[ 66%] Building CXX object CMakeFiles/matrix_vector.dir/matrix_vector/test.cpp.o
[100%] Linking CXX executable matrix_vector
gmake[3]: Leaving directory '/home/adam/mlir-aie/programming_examples/basic/matrix_multiplication/matrix_vector_4x4/_build'
[100%] Built target matrix_vector
gmake[2]: Leaving directory '/home/adam/mlir-aie/programming_examples/basic/matrix_multiplication/matrix_vector_4x4/_build'
gmake[1]: Leaving directory '/home/adam/mlir-aie/programming_examples/basic/matrix_multiplication/matrix_vector_4x4/_build'
cp _build/matrix_vector matrix_vector.exe 
export XRT_HACK_UNSECURE_LOADING_XCLBIN=1 && \
 ./matrix_vector.exe -x build/final_1536x1280x1.xclbin -i build/insts_1536x1280x1.txt -k MLIR_AIE -M 1536 -K 1280 -N 1 -v 2 --warmup 1 --iters 1
Matrix size 1536x1280x1
Sequence instr count: 1216
Loading xclbin: build/final_1536x1280x1.xclbin
Kernel opcode: MLIR_AIE
Name: MLIR_AIE
Registering xclbin: build/final_1536x1280x1.xclbin
Getting hardware context.
Getting handle to kernel:MLIR_AIE
Writing data into buffer objects.
DTYPE_IN  = int16_t
DTYPE_OUT = int16_t
Verification tolerance 0 absolute, 0 relative.
A = 
   13457    -28205    -19666      -205     27690   ...   -27895     26930    -21440      6434     10718  
  -30406      5972      8420    -23045      5725   ...     4569     -7735     23942      3905    -15435  
   12793     24534     22596     29156      3283   ...   -16984      2790    -11058     32289    -27586  
   27802     20057     26289     15090     -4363   ...    -6885     29354    -15217    -14490     26568  
   22519    -24617    -27476    -16322    -16138   ...    11958     18394     -3666    -14297    -12951  
    ...       ...       ...       ...       ...    ...     ...       ...       ...       ...       ...   
   13710     -8514     -4838    -24448     26736   ...     3830    -21428    -24417     21861    -31914  
   -2691     -3451     21797     10480    -14993   ...    25632    -14269     26025     29955    -26790  
   19495    -27390     29471    -22235     -1558   ...   -20694       381     -9454    -13377    -28498  
    9997     -2674     19404      1942      9221   ...     5500     29684     -2580    -29126     -2252  
  -14309     -6924    -32226     21897     23066   ...      139      1141      6683    -15917     20914  
B = 
    5937  
   -4089  
   13631  
    1507  
   32692  
    ...   
  -13906  
  -17427  
  -29424  
  -22459  
  -13526  
Running Kernel (iteration 0).
Running Kernel (iteration 1).
Verifying against reference matmul ...
Verify time: 0.00 s.

Avg NPU matmul time: 619.00us.
Avg NPU gflops: 6.35

Min NPU matmul time: 619.00us.
Max NPU gflops: 6.35

Max NPU matmul time: 619.00us.
Min NPU gflops: 6.35

PASS!

rm -rf tmpTrace parse*.json trace*json trace.txt
rm -rf build _build matrix_vector.exe
mkdir -p build
python3 /home/adam/mlir-aie/programming_examples/basic/matrix_multiplication/matrix_vector_4x4/matrix_vector.py --dev npu -M 1536 -K 1536 -N 1 --dtype_in i16 --dtype_out i16 --trace_size 0 > build/aie_1536x1536x1.mlir
mkdir -p build
cd build && /home/adam/mlir-aie/ironenv/lib/python3.12/site-packages/llvm-aie/bin/clang++ -O2 -std=c++20 --target=aie2-none-unknown-elf -Wno-parentheses -Wno-attributes -Wno-macro-redefined -Wno-empty-body -DNDEBUG -I /home/adam/mlir-aie/ironenv/lib/python3.12/site-packages/mlir_aie/include  -DBIT_WIDTH=8 -DDIM_M=32 -DDIM_K=32 -c /home/adam/mlir-aie/programming_examples/basic/matrix_multiplication/matrix_vector_4x4/../../../../aie_kernels/aie2/mv.cc -o mv_32x32.o
mkdir -p build
cd build && aiecc.py --alloc-scheme=basic-sequential --aie-generate-xclbin --no-compile-host --xclbin-name=final_1536x1536x1.xclbin \
			 --no-xchesscc --no-xbridge --peano /home/adam/mlir-aie/ironenv/lib/python3.12/site-packages/llvm-aie \
			--aie-generate-npu-insts --npu-insts-name=insts_1536x1536x1.txt ../build/aie_1536x1536x1.mlir


****** Bootgen v2024.1
  **** Build date : Apr 22 2025-04:12:47
    ** Copyright 1986-2022 Xilinx, Inc. All Rights Reserved.
    ** Copyright 2022-2024 Advanced Micro Devices, Inc. All Rights Reserved.


[INFO]   : Bootimage generated successfully

Info: Embedded Metadata section is missing project.platform.device.core element, adding it.
Found xchesscc at /home/adam/libraries/vitis_aie_essential
 AIE Compilation: ━━━━━━━━━━━━━━━━━━━━━━━━━━    94% 0:00:01 0:00:00 16/17 4 Workers
Generating: /home/adam/mlir-aie/programming_examples/basic/matrix_multiplication/matrix_vector_4x4/build/aie_1536x1536x1.mlir.prj/aie_cdo_elfs.bin
Generating: /home/adam/mlir-aie/programming_examples/basic/matrix_multiplication/matrix_vector_4x4/build/aie_1536x1536x1.mlir.prj/aie_cdo_init.bin
Generating: /home/adam/mlir-aie/programming_examples/basic/matrix_multiplication/matrix_vector_4x4/build/aie_1536x1536x1.mlir.prj/aie_cdo_enable.bin
rm -rf _build
mkdir -p _build
cd _build &&  cmake -E env CXXFLAGS="-std=c++23 -ggdb -DDTYPE_IN=int16_t -DDTYPE_OUT=int16_t -DDTYPE_ACC=int16_t" \
	cmake /home/adam/mlir-aie/programming_examples/basic/matrix_multiplication/matrix_vector_4x4/.. -D CMAKE_C_COMPILER=gcc-13 -D CMAKE_CXX_COMPILER=g++-13 -DTARGET_NAME=matrix_vector -Dsubdir=matrix_vector
CMake Deprecation Warning at CMakeLists.txt:13 (cmake_minimum_required):
  Compatibility with CMake < 3.10 will be removed from a future version of
  CMake.

  Update the VERSION argument <min> value.  Or, use the <min>...<max> syntax
  to tell CMake that the project requires at least <min> but has been updated
  to work with policies introduced by <max> or earlier.


-- The C compiler identification is GNU 13.3.0
-- The CXX compiler identification is GNU 13.3.0
-- Detecting C compiler ABI info
-- Detecting C compiler ABI info - done
-- Check for working C compiler: /usr/bin/gcc-13 - skipped
-- Detecting C compile features
-- Detecting C compile features - done
-- Detecting CXX compiler ABI info
-- Detecting CXX compiler ABI info - done
-- Check for working CXX compiler: /usr/bin/g++-13 - skipped
-- Detecting CXX compile features
-- Detecting CXX compile features - done
-- Configuring done (0.2s)
-- Generating done (0.0s)
-- Build files have been written to: /home/adam/mlir-aie/programming_examples/basic/matrix_multiplication/matrix_vector_4x4/_build
cd _build &&  cmake --build . --config Release
gmake[1]: Entering directory '/home/adam/mlir-aie/programming_examples/basic/matrix_multiplication/matrix_vector_4x4/_build'
gmake[2]: Entering directory '/home/adam/mlir-aie/programming_examples/basic/matrix_multiplication/matrix_vector_4x4/_build'
gmake[3]: Entering directory '/home/adam/mlir-aie/programming_examples/basic/matrix_multiplication/matrix_vector_4x4/_build'
gmake[3]: Leaving directory '/home/adam/mlir-aie/programming_examples/basic/matrix_multiplication/matrix_vector_4x4/_build'
gmake[3]: Entering directory '/home/adam/mlir-aie/programming_examples/basic/matrix_multiplication/matrix_vector_4x4/_build'
[ 33%] Building CXX object CMakeFiles/matrix_vector.dir/home/adam/mlir-aie/runtime_lib/test_lib/test_utils.cpp.o
[ 66%] Building CXX object CMakeFiles/matrix_vector.dir/matrix_vector/test.cpp.o
[100%] Linking CXX executable matrix_vector
gmake[3]: Leaving directory '/home/adam/mlir-aie/programming_examples/basic/matrix_multiplication/matrix_vector_4x4/_build'
[100%] Built target matrix_vector
gmake[2]: Leaving directory '/home/adam/mlir-aie/programming_examples/basic/matrix_multiplication/matrix_vector_4x4/_build'
gmake[1]: Leaving directory '/home/adam/mlir-aie/programming_examples/basic/matrix_multiplication/matrix_vector_4x4/_build'
cp _build/matrix_vector matrix_vector.exe 
export XRT_HACK_UNSECURE_LOADING_XCLBIN=1 && \
 ./matrix_vector.exe -x build/final_1536x1536x1.xclbin -i build/insts_1536x1536x1.txt -k MLIR_AIE -M 1536 -K 1536 -N 1 -v 2 --warmup 1 --iters 1
Matrix size 1536x1536x1
Sequence instr count: 1216
Loading xclbin: build/final_1536x1536x1.xclbin
Kernel opcode: MLIR_AIE
Name: MLIR_AIE
Registering xclbin: build/final_1536x1536x1.xclbin
Getting hardware context.
Getting handle to kernel:MLIR_AIE
Writing data into buffer objects.
DTYPE_IN  = int16_t
DTYPE_OUT = int16_t
Verification tolerance 0 absolute, 0 relative.
A = 
   13457    -28205    -19666      -205     27690   ...     1142    -17068    -29328      2901     31216  
  -29798      9724    -21391     -7037      -616   ...    12253     19015    -31779    -15583     30261  
  -27185    -27058    -18100    -26436     10876   ...    11950    -25277    -22695     19736      3576  
  -23340      6832    -15019     24934    -24835   ...    22623      7961    -20902     -8833     -9951  
   10422      7551     13156    -16341     32222   ...    29876     18072    -19890    -12283    -25212  
    ...       ...       ...       ...       ...    ...     ...       ...       ...       ...       ...   
   24686     32694     23468     21569     29342   ...     1615      8953    -18786       497    -22888  
   22881    -10732     17532     20559    -29647   ...    -8421      2695    -22583    -27995     14357  
   19973    -25648     23223    -28470    -24057   ...     2365    -21785     -8666     30597     12315  
   20565    -15946     28232      5899    -21300   ...     1344     22664    -18203    -11755    -20890  
  -31553     -6116     26251    -16921    -12216   ...    20694      1172    -17235    -22384     10720  
B = 
    7689  
   24456  
   28944  
   -7543  
    3049  
    ...   
  -18588  
   24625  
  -18811  
   27669  
   19872  
Running Kernel (iteration 0).
Running Kernel (iteration 1).
Verifying against reference matmul ...
Verify time: 0.00 s.

Avg NPU matmul time: 576.00us.
Avg NPU gflops: 8.19

Min NPU matmul time: 576.00us.
Max NPU gflops: 8.19

Max NPU matmul time: 576.00us.
Min NPU gflops: 8.19

PASS!

rm -rf tmpTrace parse*.json trace*json trace.txt
rm -rf build _build matrix_vector.exe
mkdir -p build
python3 /home/adam/mlir-aie/programming_examples/basic/matrix_multiplication/matrix_vector_4x4/matrix_vector.py --dev npu -M 1536 -K 1792 -N 1 --dtype_in i16 --dtype_out i16 --trace_size 0 > build/aie_1536x1792x1.mlir
mkdir -p build
cd build && /home/adam/mlir-aie/ironenv/lib/python3.12/site-packages/llvm-aie/bin/clang++ -O2 -std=c++20 --target=aie2-none-unknown-elf -Wno-parentheses -Wno-attributes -Wno-macro-redefined -Wno-empty-body -DNDEBUG -I /home/adam/mlir-aie/ironenv/lib/python3.12/site-packages/mlir_aie/include  -DBIT_WIDTH=8 -DDIM_M=32 -DDIM_K=32 -c /home/adam/mlir-aie/programming_examples/basic/matrix_multiplication/matrix_vector_4x4/../../../../aie_kernels/aie2/mv.cc -o mv_32x32.o
mkdir -p build
cd build && aiecc.py --alloc-scheme=basic-sequential --aie-generate-xclbin --no-compile-host --xclbin-name=final_1536x1792x1.xclbin \
			 --no-xchesscc --no-xbridge --peano /home/adam/mlir-aie/ironenv/lib/python3.12/site-packages/llvm-aie \
			--aie-generate-npu-insts --npu-insts-name=insts_1536x1792x1.txt ../build/aie_1536x1792x1.mlir


****** Bootgen v2024.1
  **** Build date : Apr 22 2025-04:12:47
    ** Copyright 1986-2022 Xilinx, Inc. All Rights Reserved.
    ** Copyright 2022-2024 Advanced Micro Devices, Inc. All Rights Reserved.


[INFO]   : Bootimage generated successfully

Info: Embedded Metadata section is missing project.platform.device.core element, adding it.
Found xchesscc at /home/adam/libraries/vitis_aie_essential
 AIE Compilation: ━━━━━━━━━━━━━━━━━━━━━━━━━━    94% 0:00:01 0:00:00 16/17 4 Workers
Generating: /home/adam/mlir-aie/programming_examples/basic/matrix_multiplication/matrix_vector_4x4/build/aie_1536x1792x1.mlir.prj/aie_cdo_elfs.bin
Generating: /home/adam/mlir-aie/programming_examples/basic/matrix_multiplication/matrix_vector_4x4/build/aie_1536x1792x1.mlir.prj/aie_cdo_init.bin
Generating: /home/adam/mlir-aie/programming_examples/basic/matrix_multiplication/matrix_vector_4x4/build/aie_1536x1792x1.mlir.prj/aie_cdo_enable.bin
rm -rf _build
mkdir -p _build
cd _build &&  cmake -E env CXXFLAGS="-std=c++23 -ggdb -DDTYPE_IN=int16_t -DDTYPE_OUT=int16_t -DDTYPE_ACC=int16_t" \
	cmake /home/adam/mlir-aie/programming_examples/basic/matrix_multiplication/matrix_vector_4x4/.. -D CMAKE_C_COMPILER=gcc-13 -D CMAKE_CXX_COMPILER=g++-13 -DTARGET_NAME=matrix_vector -Dsubdir=matrix_vector
CMake Deprecation Warning at CMakeLists.txt:13 (cmake_minimum_required):
  Compatibility with CMake < 3.10 will be removed from a future version of
  CMake.

  Update the VERSION argument <min> value.  Or, use the <min>...<max> syntax
  to tell CMake that the project requires at least <min> but has been updated
  to work with policies introduced by <max> or earlier.


-- The C compiler identification is GNU 13.3.0
-- The CXX compiler identification is GNU 13.3.0
-- Detecting C compiler ABI info
-- Detecting C compiler ABI info - done
-- Check for working C compiler: /usr/bin/gcc-13 - skipped
-- Detecting C compile features
-- Detecting C compile features - done
-- Detecting CXX compiler ABI info
-- Detecting CXX compiler ABI info - done
-- Check for working CXX compiler: /usr/bin/g++-13 - skipped
-- Detecting CXX compile features
-- Detecting CXX compile features - done
-- Configuring done (0.2s)
-- Generating done (0.0s)
-- Build files have been written to: /home/adam/mlir-aie/programming_examples/basic/matrix_multiplication/matrix_vector_4x4/_build
cd _build &&  cmake --build . --config Release
gmake[1]: Entering directory '/home/adam/mlir-aie/programming_examples/basic/matrix_multiplication/matrix_vector_4x4/_build'
gmake[2]: Entering directory '/home/adam/mlir-aie/programming_examples/basic/matrix_multiplication/matrix_vector_4x4/_build'
gmake[3]: Entering directory '/home/adam/mlir-aie/programming_examples/basic/matrix_multiplication/matrix_vector_4x4/_build'
gmake[3]: Leaving directory '/home/adam/mlir-aie/programming_examples/basic/matrix_multiplication/matrix_vector_4x4/_build'
gmake[3]: Entering directory '/home/adam/mlir-aie/programming_examples/basic/matrix_multiplication/matrix_vector_4x4/_build'
[ 33%] Building CXX object CMakeFiles/matrix_vector.dir/home/adam/mlir-aie/runtime_lib/test_lib/test_utils.cpp.o
[ 66%] Building CXX object CMakeFiles/matrix_vector.dir/matrix_vector/test.cpp.o
[100%] Linking CXX executable matrix_vector
gmake[3]: Leaving directory '/home/adam/mlir-aie/programming_examples/basic/matrix_multiplication/matrix_vector_4x4/_build'
[100%] Built target matrix_vector
gmake[2]: Leaving directory '/home/adam/mlir-aie/programming_examples/basic/matrix_multiplication/matrix_vector_4x4/_build'
gmake[1]: Leaving directory '/home/adam/mlir-aie/programming_examples/basic/matrix_multiplication/matrix_vector_4x4/_build'
cp _build/matrix_vector matrix_vector.exe 
export XRT_HACK_UNSECURE_LOADING_XCLBIN=1 && \
 ./matrix_vector.exe -x build/final_1536x1792x1.xclbin -i build/insts_1536x1792x1.txt -k MLIR_AIE -M 1536 -K 1792 -N 1 -v 2 --warmup 1 --iters 1
Matrix size 1536x1792x1
Sequence instr count: 1216
Loading xclbin: build/final_1536x1792x1.xclbin
Kernel opcode: MLIR_AIE
Name: MLIR_AIE
Registering xclbin: build/final_1536x1792x1.xclbin
Getting hardware context.
Getting handle to kernel:MLIR_AIE
Writing data into buffer objects.
DTYPE_IN  = int16_t
DTYPE_OUT = int16_t
Verification tolerance 0 absolute, 0 relative.
A = 
   13457    -28205    -19666      -205     27690   ...   -26500     18204    -30790     16385     11310  
   -6079    -21280     23624     16276    -25475   ...   -16215     -7445     24823     -3592    -29401  
  -19727    -10493     -6400    -21983     23367   ...    -1499      2831    -18206     12888     11022  
   17017     -4003     22352       750     -3608   ...   -27285     25613    -12121    -14906     19522  
    6246      -530    -21554    -24320      8726   ...     9498    -27014    -10486    -30237     29033  
    ...       ...       ...       ...       ...    ...     ...       ...       ...       ...       ...   
   16337    -19863     -2177     31520    -18771   ...    28666    -16310     17844      3521     26074  
   25408     -2549    -19965    -21715    -13146   ...    25251    -10032    -19936    -22526     23057  
  -30402     27457     26878     19534     30120   ...    28107      5281     13443     -7607    -23568  
   26123       104      8503    -28444    -30853   ...    28690     17047     31437    -31913     16183  
  -15669    -15533     27199     12956    -26071   ...    22463    -32463    -26423    -20996     -9789  
B = 
   10357  
   22686  
   -2973  
   -6893  
   -9844  
    ...   
   24638  
  -15948  
    9756  
    6749  
   12853  
Running Kernel (iteration 0).
Running Kernel (iteration 1).
Verifying against reference matmul ...
Verify time: 0.00 s.

Avg NPU matmul time: 724.00us.
Avg NPU gflops: 7.60

Min NPU matmul time: 724.00us.
Max NPU gflops: 7.60

Max NPU matmul time: 724.00us.
Min NPU gflops: 7.60

PASS!

rm -rf tmpTrace parse*.json trace*json trace.txt
rm -rf build _build matrix_vector.exe
mkdir -p build
python3 /home/adam/mlir-aie/programming_examples/basic/matrix_multiplication/matrix_vector_4x4/matrix_vector.py --dev npu -M 1536 -K 2048 -N 1 --dtype_in i16 --dtype_out i16 --trace_size 0 > build/aie_1536x2048x1.mlir
mkdir -p build
cd build && /home/adam/mlir-aie/ironenv/lib/python3.12/site-packages/llvm-aie/bin/clang++ -O2 -std=c++20 --target=aie2-none-unknown-elf -Wno-parentheses -Wno-attributes -Wno-macro-redefined -Wno-empty-body -DNDEBUG -I /home/adam/mlir-aie/ironenv/lib/python3.12/site-packages/mlir_aie/include  -DBIT_WIDTH=8 -DDIM_M=32 -DDIM_K=32 -c /home/adam/mlir-aie/programming_examples/basic/matrix_multiplication/matrix_vector_4x4/../../../../aie_kernels/aie2/mv.cc -o mv_32x32.o
mkdir -p build
cd build && aiecc.py --alloc-scheme=basic-sequential --aie-generate-xclbin --no-compile-host --xclbin-name=final_1536x2048x1.xclbin \
			 --no-xchesscc --no-xbridge --peano /home/adam/mlir-aie/ironenv/lib/python3.12/site-packages/llvm-aie \
			--aie-generate-npu-insts --npu-insts-name=insts_1536x2048x1.txt ../build/aie_1536x2048x1.mlir


****** Bootgen v2024.1
  **** Build date : Apr 22 2025-04:12:47
    ** Copyright 1986-2022 Xilinx, Inc. All Rights Reserved.
    ** Copyright 2022-2024 Advanced Micro Devices, Inc. All Rights Reserved.


[INFO]   : Bootimage generated successfully

Info: Embedded Metadata section is missing project.platform.device.core element, adding it.
Found xchesscc at /home/adam/libraries/vitis_aie_essential
 AIE Compilation: ━━━━━━━━━━━━━━━━━━━━━━━━━━    94% 0:00:01 0:00:00 16/17 4 Workers
Generating: /home/adam/mlir-aie/programming_examples/basic/matrix_multiplication/matrix_vector_4x4/build/aie_1536x2048x1.mlir.prj/aie_cdo_elfs.bin
Generating: /home/adam/mlir-aie/programming_examples/basic/matrix_multiplication/matrix_vector_4x4/build/aie_1536x2048x1.mlir.prj/aie_cdo_init.bin
Generating: /home/adam/mlir-aie/programming_examples/basic/matrix_multiplication/matrix_vector_4x4/build/aie_1536x2048x1.mlir.prj/aie_cdo_enable.bin
rm -rf _build
mkdir -p _build
cd _build &&  cmake -E env CXXFLAGS="-std=c++23 -ggdb -DDTYPE_IN=int16_t -DDTYPE_OUT=int16_t -DDTYPE_ACC=int16_t" \
	cmake /home/adam/mlir-aie/programming_examples/basic/matrix_multiplication/matrix_vector_4x4/.. -D CMAKE_C_COMPILER=gcc-13 -D CMAKE_CXX_COMPILER=g++-13 -DTARGET_NAME=matrix_vector -Dsubdir=matrix_vector
CMake Deprecation Warning at CMakeLists.txt:13 (cmake_minimum_required):
  Compatibility with CMake < 3.10 will be removed from a future version of
  CMake.

  Update the VERSION argument <min> value.  Or, use the <min>...<max> syntax
  to tell CMake that the project requires at least <min> but has been updated
  to work with policies introduced by <max> or earlier.


-- The C compiler identification is GNU 13.3.0
-- The CXX compiler identification is GNU 13.3.0
-- Detecting C compiler ABI info
-- Detecting C compiler ABI info - done
-- Check for working C compiler: /usr/bin/gcc-13 - skipped
-- Detecting C compile features
-- Detecting C compile features - done
-- Detecting CXX compiler ABI info
-- Detecting CXX compiler ABI info - done
-- Check for working CXX compiler: /usr/bin/g++-13 - skipped
-- Detecting CXX compile features
-- Detecting CXX compile features - done
-- Configuring done (0.2s)
-- Generating done (0.0s)
-- Build files have been written to: /home/adam/mlir-aie/programming_examples/basic/matrix_multiplication/matrix_vector_4x4/_build
cd _build &&  cmake --build . --config Release
gmake[1]: Entering directory '/home/adam/mlir-aie/programming_examples/basic/matrix_multiplication/matrix_vector_4x4/_build'
gmake[2]: Entering directory '/home/adam/mlir-aie/programming_examples/basic/matrix_multiplication/matrix_vector_4x4/_build'
gmake[3]: Entering directory '/home/adam/mlir-aie/programming_examples/basic/matrix_multiplication/matrix_vector_4x4/_build'
gmake[3]: Leaving directory '/home/adam/mlir-aie/programming_examples/basic/matrix_multiplication/matrix_vector_4x4/_build'
gmake[3]: Entering directory '/home/adam/mlir-aie/programming_examples/basic/matrix_multiplication/matrix_vector_4x4/_build'
[ 33%] Building CXX object CMakeFiles/matrix_vector.dir/home/adam/mlir-aie/runtime_lib/test_lib/test_utils.cpp.o
[ 66%] Building CXX object CMakeFiles/matrix_vector.dir/matrix_vector/test.cpp.o
[100%] Linking CXX executable matrix_vector
gmake[3]: Leaving directory '/home/adam/mlir-aie/programming_examples/basic/matrix_multiplication/matrix_vector_4x4/_build'
[100%] Built target matrix_vector
gmake[2]: Leaving directory '/home/adam/mlir-aie/programming_examples/basic/matrix_multiplication/matrix_vector_4x4/_build'
gmake[1]: Leaving directory '/home/adam/mlir-aie/programming_examples/basic/matrix_multiplication/matrix_vector_4x4/_build'
cp _build/matrix_vector matrix_vector.exe 
export XRT_HACK_UNSECURE_LOADING_XCLBIN=1 && \
 ./matrix_vector.exe -x build/final_1536x2048x1.xclbin -i build/insts_1536x2048x1.txt -k MLIR_AIE -M 1536 -K 2048 -N 1 -v 2 --warmup 1 --iters 1
Matrix size 1536x2048x1
Sequence instr count: 1216
Loading xclbin: build/final_1536x2048x1.xclbin
Kernel opcode: MLIR_AIE
Name: MLIR_AIE
Registering xclbin: build/final_1536x2048x1.xclbin
Getting hardware context.
Getting handle to kernel:MLIR_AIE
Writing data into buffer objects.
DTYPE_IN  = int16_t
DTYPE_OUT = int16_t
Verification tolerance 0 absolute, 0 relative.
A = 
   13457    -28205    -19666      -205     27690   ...   -20578      4098    -23419     -7351    -10163  
    5010    -22765    -18207     13956    -18539   ...     9403    -21376    -24766     23857     21679  
  -28747    -14421      8350     25515     20987   ...    22623      7961    -20902     -8833     -9951  
   10422      7551     13156    -16341     32222   ...   -19013     -9651    -16592     23388     19710  
   19875     27255    -32144    -31314    -10181   ...     -138      9353    -16851        47     13122  
    ...       ...       ...       ...       ...    ...     ...       ...       ...       ...       ...   
  -18706     19814     19758      9217    -19015   ...   -19094    -32674     28443    -19700    -18297  
     585     31865      2915     10153      7080   ...   -10294     27163     32566     26804    -26899  
   25269      5711     10046     15820    -23811   ...   -24663     -4115       121     -8914     12949  
  -10473    -22223     -2289     19332     21099   ...   -27531      7481     25444    -24357    -26422  
  -29668     -5135    -16690     14966     16761   ...     9738    -14711     20357     25342     26304  
B = 
  -16000  
  -30945  
   -8120  
  -28648  
  -13944  
    ...   
   21090  
  -19875  
    2772  
  -17575  
   30650  
Running Kernel (iteration 0).
Running Kernel (iteration 1).
Verifying against reference matmul ...
Verify time: 0.00 s.

Avg NPU matmul time: 753.00us.
Avg NPU gflops: 8.36

Min NPU matmul time: 753.00us.
Max NPU gflops: 8.36

Max NPU matmul time: 753.00us.
Min NPU gflops: 8.36

PASS!

rm -rf tmpTrace parse*.json trace*json trace.txt
rm -rf build _build matrix_vector.exe
mkdir -p build
python3 /home/adam/mlir-aie/programming_examples/basic/matrix_multiplication/matrix_vector_4x4/matrix_vector.py --dev npu -M 2048 -K 256 -N 1 --dtype_in i16 --dtype_out i16 --trace_size 0 > build/aie_2048x256x1.mlir
mkdir -p build
cd build && /home/adam/mlir-aie/ironenv/lib/python3.12/site-packages/llvm-aie/bin/clang++ -O2 -std=c++20 --target=aie2-none-unknown-elf -Wno-parentheses -Wno-attributes -Wno-macro-redefined -Wno-empty-body -DNDEBUG -I /home/adam/mlir-aie/ironenv/lib/python3.12/site-packages/mlir_aie/include  -DBIT_WIDTH=8 -DDIM_M=32 -DDIM_K=32 -c /home/adam/mlir-aie/programming_examples/basic/matrix_multiplication/matrix_vector_4x4/../../../../aie_kernels/aie2/mv.cc -o mv_32x32.o
mkdir -p build
cd build && aiecc.py --alloc-scheme=basic-sequential --aie-generate-xclbin --no-compile-host --xclbin-name=final_2048x256x1.xclbin \
			 --no-xchesscc --no-xbridge --peano /home/adam/mlir-aie/ironenv/lib/python3.12/site-packages/llvm-aie \
			--aie-generate-npu-insts --npu-insts-name=insts_2048x256x1.txt ../build/aie_2048x256x1.mlir


****** Bootgen v2024.1
  **** Build date : Apr 22 2025-04:12:47
    ** Copyright 1986-2022 Xilinx, Inc. All Rights Reserved.
    ** Copyright 2022-2024 Advanced Micro Devices, Inc. All Rights Reserved.


[INFO]   : Bootimage generated successfully

Info: Embedded Metadata section is missing project.platform.device.core element, adding it.
Found xchesscc at /home/adam/libraries/vitis_aie_essential
 AIE Compilation: ━━━━━━━━━━━━━━━━━━━━━━━━━━    94% 0:00:01 0:00:00 16/17 4 Workers
Generating: /home/adam/mlir-aie/programming_examples/basic/matrix_multiplication/matrix_vector_4x4/build/aie_2048x256x1.mlir.prj/aie_cdo_elfs.bin
Generating: /home/adam/mlir-aie/programming_examples/basic/matrix_multiplication/matrix_vector_4x4/build/aie_2048x256x1.mlir.prj/aie_cdo_init.bin
Generating: /home/adam/mlir-aie/programming_examples/basic/matrix_multiplication/matrix_vector_4x4/build/aie_2048x256x1.mlir.prj/aie_cdo_enable.bin
rm -rf _build
mkdir -p _build
cd _build &&  cmake -E env CXXFLAGS="-std=c++23 -ggdb -DDTYPE_IN=int16_t -DDTYPE_OUT=int16_t -DDTYPE_ACC=int16_t" \
	cmake /home/adam/mlir-aie/programming_examples/basic/matrix_multiplication/matrix_vector_4x4/.. -D CMAKE_C_COMPILER=gcc-13 -D CMAKE_CXX_COMPILER=g++-13 -DTARGET_NAME=matrix_vector -Dsubdir=matrix_vector
CMake Deprecation Warning at CMakeLists.txt:13 (cmake_minimum_required):
  Compatibility with CMake < 3.10 will be removed from a future version of
  CMake.

  Update the VERSION argument <min> value.  Or, use the <min>...<max> syntax
  to tell CMake that the project requires at least <min> but has been updated
  to work with policies introduced by <max> or earlier.


-- The C compiler identification is GNU 13.3.0
-- The CXX compiler identification is GNU 13.3.0
-- Detecting C compiler ABI info
-- Detecting C compiler ABI info - done
-- Check for working C compiler: /usr/bin/gcc-13 - skipped
-- Detecting C compile features
-- Detecting C compile features - done
-- Detecting CXX compiler ABI info
-- Detecting CXX compiler ABI info - done
-- Check for working CXX compiler: /usr/bin/g++-13 - skipped
-- Detecting CXX compile features
-- Detecting CXX compile features - done
-- Configuring done (0.2s)
-- Generating done (0.0s)
-- Build files have been written to: /home/adam/mlir-aie/programming_examples/basic/matrix_multiplication/matrix_vector_4x4/_build
cd _build &&  cmake --build . --config Release
gmake[1]: Entering directory '/home/adam/mlir-aie/programming_examples/basic/matrix_multiplication/matrix_vector_4x4/_build'
gmake[2]: Entering directory '/home/adam/mlir-aie/programming_examples/basic/matrix_multiplication/matrix_vector_4x4/_build'
gmake[3]: Entering directory '/home/adam/mlir-aie/programming_examples/basic/matrix_multiplication/matrix_vector_4x4/_build'
gmake[3]: Leaving directory '/home/adam/mlir-aie/programming_examples/basic/matrix_multiplication/matrix_vector_4x4/_build'
gmake[3]: Entering directory '/home/adam/mlir-aie/programming_examples/basic/matrix_multiplication/matrix_vector_4x4/_build'
[ 33%] Building CXX object CMakeFiles/matrix_vector.dir/home/adam/mlir-aie/runtime_lib/test_lib/test_utils.cpp.o
[ 66%] Building CXX object CMakeFiles/matrix_vector.dir/matrix_vector/test.cpp.o
[100%] Linking CXX executable matrix_vector
gmake[3]: Leaving directory '/home/adam/mlir-aie/programming_examples/basic/matrix_multiplication/matrix_vector_4x4/_build'
[100%] Built target matrix_vector
gmake[2]: Leaving directory '/home/adam/mlir-aie/programming_examples/basic/matrix_multiplication/matrix_vector_4x4/_build'
gmake[1]: Leaving directory '/home/adam/mlir-aie/programming_examples/basic/matrix_multiplication/matrix_vector_4x4/_build'
cp _build/matrix_vector matrix_vector.exe 
export XRT_HACK_UNSECURE_LOADING_XCLBIN=1 && \
 ./matrix_vector.exe -x build/final_2048x256x1.xclbin -i build/insts_2048x256x1.txt -k MLIR_AIE -M 2048 -K 256 -N 1 -v 2 --warmup 1 --iters 1
Matrix size 2048x256x1
Sequence instr count: 1620
Loading xclbin: build/final_2048x256x1.xclbin
Kernel opcode: MLIR_AIE
Name: MLIR_AIE
Registering xclbin: build/final_2048x256x1.xclbin
Getting hardware context.
Getting handle to kernel:MLIR_AIE
Writing data into buffer objects.
DTYPE_IN  = int16_t
DTYPE_OUT = int16_t
Verification tolerance 0 absolute, 0 relative.
A = 
   13457    -28205    -19666      -205     27690   ...   -15908      2818     13271     20176      1139  
  -22748    -18634    -24352    -28232     16906   ...   -26606     17471     14977     26768    -31858  
  -16861    -29938     14143      4492    -19464   ...     5846     -9503     27819    -21381       133  
  -29481     16407    -19656    -17830      3633   ...   -24288     17254    -27732     13616      9265  
    8270      7756    -21346    -28428      2391   ...   -27895     26930    -21440      6434     10718  
    ...       ...       ...       ...       ...    ...     ...       ...       ...       ...       ...   
   -8421     -6065     13193     -5594       862   ...    16333     18274       704     19368     18035  
  -28296     24213    -23103    -24677      9359   ...    -2353     24255    -12341     22485     -8839  
  -16337     15241     16719     28922    -27901   ...   -30341      2495     -8241     24946    -10734  
   15286    -15266    -26584    -24481     16957   ...    11622     17962     31330    -14485     23697  
   17789     -2770    -21902      3233     -7491   ...   -29323     30481     27279      7209    -17433  
B = 
   17727  
    8186  
    7918  
    3109  
  -26790  
    ...   
   28636  
  -30856  
  -26077  
   -9449  
   29200  
Running Kernel (iteration 0).
Running Kernel (iteration 1).
Verifying against reference matmul ...
Verify time: 0.00 s.

Avg NPU matmul time: 339.00us.
Avg NPU gflops: 3.09

Min NPU matmul time: 339.00us.
Max NPU gflops: 3.09

Max NPU matmul time: 339.00us.
Min NPU gflops: 3.09

PASS!

rm -rf tmpTrace parse*.json trace*json trace.txt
rm -rf build _build matrix_vector.exe
mkdir -p build
python3 /home/adam/mlir-aie/programming_examples/basic/matrix_multiplication/matrix_vector_4x4/matrix_vector.py --dev npu -M 2048 -K 512 -N 1 --dtype_in i16 --dtype_out i16 --trace_size 0 > build/aie_2048x512x1.mlir
mkdir -p build
cd build && /home/adam/mlir-aie/ironenv/lib/python3.12/site-packages/llvm-aie/bin/clang++ -O2 -std=c++20 --target=aie2-none-unknown-elf -Wno-parentheses -Wno-attributes -Wno-macro-redefined -Wno-empty-body -DNDEBUG -I /home/adam/mlir-aie/ironenv/lib/python3.12/site-packages/mlir_aie/include  -DBIT_WIDTH=8 -DDIM_M=32 -DDIM_K=32 -c /home/adam/mlir-aie/programming_examples/basic/matrix_multiplication/matrix_vector_4x4/../../../../aie_kernels/aie2/mv.cc -o mv_32x32.o
mkdir -p build
cd build && aiecc.py --alloc-scheme=basic-sequential --aie-generate-xclbin --no-compile-host --xclbin-name=final_2048x512x1.xclbin \
			 --no-xchesscc --no-xbridge --peano /home/adam/mlir-aie/ironenv/lib/python3.12/site-packages/llvm-aie \
			--aie-generate-npu-insts --npu-insts-name=insts_2048x512x1.txt ../build/aie_2048x512x1.mlir


****** Bootgen v2024.1
  **** Build date : Apr 22 2025-04:12:47
    ** Copyright 1986-2022 Xilinx, Inc. All Rights Reserved.
    ** Copyright 2022-2024 Advanced Micro Devices, Inc. All Rights Reserved.


[INFO]   : Bootimage generated successfully

Info: Embedded Metadata section is missing project.platform.device.core element, adding it.
Found xchesscc at /home/adam/libraries/vitis_aie_essential
 AIE Compilation: ━━━━━━━━━━━━━━━━━━━━━━━━━━    94% 0:00:01 0:00:00 16/17 4 Workers
Generating: /home/adam/mlir-aie/programming_examples/basic/matrix_multiplication/matrix_vector_4x4/build/aie_2048x512x1.mlir.prj/aie_cdo_elfs.bin
Generating: /home/adam/mlir-aie/programming_examples/basic/matrix_multiplication/matrix_vector_4x4/build/aie_2048x512x1.mlir.prj/aie_cdo_init.bin
Generating: /home/adam/mlir-aie/programming_examples/basic/matrix_multiplication/matrix_vector_4x4/build/aie_2048x512x1.mlir.prj/aie_cdo_enable.bin
rm -rf _build
mkdir -p _build
cd _build &&  cmake -E env CXXFLAGS="-std=c++23 -ggdb -DDTYPE_IN=int16_t -DDTYPE_OUT=int16_t -DDTYPE_ACC=int16_t" \
	cmake /home/adam/mlir-aie/programming_examples/basic/matrix_multiplication/matrix_vector_4x4/.. -D CMAKE_C_COMPILER=gcc-13 -D CMAKE_CXX_COMPILER=g++-13 -DTARGET_NAME=matrix_vector -Dsubdir=matrix_vector
CMake Deprecation Warning at CMakeLists.txt:13 (cmake_minimum_required):
  Compatibility with CMake < 3.10 will be removed from a future version of
  CMake.

  Update the VERSION argument <min> value.  Or, use the <min>...<max> syntax
  to tell CMake that the project requires at least <min> but has been updated
  to work with policies introduced by <max> or earlier.


-- The C compiler identification is GNU 13.3.0
-- The CXX compiler identification is GNU 13.3.0
-- Detecting C compiler ABI info
-- Detecting C compiler ABI info - done
-- Check for working C compiler: /usr/bin/gcc-13 - skipped
-- Detecting C compile features
-- Detecting C compile features - done
-- Detecting CXX compiler ABI info
-- Detecting CXX compiler ABI info - done
-- Check for working CXX compiler: /usr/bin/g++-13 - skipped
-- Detecting CXX compile features
-- Detecting CXX compile features - done
-- Configuring done (0.2s)
-- Generating done (0.0s)
-- Build files have been written to: /home/adam/mlir-aie/programming_examples/basic/matrix_multiplication/matrix_vector_4x4/_build
cd _build &&  cmake --build . --config Release
gmake[1]: Entering directory '/home/adam/mlir-aie/programming_examples/basic/matrix_multiplication/matrix_vector_4x4/_build'
gmake[2]: Entering directory '/home/adam/mlir-aie/programming_examples/basic/matrix_multiplication/matrix_vector_4x4/_build'
gmake[3]: Entering directory '/home/adam/mlir-aie/programming_examples/basic/matrix_multiplication/matrix_vector_4x4/_build'
gmake[3]: Leaving directory '/home/adam/mlir-aie/programming_examples/basic/matrix_multiplication/matrix_vector_4x4/_build'
gmake[3]: Entering directory '/home/adam/mlir-aie/programming_examples/basic/matrix_multiplication/matrix_vector_4x4/_build'
[ 33%] Building CXX object CMakeFiles/matrix_vector.dir/home/adam/mlir-aie/runtime_lib/test_lib/test_utils.cpp.o
[ 66%] Building CXX object CMakeFiles/matrix_vector.dir/matrix_vector/test.cpp.o
[100%] Linking CXX executable matrix_vector
gmake[3]: Leaving directory '/home/adam/mlir-aie/programming_examples/basic/matrix_multiplication/matrix_vector_4x4/_build'
[100%] Built target matrix_vector
gmake[2]: Leaving directory '/home/adam/mlir-aie/programming_examples/basic/matrix_multiplication/matrix_vector_4x4/_build'
gmake[1]: Leaving directory '/home/adam/mlir-aie/programming_examples/basic/matrix_multiplication/matrix_vector_4x4/_build'
cp _build/matrix_vector matrix_vector.exe 
export XRT_HACK_UNSECURE_LOADING_XCLBIN=1 && \
 ./matrix_vector.exe -x build/final_2048x512x1.xclbin -i build/insts_2048x512x1.txt -k MLIR_AIE -M 2048 -K 512 -N 1 -v 2 --warmup 1 --iters 1
Matrix size 2048x512x1
Sequence instr count: 1620
Loading xclbin: build/final_2048x512x1.xclbin
Kernel opcode: MLIR_AIE
Name: MLIR_AIE
Registering xclbin: build/final_2048x512x1.xclbin
Getting hardware context.
Getting handle to kernel:MLIR_AIE
Writing data into buffer objects.
DTYPE_IN  = int16_t
DTYPE_OUT = int16_t
Verification tolerance 0 absolute, 0 relative.
A = 
   13457    -28205    -19666      -205     27690   ...   -26606     17471     14977     26768    -31858  
  -16861    -29938     14143      4492    -19464   ...   -24288     17254    -27732     13616      9265  
    8270      7756    -21346    -28428      2391   ...     1142    -17068    -29328      2901     31216  
  -29798      9724    -21391     -7037      -616   ...   -20578      4098    -23419     -7351    -10163  
    5010    -22765    -18207     13956    -18539   ...     4569     -7735     23942      3905    -15435  
    ...       ...       ...       ...       ...    ...     ...       ...       ...       ...       ...   
   -4026      4260    -16317    -29679    -27008   ...     1070      -489      7928    -14788    -17967  
  -16102     27383      1888     -7170    -15233   ...    27632    -32117     30117    -30756    -16773  
     253     27183     -9079    -27024     30202   ...    19991     28391      2793       557    -14550  
   16130     22753    -11377     22199     26487   ...     5688    -20543     11222     19522     -1755  
  -29317     23687    -30327      -595     23696   ...      673    -25264      3715     30810      6623  
B = 
    8580  
    6182  
    2754  
     994  
   -2450  
    ...   
  -24553  
  -19253  
    7730  
   23480  
   16560  
Running Kernel (iteration 0).
Running Kernel (iteration 1).
Verifying against reference matmul ...
Verify time: 0.00 s.

Avg NPU matmul time: 539.00us.
Avg NPU gflops: 3.89

Min NPU matmul time: 539.00us.
Max NPU gflops: 3.89

Max NPU matmul time: 539.00us.
Min NPU gflops: 3.89

PASS!

rm -rf tmpTrace parse*.json trace*json trace.txt
rm -rf build _build matrix_vector.exe
mkdir -p build
python3 /home/adam/mlir-aie/programming_examples/basic/matrix_multiplication/matrix_vector_4x4/matrix_vector.py --dev npu -M 2048 -K 768 -N 1 --dtype_in i16 --dtype_out i16 --trace_size 0 > build/aie_2048x768x1.mlir
mkdir -p build
cd build && /home/adam/mlir-aie/ironenv/lib/python3.12/site-packages/llvm-aie/bin/clang++ -O2 -std=c++20 --target=aie2-none-unknown-elf -Wno-parentheses -Wno-attributes -Wno-macro-redefined -Wno-empty-body -DNDEBUG -I /home/adam/mlir-aie/ironenv/lib/python3.12/site-packages/mlir_aie/include  -DBIT_WIDTH=8 -DDIM_M=32 -DDIM_K=32 -c /home/adam/mlir-aie/programming_examples/basic/matrix_multiplication/matrix_vector_4x4/../../../../aie_kernels/aie2/mv.cc -o mv_32x32.o
mkdir -p build
cd build && aiecc.py --alloc-scheme=basic-sequential --aie-generate-xclbin --no-compile-host --xclbin-name=final_2048x768x1.xclbin \
			 --no-xchesscc --no-xbridge --peano /home/adam/mlir-aie/ironenv/lib/python3.12/site-packages/llvm-aie \
			--aie-generate-npu-insts --npu-insts-name=insts_2048x768x1.txt ../build/aie_2048x768x1.mlir


****** Bootgen v2024.1
  **** Build date : Apr 22 2025-04:12:47
    ** Copyright 1986-2022 Xilinx, Inc. All Rights Reserved.
    ** Copyright 2022-2024 Advanced Micro Devices, Inc. All Rights Reserved.


[INFO]   : Bootimage generated successfully

Info: Embedded Metadata section is missing project.platform.device.core element, adding it.
Found xchesscc at /home/adam/libraries/vitis_aie_essential
 AIE Compilation: ━━━━━━━━━━━━━━━━━━━━━━━━━━    94% 0:00:01 0:00:00 16/17 4 Workers
Generating: /home/adam/mlir-aie/programming_examples/basic/matrix_multiplication/matrix_vector_4x4/build/aie_2048x768x1.mlir.prj/aie_cdo_elfs.bin
Generating: /home/adam/mlir-aie/programming_examples/basic/matrix_multiplication/matrix_vector_4x4/build/aie_2048x768x1.mlir.prj/aie_cdo_init.bin
Generating: /home/adam/mlir-aie/programming_examples/basic/matrix_multiplication/matrix_vector_4x4/build/aie_2048x768x1.mlir.prj/aie_cdo_enable.bin
rm -rf _build
mkdir -p _build
cd _build &&  cmake -E env CXXFLAGS="-std=c++23 -ggdb -DDTYPE_IN=int16_t -DDTYPE_OUT=int16_t -DDTYPE_ACC=int16_t" \
	cmake /home/adam/mlir-aie/programming_examples/basic/matrix_multiplication/matrix_vector_4x4/.. -D CMAKE_C_COMPILER=gcc-13 -D CMAKE_CXX_COMPILER=g++-13 -DTARGET_NAME=matrix_vector -Dsubdir=matrix_vector
CMake Deprecation Warning at CMakeLists.txt:13 (cmake_minimum_required):
  Compatibility with CMake < 3.10 will be removed from a future version of
  CMake.

  Update the VERSION argument <min> value.  Or, use the <min>...<max> syntax
  to tell CMake that the project requires at least <min> but has been updated
  to work with policies introduced by <max> or earlier.


-- The C compiler identification is GNU 13.3.0
-- The CXX compiler identification is GNU 13.3.0
-- Detecting C compiler ABI info
-- Detecting C compiler ABI info - done
-- Check for working C compiler: /usr/bin/gcc-13 - skipped
-- Detecting C compile features
-- Detecting C compile features - done
-- Detecting CXX compiler ABI info
-- Detecting CXX compiler ABI info - done
-- Check for working CXX compiler: /usr/bin/g++-13 - skipped
-- Detecting CXX compile features
-- Detecting CXX compile features - done
-- Configuring done (0.2s)
-- Generating done (0.0s)
-- Build files have been written to: /home/adam/mlir-aie/programming_examples/basic/matrix_multiplication/matrix_vector_4x4/_build
cd _build &&  cmake --build . --config Release
gmake[1]: Entering directory '/home/adam/mlir-aie/programming_examples/basic/matrix_multiplication/matrix_vector_4x4/_build'
gmake[2]: Entering directory '/home/adam/mlir-aie/programming_examples/basic/matrix_multiplication/matrix_vector_4x4/_build'
gmake[3]: Entering directory '/home/adam/mlir-aie/programming_examples/basic/matrix_multiplication/matrix_vector_4x4/_build'
gmake[3]: Leaving directory '/home/adam/mlir-aie/programming_examples/basic/matrix_multiplication/matrix_vector_4x4/_build'
gmake[3]: Entering directory '/home/adam/mlir-aie/programming_examples/basic/matrix_multiplication/matrix_vector_4x4/_build'
[ 33%] Building CXX object CMakeFiles/matrix_vector.dir/home/adam/mlir-aie/runtime_lib/test_lib/test_utils.cpp.o
[ 66%] Building CXX object CMakeFiles/matrix_vector.dir/matrix_vector/test.cpp.o
[100%] Linking CXX executable matrix_vector
gmake[3]: Leaving directory '/home/adam/mlir-aie/programming_examples/basic/matrix_multiplication/matrix_vector_4x4/_build'
[100%] Built target matrix_vector
gmake[2]: Leaving directory '/home/adam/mlir-aie/programming_examples/basic/matrix_multiplication/matrix_vector_4x4/_build'
gmake[1]: Leaving directory '/home/adam/mlir-aie/programming_examples/basic/matrix_multiplication/matrix_vector_4x4/_build'
cp _build/matrix_vector matrix_vector.exe 
export XRT_HACK_UNSECURE_LOADING_XCLBIN=1 && \
 ./matrix_vector.exe -x build/final_2048x768x1.xclbin -i build/insts_2048x768x1.txt -k MLIR_AIE -M 2048 -K 768 -N 1 -v 2 --warmup 1 --iters 1
Matrix size 2048x768x1
Sequence instr count: 1620
Loading xclbin: build/final_2048x768x1.xclbin
Kernel opcode: MLIR_AIE
Name: MLIR_AIE
Registering xclbin: build/final_2048x768x1.xclbin
Getting hardware context.
Getting handle to kernel:MLIR_AIE
Writing data into buffer objects.
DTYPE_IN  = int16_t
DTYPE_OUT = int16_t
Verification tolerance 0 absolute, 0 relative.
A = 
   13457    -28205    -19666      -205     27690   ...     5846     -9503     27819    -21381       133  
  -29481     16407    -19656    -17830      3633   ...     1142    -17068    -29328      2901     31216  
  -29798      9724    -21391     -7037      -616   ...    21033      5350     18215     32222    -28924  
   10888    -27895     19240      6512      7256   ...    12253     19015    -31779    -15583     30261  
  -27185    -27058    -18100    -26436     10876   ...   -16984      2790    -11058     32289    -27586  
    ...       ...       ...       ...       ...    ...     ...       ...       ...       ...       ...   
  -22906    -28213     11083    -20805     -1297   ...     9831     -5858     25652    -29728    -31567  
    7600      -970     18865     23365      -557   ...    30480     12044      4783     10048      9532  
   -3636     30447    -26898     30361     21324   ...     2836      4885    -14854     25059    -27634  
  -27535    -30855    -12209     20380    -32398   ...    -9471     -3747     32591    -16556     25133  
   -6665     24940     -1327      8273     32389   ...     5995    -14130    -31747     15467     27380  
B = 
  -12710  
   -1165  
   16698  
   17375  
   16237  
    ...   
   23964  
   32176  
   26377  
    1325  
   11983  
Running Kernel (iteration 0).
Running Kernel (iteration 1).
Verifying against reference matmul ...
Verify time: 0.00 s.

Avg NPU matmul time: 503.00us.
Avg NPU gflops: 6.25

Min NPU matmul time: 503.00us.
Max NPU gflops: 6.25

Max NPU matmul time: 503.00us.
Min NPU gflops: 6.25

PASS!

rm -rf tmpTrace parse*.json trace*json trace.txt
rm -rf build _build matrix_vector.exe
mkdir -p build
python3 /home/adam/mlir-aie/programming_examples/basic/matrix_multiplication/matrix_vector_4x4/matrix_vector.py --dev npu -M 2048 -K 1024 -N 1 --dtype_in i16 --dtype_out i16 --trace_size 0 > build/aie_2048x1024x1.mlir
mkdir -p build
cd build && /home/adam/mlir-aie/ironenv/lib/python3.12/site-packages/llvm-aie/bin/clang++ -O2 -std=c++20 --target=aie2-none-unknown-elf -Wno-parentheses -Wno-attributes -Wno-macro-redefined -Wno-empty-body -DNDEBUG -I /home/adam/mlir-aie/ironenv/lib/python3.12/site-packages/mlir_aie/include  -DBIT_WIDTH=8 -DDIM_M=32 -DDIM_K=32 -c /home/adam/mlir-aie/programming_examples/basic/matrix_multiplication/matrix_vector_4x4/../../../../aie_kernels/aie2/mv.cc -o mv_32x32.o
mkdir -p build
cd build && aiecc.py --alloc-scheme=basic-sequential --aie-generate-xclbin --no-compile-host --xclbin-name=final_2048x1024x1.xclbin \
			 --no-xchesscc --no-xbridge --peano /home/adam/mlir-aie/ironenv/lib/python3.12/site-packages/llvm-aie \
			--aie-generate-npu-insts --npu-insts-name=insts_2048x1024x1.txt ../build/aie_2048x1024x1.mlir


****** Bootgen v2024.1
  **** Build date : Apr 22 2025-04:12:47
    ** Copyright 1986-2022 Xilinx, Inc. All Rights Reserved.
    ** Copyright 2022-2024 Advanced Micro Devices, Inc. All Rights Reserved.


[INFO]   : Bootimage generated successfully

Info: Embedded Metadata section is missing project.platform.device.core element, adding it.
Found xchesscc at /home/adam/libraries/vitis_aie_essential
 AIE Compilation: ━━━━━━━━━━━━━━━━━━━━━━━━━━    94% 0:00:01 0:00:00 16/17 4 Workers
Generating: /home/adam/mlir-aie/programming_examples/basic/matrix_multiplication/matrix_vector_4x4/build/aie_2048x1024x1.mlir.prj/aie_cdo_elfs.bin
Generating: /home/adam/mlir-aie/programming_examples/basic/matrix_multiplication/matrix_vector_4x4/build/aie_2048x1024x1.mlir.prj/aie_cdo_init.bin
Generating: /home/adam/mlir-aie/programming_examples/basic/matrix_multiplication/matrix_vector_4x4/build/aie_2048x1024x1.mlir.prj/aie_cdo_enable.bin
rm -rf _build
mkdir -p _build
cd _build &&  cmake -E env CXXFLAGS="-std=c++23 -ggdb -DDTYPE_IN=int16_t -DDTYPE_OUT=int16_t -DDTYPE_ACC=int16_t" \
	cmake /home/adam/mlir-aie/programming_examples/basic/matrix_multiplication/matrix_vector_4x4/.. -D CMAKE_C_COMPILER=gcc-13 -D CMAKE_CXX_COMPILER=g++-13 -DTARGET_NAME=matrix_vector -Dsubdir=matrix_vector
CMake Deprecation Warning at CMakeLists.txt:13 (cmake_minimum_required):
  Compatibility with CMake < 3.10 will be removed from a future version of
  CMake.

  Update the VERSION argument <min> value.  Or, use the <min>...<max> syntax
  to tell CMake that the project requires at least <min> but has been updated
  to work with policies introduced by <max> or earlier.


-- The C compiler identification is GNU 13.3.0
-- The CXX compiler identification is GNU 13.3.0
-- Detecting C compiler ABI info
-- Detecting C compiler ABI info - done
-- Check for working C compiler: /usr/bin/gcc-13 - skipped
-- Detecting C compile features
-- Detecting C compile features - done
-- Detecting CXX compiler ABI info
-- Detecting CXX compiler ABI info - done
-- Check for working CXX compiler: /usr/bin/g++-13 - skipped
-- Detecting CXX compile features
-- Detecting CXX compile features - done
-- Configuring done (0.2s)
-- Generating done (0.0s)
-- Build files have been written to: /home/adam/mlir-aie/programming_examples/basic/matrix_multiplication/matrix_vector_4x4/_build
cd _build &&  cmake --build . --config Release
gmake[1]: Entering directory '/home/adam/mlir-aie/programming_examples/basic/matrix_multiplication/matrix_vector_4x4/_build'
gmake[2]: Entering directory '/home/adam/mlir-aie/programming_examples/basic/matrix_multiplication/matrix_vector_4x4/_build'
gmake[3]: Entering directory '/home/adam/mlir-aie/programming_examples/basic/matrix_multiplication/matrix_vector_4x4/_build'
gmake[3]: Leaving directory '/home/adam/mlir-aie/programming_examples/basic/matrix_multiplication/matrix_vector_4x4/_build'
gmake[3]: Entering directory '/home/adam/mlir-aie/programming_examples/basic/matrix_multiplication/matrix_vector_4x4/_build'
[ 33%] Building CXX object CMakeFiles/matrix_vector.dir/home/adam/mlir-aie/runtime_lib/test_lib/test_utils.cpp.o
[ 66%] Building CXX object CMakeFiles/matrix_vector.dir/matrix_vector/test.cpp.o
[100%] Linking CXX executable matrix_vector
gmake[3]: Leaving directory '/home/adam/mlir-aie/programming_examples/basic/matrix_multiplication/matrix_vector_4x4/_build'
[100%] Built target matrix_vector
gmake[2]: Leaving directory '/home/adam/mlir-aie/programming_examples/basic/matrix_multiplication/matrix_vector_4x4/_build'
gmake[1]: Leaving directory '/home/adam/mlir-aie/programming_examples/basic/matrix_multiplication/matrix_vector_4x4/_build'
cp _build/matrix_vector matrix_vector.exe 
export XRT_HACK_UNSECURE_LOADING_XCLBIN=1 && \
 ./matrix_vector.exe -x build/final_2048x1024x1.xclbin -i build/insts_2048x1024x1.txt -k MLIR_AIE -M 2048 -K 1024 -N 1 -v 2 --warmup 1 --iters 1
Matrix size 2048x1024x1
Sequence instr count: 1620
Loading xclbin: build/final_2048x1024x1.xclbin
Kernel opcode: MLIR_AIE
Name: MLIR_AIE
Registering xclbin: build/final_2048x1024x1.xclbin
Getting hardware context.
Getting handle to kernel:MLIR_AIE
Writing data into buffer objects.
DTYPE_IN  = int16_t
DTYPE_OUT = int16_t
Verification tolerance 0 absolute, 0 relative.
A = 
   13457    -28205    -19666      -205     27690   ...   -24288     17254    -27732     13616      9265  
    8270      7756    -21346    -28428      2391   ...   -20578      4098    -23419     -7351    -10163  
    5010    -22765    -18207     13956    -18539   ...    12253     19015    -31779    -15583     30261  
  -27185    -27058    -18100    -26436     10876   ...     9403    -21376    -24766     23857     21679  
  -28747    -14421      8350     25515     20987   ...    -6885     29354    -15217    -14490     26568  
    ...       ...       ...       ...       ...    ...     ...       ...       ...       ...       ...   
   20138     19662    -26777     -9395       385   ...      130      1820      2847    -20972      3749  
  -16016     -9724     10927    -15228     32724   ...    14540    -27838     20672     24182     13144  
  -25832     13877    -31376    -15365     23486   ...    32169    -17510     -2672      7714    -27269  
    7246     15513      9549    -19088    -10624   ...   -27139     24145    -32331    -26299     23246  
  -15597     30216     30073     10233     22054   ...     3823     32185      3886      8569     21169  
B = 
   31547  
   18300  
   21276  
  -13234  
   13738  
    ...   
  -31865  
  -11619  
  -16859  
   21907  
   17186  
Running Kernel (iteration 0).
Running Kernel (iteration 1).
Verifying against reference matmul ...
Verify time: 0.00 s.

Avg NPU matmul time: 644.00us.
Avg NPU gflops: 6.51

Min NPU matmul time: 644.00us.
Max NPU gflops: 6.51

Max NPU matmul time: 644.00us.
Min NPU gflops: 6.51

PASS!

rm -rf tmpTrace parse*.json trace*json trace.txt
rm -rf build _build matrix_vector.exe
mkdir -p build
python3 /home/adam/mlir-aie/programming_examples/basic/matrix_multiplication/matrix_vector_4x4/matrix_vector.py --dev npu -M 2048 -K 1280 -N 1 --dtype_in i16 --dtype_out i16 --trace_size 0 > build/aie_2048x1280x1.mlir
mkdir -p build
cd build && /home/adam/mlir-aie/ironenv/lib/python3.12/site-packages/llvm-aie/bin/clang++ -O2 -std=c++20 --target=aie2-none-unknown-elf -Wno-parentheses -Wno-attributes -Wno-macro-redefined -Wno-empty-body -DNDEBUG -I /home/adam/mlir-aie/ironenv/lib/python3.12/site-packages/mlir_aie/include  -DBIT_WIDTH=8 -DDIM_M=32 -DDIM_K=32 -c /home/adam/mlir-aie/programming_examples/basic/matrix_multiplication/matrix_vector_4x4/../../../../aie_kernels/aie2/mv.cc -o mv_32x32.o
mkdir -p build
cd build && aiecc.py --alloc-scheme=basic-sequential --aie-generate-xclbin --no-compile-host --xclbin-name=final_2048x1280x1.xclbin \
			 --no-xchesscc --no-xbridge --peano /home/adam/mlir-aie/ironenv/lib/python3.12/site-packages/llvm-aie \
			--aie-generate-npu-insts --npu-insts-name=insts_2048x1280x1.txt ../build/aie_2048x1280x1.mlir


****** Bootgen v2024.1
  **** Build date : Apr 22 2025-04:12:47
    ** Copyright 1986-2022 Xilinx, Inc. All Rights Reserved.
    ** Copyright 2022-2024 Advanced Micro Devices, Inc. All Rights Reserved.


[INFO]   : Bootimage generated successfully

Info: Embedded Metadata section is missing project.platform.device.core element, adding it.
Found xchesscc at /home/adam/libraries/vitis_aie_essential
 AIE Compilation: ━━━━━━━━━━━━━━━━━━━━━━━━━━    94% 0:00:01 0:00:00 16/17 4 Workers
Generating: /home/adam/mlir-aie/programming_examples/basic/matrix_multiplication/matrix_vector_4x4/build/aie_2048x1280x1.mlir.prj/aie_cdo_elfs.bin
Generating: /home/adam/mlir-aie/programming_examples/basic/matrix_multiplication/matrix_vector_4x4/build/aie_2048x1280x1.mlir.prj/aie_cdo_init.bin
Generating: /home/adam/mlir-aie/programming_examples/basic/matrix_multiplication/matrix_vector_4x4/build/aie_2048x1280x1.mlir.prj/aie_cdo_enable.bin
rm -rf _build
mkdir -p _build
cd _build &&  cmake -E env CXXFLAGS="-std=c++23 -ggdb -DDTYPE_IN=int16_t -DDTYPE_OUT=int16_t -DDTYPE_ACC=int16_t" \
	cmake /home/adam/mlir-aie/programming_examples/basic/matrix_multiplication/matrix_vector_4x4/.. -D CMAKE_C_COMPILER=gcc-13 -D CMAKE_CXX_COMPILER=g++-13 -DTARGET_NAME=matrix_vector -Dsubdir=matrix_vector
CMake Deprecation Warning at CMakeLists.txt:13 (cmake_minimum_required):
  Compatibility with CMake < 3.10 will be removed from a future version of
  CMake.

  Update the VERSION argument <min> value.  Or, use the <min>...<max> syntax
  to tell CMake that the project requires at least <min> but has been updated
  to work with policies introduced by <max> or earlier.


-- The C compiler identification is GNU 13.3.0
-- The CXX compiler identification is GNU 13.3.0
-- Detecting C compiler ABI info
-- Detecting C compiler ABI info - done
-- Check for working C compiler: /usr/bin/gcc-13 - skipped
-- Detecting C compile features
-- Detecting C compile features - done
-- Detecting CXX compiler ABI info
-- Detecting CXX compiler ABI info - done
-- Check for working CXX compiler: /usr/bin/g++-13 - skipped
-- Detecting CXX compile features
-- Detecting CXX compile features - done
-- Configuring done (0.2s)
-- Generating done (0.0s)
-- Build files have been written to: /home/adam/mlir-aie/programming_examples/basic/matrix_multiplication/matrix_vector_4x4/_build
cd _build &&  cmake --build . --config Release
gmake[1]: Entering directory '/home/adam/mlir-aie/programming_examples/basic/matrix_multiplication/matrix_vector_4x4/_build'
gmake[2]: Entering directory '/home/adam/mlir-aie/programming_examples/basic/matrix_multiplication/matrix_vector_4x4/_build'
gmake[3]: Entering directory '/home/adam/mlir-aie/programming_examples/basic/matrix_multiplication/matrix_vector_4x4/_build'
gmake[3]: Leaving directory '/home/adam/mlir-aie/programming_examples/basic/matrix_multiplication/matrix_vector_4x4/_build'
gmake[3]: Entering directory '/home/adam/mlir-aie/programming_examples/basic/matrix_multiplication/matrix_vector_4x4/_build'
[ 33%] Building CXX object CMakeFiles/matrix_vector.dir/home/adam/mlir-aie/runtime_lib/test_lib/test_utils.cpp.o
[ 66%] Building CXX object CMakeFiles/matrix_vector.dir/matrix_vector/test.cpp.o
[100%] Linking CXX executable matrix_vector
gmake[3]: Leaving directory '/home/adam/mlir-aie/programming_examples/basic/matrix_multiplication/matrix_vector_4x4/_build'
[100%] Built target matrix_vector
gmake[2]: Leaving directory '/home/adam/mlir-aie/programming_examples/basic/matrix_multiplication/matrix_vector_4x4/_build'
gmake[1]: Leaving directory '/home/adam/mlir-aie/programming_examples/basic/matrix_multiplication/matrix_vector_4x4/_build'
cp _build/matrix_vector matrix_vector.exe 
export XRT_HACK_UNSECURE_LOADING_XCLBIN=1 && \
 ./matrix_vector.exe -x build/final_2048x1280x1.xclbin -i build/insts_2048x1280x1.txt -k MLIR_AIE -M 2048 -K 1280 -N 1 -v 2 --warmup 1 --iters 1
Matrix size 2048x1280x1
Sequence instr count: 1620
Loading xclbin: build/final_2048x1280x1.xclbin
Kernel opcode: MLIR_AIE
Name: MLIR_AIE
Registering xclbin: build/final_2048x1280x1.xclbin
Getting hardware context.
Getting handle to kernel:MLIR_AIE
Writing data into buffer objects.
DTYPE_IN  = int16_t
DTYPE_OUT = int16_t
Verification tolerance 0 absolute, 0 relative.
A = 
   13457    -28205    -19666      -205     27690   ...   -27895     26930    -21440      6434     10718  
  -30406      5972      8420    -23045      5725   ...     4569     -7735     23942      3905    -15435  
   12793     24534     22596     29156      3283   ...   -16984      2790    -11058     32289    -27586  
   27802     20057     26289     15090     -4363   ...    -6885     29354    -15217    -14490     26568  
   22519    -24617    -27476    -16322    -16138   ...    11958     18394     -3666    -14297    -12951  
    ...       ...       ...       ...       ...    ...     ...       ...       ...       ...       ...   
  -13213     29325     25812      6483      1732   ...   -14427     17802     29740     29208     26692  
    8971     26289    -32763     15241     16914   ...    12088     25256     -5686     24723    -24430  
  -13391     22238     11817     19144     31118   ...    -9453     30007      8033    -23632      -347  
   -3593    -13597    -13423    -19154    -11301   ...     2770     14741     -3453     -6643    -24249  
   -2733    -11968     30486    -13498     24499   ...   -30146      9098     17274      8704    -16567  
B = 
  -10001  
   14734  
  -21433  
  -22851  
   24802  
    ...   
  -24872  
   -9680  
    4199  
    3889  
  -20876  
Running Kernel (iteration 0).
Running Kernel (iteration 1).
Verifying against reference matmul ...
Verify time: 0.00 s.

Avg NPU matmul time: 613.00us.
Avg NPU gflops: 8.55

Min NPU matmul time: 613.00us.
Max NPU gflops: 8.55

Max NPU matmul time: 613.00us.
Min NPU gflops: 8.55

PASS!

rm -rf tmpTrace parse*.json trace*json trace.txt
rm -rf build _build matrix_vector.exe
mkdir -p build
python3 /home/adam/mlir-aie/programming_examples/basic/matrix_multiplication/matrix_vector_4x4/matrix_vector.py --dev npu -M 2048 -K 1536 -N 1 --dtype_in i16 --dtype_out i16 --trace_size 0 > build/aie_2048x1536x1.mlir
mkdir -p build
cd build && /home/adam/mlir-aie/ironenv/lib/python3.12/site-packages/llvm-aie/bin/clang++ -O2 -std=c++20 --target=aie2-none-unknown-elf -Wno-parentheses -Wno-attributes -Wno-macro-redefined -Wno-empty-body -DNDEBUG -I /home/adam/mlir-aie/ironenv/lib/python3.12/site-packages/mlir_aie/include  -DBIT_WIDTH=8 -DDIM_M=32 -DDIM_K=32 -c /home/adam/mlir-aie/programming_examples/basic/matrix_multiplication/matrix_vector_4x4/../../../../aie_kernels/aie2/mv.cc -o mv_32x32.o
mkdir -p build
cd build && aiecc.py --alloc-scheme=basic-sequential --aie-generate-xclbin --no-compile-host --xclbin-name=final_2048x1536x1.xclbin \
			 --no-xchesscc --no-xbridge --peano /home/adam/mlir-aie/ironenv/lib/python3.12/site-packages/llvm-aie \
			--aie-generate-npu-insts --npu-insts-name=insts_2048x1536x1.txt ../build/aie_2048x1536x1.mlir


****** Bootgen v2024.1
  **** Build date : Apr 22 2025-04:12:47
    ** Copyright 1986-2022 Xilinx, Inc. All Rights Reserved.
    ** Copyright 2022-2024 Advanced Micro Devices, Inc. All Rights Reserved.


[INFO]   : Bootimage generated successfully

Info: Embedded Metadata section is missing project.platform.device.core element, adding it.
Found xchesscc at /home/adam/libraries/vitis_aie_essential
 AIE Compilation: ━━━━━━━━━━━━━━━━━━━━━━━━━━    94% 0:00:01 0:00:00 16/17 4 Workers
Generating: /home/adam/mlir-aie/programming_examples/basic/matrix_multiplication/matrix_vector_4x4/build/aie_2048x1536x1.mlir.prj/aie_cdo_elfs.bin
Generating: /home/adam/mlir-aie/programming_examples/basic/matrix_multiplication/matrix_vector_4x4/build/aie_2048x1536x1.mlir.prj/aie_cdo_init.bin
Generating: /home/adam/mlir-aie/programming_examples/basic/matrix_multiplication/matrix_vector_4x4/build/aie_2048x1536x1.mlir.prj/aie_cdo_enable.bin
rm -rf _build
mkdir -p _build
cd _build &&  cmake -E env CXXFLAGS="-std=c++23 -ggdb -DDTYPE_IN=int16_t -DDTYPE_OUT=int16_t -DDTYPE_ACC=int16_t" \
	cmake /home/adam/mlir-aie/programming_examples/basic/matrix_multiplication/matrix_vector_4x4/.. -D CMAKE_C_COMPILER=gcc-13 -D CMAKE_CXX_COMPILER=g++-13 -DTARGET_NAME=matrix_vector -Dsubdir=matrix_vector
CMake Deprecation Warning at CMakeLists.txt:13 (cmake_minimum_required):
  Compatibility with CMake < 3.10 will be removed from a future version of
  CMake.

  Update the VERSION argument <min> value.  Or, use the <min>...<max> syntax
  to tell CMake that the project requires at least <min> but has been updated
  to work with policies introduced by <max> or earlier.


-- The C compiler identification is GNU 13.3.0
-- The CXX compiler identification is GNU 13.3.0
-- Detecting C compiler ABI info
-- Detecting C compiler ABI info - done
-- Check for working C compiler: /usr/bin/gcc-13 - skipped
-- Detecting C compile features
-- Detecting C compile features - done
-- Detecting CXX compiler ABI info
-- Detecting CXX compiler ABI info - done
-- Check for working CXX compiler: /usr/bin/g++-13 - skipped
-- Detecting CXX compile features
-- Detecting CXX compile features - done
-- Configuring done (0.2s)
-- Generating done (0.0s)
-- Build files have been written to: /home/adam/mlir-aie/programming_examples/basic/matrix_multiplication/matrix_vector_4x4/_build
cd _build &&  cmake --build . --config Release
gmake[1]: Entering directory '/home/adam/mlir-aie/programming_examples/basic/matrix_multiplication/matrix_vector_4x4/_build'
gmake[2]: Entering directory '/home/adam/mlir-aie/programming_examples/basic/matrix_multiplication/matrix_vector_4x4/_build'
gmake[3]: Entering directory '/home/adam/mlir-aie/programming_examples/basic/matrix_multiplication/matrix_vector_4x4/_build'
gmake[3]: Leaving directory '/home/adam/mlir-aie/programming_examples/basic/matrix_multiplication/matrix_vector_4x4/_build'
gmake[3]: Entering directory '/home/adam/mlir-aie/programming_examples/basic/matrix_multiplication/matrix_vector_4x4/_build'
[ 33%] Building CXX object CMakeFiles/matrix_vector.dir/home/adam/mlir-aie/runtime_lib/test_lib/test_utils.cpp.o
[ 66%] Building CXX object CMakeFiles/matrix_vector.dir/matrix_vector/test.cpp.o
[100%] Linking CXX executable matrix_vector
gmake[3]: Leaving directory '/home/adam/mlir-aie/programming_examples/basic/matrix_multiplication/matrix_vector_4x4/_build'
[100%] Built target matrix_vector
gmake[2]: Leaving directory '/home/adam/mlir-aie/programming_examples/basic/matrix_multiplication/matrix_vector_4x4/_build'
gmake[1]: Leaving directory '/home/adam/mlir-aie/programming_examples/basic/matrix_multiplication/matrix_vector_4x4/_build'
cp _build/matrix_vector matrix_vector.exe 
export XRT_HACK_UNSECURE_LOADING_XCLBIN=1 && \
 ./matrix_vector.exe -x build/final_2048x1536x1.xclbin -i build/insts_2048x1536x1.txt -k MLIR_AIE -M 2048 -K 1536 -N 1 -v 2 --warmup 1 --iters 1
Matrix size 2048x1536x1
Sequence instr count: 1620
Loading xclbin: build/final_2048x1536x1.xclbin
Kernel opcode: MLIR_AIE
Name: MLIR_AIE
Registering xclbin: build/final_2048x1536x1.xclbin
Getting hardware context.
Getting handle to kernel:MLIR_AIE
Writing data into buffer objects.
DTYPE_IN  = int16_t
DTYPE_OUT = int16_t
Verification tolerance 0 absolute, 0 relative.
A = 
   13457    -28205    -19666      -205     27690   ...     1142    -17068    -29328      2901     31216  
  -29798      9724    -21391     -7037      -616   ...    12253     19015    -31779    -15583     30261  
  -27185    -27058    -18100    -26436     10876   ...    11950    -25277    -22695     19736      3576  
  -23340      6832    -15019     24934    -24835   ...    22623      7961    -20902     -8833     -9951  
   10422      7551     13156    -16341     32222   ...    29876     18072    -19890    -12283    -25212  
    ...       ...       ...       ...       ...    ...     ...       ...       ...       ...       ...   
    5141     25483      6912     24456    -24473   ...   -10294     27163     32566     26804    -26899  
   25269      5711     10046     15820    -23811   ...     8852    -21241        86     30718     -4414  
   -6356      7116     -9506     26989      4713   ...    -6725     25551    -17922     -3855    -10892  
  -28362      8541    -12314    -23625     17812   ...    30956    -24267    -16039      1789     16056  
  -13494    -20389     -4568     -8519    -24895   ...     9738    -14711     20357     25342     26304  
B = 
  -16000  
  -30945  
   -8120  
  -28648  
  -13944  
    ...   
  -14587  
  -19888  
    2744  
   28166  
  -27755  
Running Kernel (iteration 0).
Running Kernel (iteration 1).
Verifying against reference matmul ...
Verify time: 0.00 s.

Avg NPU matmul time: 1235.00us.
Avg NPU gflops: 5.09

Min NPU matmul time: 1235.00us.
Max NPU gflops: 5.09

Max NPU matmul time: 1235.00us.
Min NPU gflops: 5.09

PASS!

rm -rf tmpTrace parse*.json trace*json trace.txt
rm -rf build _build matrix_vector.exe
mkdir -p build
python3 /home/adam/mlir-aie/programming_examples/basic/matrix_multiplication/matrix_vector_4x4/matrix_vector.py --dev npu -M 2048 -K 1792 -N 1 --dtype_in i16 --dtype_out i16 --trace_size 0 > build/aie_2048x1792x1.mlir
mkdir -p build
cd build && /home/adam/mlir-aie/ironenv/lib/python3.12/site-packages/llvm-aie/bin/clang++ -O2 -std=c++20 --target=aie2-none-unknown-elf -Wno-parentheses -Wno-attributes -Wno-macro-redefined -Wno-empty-body -DNDEBUG -I /home/adam/mlir-aie/ironenv/lib/python3.12/site-packages/mlir_aie/include  -DBIT_WIDTH=8 -DDIM_M=32 -DDIM_K=32 -c /home/adam/mlir-aie/programming_examples/basic/matrix_multiplication/matrix_vector_4x4/../../../../aie_kernels/aie2/mv.cc -o mv_32x32.o
mkdir -p build
cd build && aiecc.py --alloc-scheme=basic-sequential --aie-generate-xclbin --no-compile-host --xclbin-name=final_2048x1792x1.xclbin \
			 --no-xchesscc --no-xbridge --peano /home/adam/mlir-aie/ironenv/lib/python3.12/site-packages/llvm-aie \
			--aie-generate-npu-insts --npu-insts-name=insts_2048x1792x1.txt ../build/aie_2048x1792x1.mlir


****** Bootgen v2024.1
  **** Build date : Apr 22 2025-04:12:47
    ** Copyright 1986-2022 Xilinx, Inc. All Rights Reserved.
    ** Copyright 2022-2024 Advanced Micro Devices, Inc. All Rights Reserved.


[INFO]   : Bootimage generated successfully

Info: Embedded Metadata section is missing project.platform.device.core element, adding it.
Found xchesscc at /home/adam/libraries/vitis_aie_essential
 AIE Compilation: ━━━━━━━━━━━━━━━━━━━━━━━━━━    94% 0:00:01 0:00:00 16/17 4 Workers
Generating: /home/adam/mlir-aie/programming_examples/basic/matrix_multiplication/matrix_vector_4x4/build/aie_2048x1792x1.mlir.prj/aie_cdo_elfs.bin
Generating: /home/adam/mlir-aie/programming_examples/basic/matrix_multiplication/matrix_vector_4x4/build/aie_2048x1792x1.mlir.prj/aie_cdo_init.bin
Generating: /home/adam/mlir-aie/programming_examples/basic/matrix_multiplication/matrix_vector_4x4/build/aie_2048x1792x1.mlir.prj/aie_cdo_enable.bin
rm -rf _build
mkdir -p _build
cd _build &&  cmake -E env CXXFLAGS="-std=c++23 -ggdb -DDTYPE_IN=int16_t -DDTYPE_OUT=int16_t -DDTYPE_ACC=int16_t" \
	cmake /home/adam/mlir-aie/programming_examples/basic/matrix_multiplication/matrix_vector_4x4/.. -D CMAKE_C_COMPILER=gcc-13 -D CMAKE_CXX_COMPILER=g++-13 -DTARGET_NAME=matrix_vector -Dsubdir=matrix_vector
CMake Deprecation Warning at CMakeLists.txt:13 (cmake_minimum_required):
  Compatibility with CMake < 3.10 will be removed from a future version of
  CMake.

  Update the VERSION argument <min> value.  Or, use the <min>...<max> syntax
  to tell CMake that the project requires at least <min> but has been updated
  to work with policies introduced by <max> or earlier.


-- The C compiler identification is GNU 13.3.0
-- The CXX compiler identification is GNU 13.3.0
-- Detecting C compiler ABI info
-- Detecting C compiler ABI info - done
-- Check for working C compiler: /usr/bin/gcc-13 - skipped
-- Detecting C compile features
-- Detecting C compile features - done
-- Detecting CXX compiler ABI info
-- Detecting CXX compiler ABI info - done
-- Check for working CXX compiler: /usr/bin/g++-13 - skipped
-- Detecting CXX compile features
-- Detecting CXX compile features - done
-- Configuring done (0.2s)
-- Generating done (0.0s)
-- Build files have been written to: /home/adam/mlir-aie/programming_examples/basic/matrix_multiplication/matrix_vector_4x4/_build
cd _build &&  cmake --build . --config Release
gmake[1]: Entering directory '/home/adam/mlir-aie/programming_examples/basic/matrix_multiplication/matrix_vector_4x4/_build'
gmake[2]: Entering directory '/home/adam/mlir-aie/programming_examples/basic/matrix_multiplication/matrix_vector_4x4/_build'
gmake[3]: Entering directory '/home/adam/mlir-aie/programming_examples/basic/matrix_multiplication/matrix_vector_4x4/_build'
gmake[3]: Leaving directory '/home/adam/mlir-aie/programming_examples/basic/matrix_multiplication/matrix_vector_4x4/_build'
gmake[3]: Entering directory '/home/adam/mlir-aie/programming_examples/basic/matrix_multiplication/matrix_vector_4x4/_build'
[ 33%] Building CXX object CMakeFiles/matrix_vector.dir/home/adam/mlir-aie/runtime_lib/test_lib/test_utils.cpp.o
[ 66%] Building CXX object CMakeFiles/matrix_vector.dir/matrix_vector/test.cpp.o
[100%] Linking CXX executable matrix_vector
gmake[3]: Leaving directory '/home/adam/mlir-aie/programming_examples/basic/matrix_multiplication/matrix_vector_4x4/_build'
[100%] Built target matrix_vector
gmake[2]: Leaving directory '/home/adam/mlir-aie/programming_examples/basic/matrix_multiplication/matrix_vector_4x4/_build'
gmake[1]: Leaving directory '/home/adam/mlir-aie/programming_examples/basic/matrix_multiplication/matrix_vector_4x4/_build'
cp _build/matrix_vector matrix_vector.exe 
export XRT_HACK_UNSECURE_LOADING_XCLBIN=1 && \
 ./matrix_vector.exe -x build/final_2048x1792x1.xclbin -i build/insts_2048x1792x1.txt -k MLIR_AIE -M 2048 -K 1792 -N 1 -v 2 --warmup 1 --iters 1
Matrix size 2048x1792x1
Sequence instr count: 1620
Loading xclbin: build/final_2048x1792x1.xclbin
Kernel opcode: MLIR_AIE
Name: MLIR_AIE
Registering xclbin: build/final_2048x1792x1.xclbin
Getting hardware context.
Getting handle to kernel:MLIR_AIE
Writing data into buffer objects.
DTYPE_IN  = int16_t
DTYPE_OUT = int16_t
Verification tolerance 0 absolute, 0 relative.
A = 
   13457    -28205    -19666      -205     27690   ...   -26500     18204    -30790     16385     11310  
   -6079    -21280     23624     16276    -25475   ...   -16215     -7445     24823     -3592    -29401  
  -19727    -10493     -6400    -21983     23367   ...    -1499      2831    -18206     12888     11022  
   17017     -4003     22352       750     -3608   ...   -27285     25613    -12121    -14906     19522  
    6246      -530    -21554    -24320      8726   ...     9498    -27014    -10486    -30237     29033  
    ...       ...       ...       ...       ...    ...     ...       ...       ...       ...       ...   
  -28964    -22713     25956    -30496    -17702   ...    25232    -11455        48     23889     -7071  
    2952     -1340    -11579    -21386      5612   ...    -9665    -10149    -12423     -3300     -7731  
   26610    -29499    -32545     32229     -8303   ...   -11875     26144     11926     32067    -26125  
   19679     26597      -248     -5404    -16704   ...    -3865    -11924     19201     12577     -4048  
  -21350     10647    -10036    -13704    -10096   ...   -23689    -20377     17539    -31990     26017  
B = 
    7411  
   27929  
  -28623  
   31204  
    1447  
    ...   
   -5315  
    5292  
   11274  
   14675  
   28414  
Running Kernel (iteration 0).
Running Kernel (iteration 1).
Verifying against reference matmul ...
Verify time: 0.00 s.

Avg NPU matmul time: 854.00us.
Avg NPU gflops: 8.59

Min NPU matmul time: 854.00us.
Max NPU gflops: 8.59

Max NPU matmul time: 854.00us.
Min NPU gflops: 8.59

PASS!

rm -rf tmpTrace parse*.json trace*json trace.txt
rm -rf build _build matrix_vector.exe
mkdir -p build
python3 /home/adam/mlir-aie/programming_examples/basic/matrix_multiplication/matrix_vector_4x4/matrix_vector.py --dev npu -M 2048 -K 2048 -N 1 --dtype_in i16 --dtype_out i16 --trace_size 0 > build/aie_2048x2048x1.mlir
mkdir -p build
cd build && /home/adam/mlir-aie/ironenv/lib/python3.12/site-packages/llvm-aie/bin/clang++ -O2 -std=c++20 --target=aie2-none-unknown-elf -Wno-parentheses -Wno-attributes -Wno-macro-redefined -Wno-empty-body -DNDEBUG -I /home/adam/mlir-aie/ironenv/lib/python3.12/site-packages/mlir_aie/include  -DBIT_WIDTH=8 -DDIM_M=32 -DDIM_K=32 -c /home/adam/mlir-aie/programming_examples/basic/matrix_multiplication/matrix_vector_4x4/../../../../aie_kernels/aie2/mv.cc -o mv_32x32.o
mkdir -p build
cd build && aiecc.py --alloc-scheme=basic-sequential --aie-generate-xclbin --no-compile-host --xclbin-name=final_2048x2048x1.xclbin \
			 --no-xchesscc --no-xbridge --peano /home/adam/mlir-aie/ironenv/lib/python3.12/site-packages/llvm-aie \
			--aie-generate-npu-insts --npu-insts-name=insts_2048x2048x1.txt ../build/aie_2048x2048x1.mlir


****** Bootgen v2024.1
  **** Build date : Apr 22 2025-04:12:47
    ** Copyright 1986-2022 Xilinx, Inc. All Rights Reserved.
    ** Copyright 2022-2024 Advanced Micro Devices, Inc. All Rights Reserved.


[INFO]   : Bootimage generated successfully

Info: Embedded Metadata section is missing project.platform.device.core element, adding it.
Found xchesscc at /home/adam/libraries/vitis_aie_essential
 AIE Compilation: ━━━━━━━━━━━━━━━━━━━━━━━━━━    94% 0:00:01 0:00:00 16/17 4 Workers
Generating: /home/adam/mlir-aie/programming_examples/basic/matrix_multiplication/matrix_vector_4x4/build/aie_2048x2048x1.mlir.prj/aie_cdo_elfs.bin
Generating: /home/adam/mlir-aie/programming_examples/basic/matrix_multiplication/matrix_vector_4x4/build/aie_2048x2048x1.mlir.prj/aie_cdo_init.bin
Generating: /home/adam/mlir-aie/programming_examples/basic/matrix_multiplication/matrix_vector_4x4/build/aie_2048x2048x1.mlir.prj/aie_cdo_enable.bin
rm -rf _build
mkdir -p _build
cd _build &&  cmake -E env CXXFLAGS="-std=c++23 -ggdb -DDTYPE_IN=int16_t -DDTYPE_OUT=int16_t -DDTYPE_ACC=int16_t" \
	cmake /home/adam/mlir-aie/programming_examples/basic/matrix_multiplication/matrix_vector_4x4/.. -D CMAKE_C_COMPILER=gcc-13 -D CMAKE_CXX_COMPILER=g++-13 -DTARGET_NAME=matrix_vector -Dsubdir=matrix_vector
CMake Deprecation Warning at CMakeLists.txt:13 (cmake_minimum_required):
  Compatibility with CMake < 3.10 will be removed from a future version of
  CMake.

  Update the VERSION argument <min> value.  Or, use the <min>...<max> syntax
  to tell CMake that the project requires at least <min> but has been updated
  to work with policies introduced by <max> or earlier.


-- The C compiler identification is GNU 13.3.0
-- The CXX compiler identification is GNU 13.3.0
-- Detecting C compiler ABI info
-- Detecting C compiler ABI info - done
-- Check for working C compiler: /usr/bin/gcc-13 - skipped
-- Detecting C compile features
-- Detecting C compile features - done
-- Detecting CXX compiler ABI info
-- Detecting CXX compiler ABI info - done
-- Check for working CXX compiler: /usr/bin/g++-13 - skipped
-- Detecting CXX compile features
-- Detecting CXX compile features - done
-- Configuring done (0.2s)
-- Generating done (0.0s)
-- Build files have been written to: /home/adam/mlir-aie/programming_examples/basic/matrix_multiplication/matrix_vector_4x4/_build
cd _build &&  cmake --build . --config Release
gmake[1]: Entering directory '/home/adam/mlir-aie/programming_examples/basic/matrix_multiplication/matrix_vector_4x4/_build'
gmake[2]: Entering directory '/home/adam/mlir-aie/programming_examples/basic/matrix_multiplication/matrix_vector_4x4/_build'
gmake[3]: Entering directory '/home/adam/mlir-aie/programming_examples/basic/matrix_multiplication/matrix_vector_4x4/_build'
gmake[3]: Leaving directory '/home/adam/mlir-aie/programming_examples/basic/matrix_multiplication/matrix_vector_4x4/_build'
gmake[3]: Entering directory '/home/adam/mlir-aie/programming_examples/basic/matrix_multiplication/matrix_vector_4x4/_build'
[ 33%] Building CXX object CMakeFiles/matrix_vector.dir/home/adam/mlir-aie/runtime_lib/test_lib/test_utils.cpp.o
[ 66%] Building CXX object CMakeFiles/matrix_vector.dir/matrix_vector/test.cpp.o
[100%] Linking CXX executable matrix_vector
gmake[3]: Leaving directory '/home/adam/mlir-aie/programming_examples/basic/matrix_multiplication/matrix_vector_4x4/_build'
[100%] Built target matrix_vector
gmake[2]: Leaving directory '/home/adam/mlir-aie/programming_examples/basic/matrix_multiplication/matrix_vector_4x4/_build'
gmake[1]: Leaving directory '/home/adam/mlir-aie/programming_examples/basic/matrix_multiplication/matrix_vector_4x4/_build'
cp _build/matrix_vector matrix_vector.exe 
export XRT_HACK_UNSECURE_LOADING_XCLBIN=1 && \
 ./matrix_vector.exe -x build/final_2048x2048x1.xclbin -i build/insts_2048x2048x1.txt -k MLIR_AIE -M 2048 -K 2048 -N 1 -v 2 --warmup 1 --iters 1
Matrix size 2048x2048x1
Sequence instr count: 1620
Loading xclbin: build/final_2048x2048x1.xclbin
Kernel opcode: MLIR_AIE
Name: MLIR_AIE
Registering xclbin: build/final_2048x2048x1.xclbin
Getting hardware context.
Getting handle to kernel:MLIR_AIE
Writing data into buffer objects.
DTYPE_IN  = int16_t
DTYPE_OUT = int16_t
Verification tolerance 0 absolute, 0 relative.
A = 
   13457    -28205    -19666      -205     27690   ...   -20578      4098    -23419     -7351    -10163  
    5010    -22765    -18207     13956    -18539   ...     9403    -21376    -24766     23857     21679  
  -28747    -14421      8350     25515     20987   ...    22623      7961    -20902     -8833     -9951  
   10422      7551     13156    -16341     32222   ...   -19013     -9651    -16592     23388     19710  
   19875     27255    -32144    -31314    -10181   ...     -138      9353    -16851        47     13122  
    ...       ...       ...       ...       ...    ...     ...       ...       ...       ...       ...   
  -13665     24969    -20748      9384     -3667   ...   -19438    -24585    -10468     17785     -5216  
   27441     -5719     -2806     -2893     13183   ...   -25008    -18895     30154    -12467     18828  
   22830     31378    -24610     31935       209   ...    27269     11299     24182     30048     29518  
  -29571      1568     21587     23287     18484   ...    20008     11573     16601      2327    -23529  
    7374    -31958     11613    -21959    -22502   ...   -28457    -24071    -20420      -982     11357  
B = 
  -16877  
   20208  
   -1114  
   13320  
   17522  
    ...   
    2132  
   17720  
  -14916  
  -21173  
  -11502  
Running Kernel (iteration 0).
Running Kernel (iteration 1).
Verifying against reference matmul ...
Verify time: 0.00 s.

Avg NPU matmul time: 1024.00us.
Avg NPU gflops: 8.19

Min NPU matmul time: 1024.00us.
Max NPU gflops: 8.19

Max NPU matmul time: 1024.00us.
Min NPU gflops: 8.19

PASS!

rm -rf tmpTrace parse*.json trace*json trace.txt
rm -rf build _build matrix_vector.exe
mkdir -p build
python3 /home/adam/mlir-aie/programming_examples/basic/matrix_multiplication/matrix_vector_4x4/matrix_vector.py --dev npu -M 2560 -K 256 -N 1 --dtype_in i16 --dtype_out i16 --trace_size 0 > build/aie_2560x256x1.mlir
mkdir -p build
cd build && /home/adam/mlir-aie/ironenv/lib/python3.12/site-packages/llvm-aie/bin/clang++ -O2 -std=c++20 --target=aie2-none-unknown-elf -Wno-parentheses -Wno-attributes -Wno-macro-redefined -Wno-empty-body -DNDEBUG -I /home/adam/mlir-aie/ironenv/lib/python3.12/site-packages/mlir_aie/include  -DBIT_WIDTH=8 -DDIM_M=32 -DDIM_K=32 -c /home/adam/mlir-aie/programming_examples/basic/matrix_multiplication/matrix_vector_4x4/../../../../aie_kernels/aie2/mv.cc -o mv_32x32.o
mkdir -p build
cd build && aiecc.py --alloc-scheme=basic-sequential --aie-generate-xclbin --no-compile-host --xclbin-name=final_2560x256x1.xclbin \
			 --no-xchesscc --no-xbridge --peano /home/adam/mlir-aie/ironenv/lib/python3.12/site-packages/llvm-aie \
			--aie-generate-npu-insts --npu-insts-name=insts_2560x256x1.txt ../build/aie_2560x256x1.mlir


****** Bootgen v2024.1
  **** Build date : Apr 22 2025-04:12:47
    ** Copyright 1986-2022 Xilinx, Inc. All Rights Reserved.
    ** Copyright 2022-2024 Advanced Micro Devices, Inc. All Rights Reserved.


[INFO]   : Bootimage generated successfully

Info: Embedded Metadata section is missing project.platform.device.core element, adding it.
Found xchesscc at /home/adam/libraries/vitis_aie_essential
 AIE Compilation: ━━━━━━━━━━━━━━━━━━━━━━━━━━    94% 0:00:01 0:00:00 16/17 4 Workers
Generating: /home/adam/mlir-aie/programming_examples/basic/matrix_multiplication/matrix_vector_4x4/build/aie_2560x256x1.mlir.prj/aie_cdo_elfs.bin
Generating: /home/adam/mlir-aie/programming_examples/basic/matrix_multiplication/matrix_vector_4x4/build/aie_2560x256x1.mlir.prj/aie_cdo_init.bin
Generating: /home/adam/mlir-aie/programming_examples/basic/matrix_multiplication/matrix_vector_4x4/build/aie_2560x256x1.mlir.prj/aie_cdo_enable.bin
rm -rf _build
mkdir -p _build
cd _build &&  cmake -E env CXXFLAGS="-std=c++23 -ggdb -DDTYPE_IN=int16_t -DDTYPE_OUT=int16_t -DDTYPE_ACC=int16_t" \
	cmake /home/adam/mlir-aie/programming_examples/basic/matrix_multiplication/matrix_vector_4x4/.. -D CMAKE_C_COMPILER=gcc-13 -D CMAKE_CXX_COMPILER=g++-13 -DTARGET_NAME=matrix_vector -Dsubdir=matrix_vector
CMake Deprecation Warning at CMakeLists.txt:13 (cmake_minimum_required):
  Compatibility with CMake < 3.10 will be removed from a future version of
  CMake.

  Update the VERSION argument <min> value.  Or, use the <min>...<max> syntax
  to tell CMake that the project requires at least <min> but has been updated
  to work with policies introduced by <max> or earlier.


-- The C compiler identification is GNU 13.3.0
-- The CXX compiler identification is GNU 13.3.0
-- Detecting C compiler ABI info
-- Detecting C compiler ABI info - done
-- Check for working C compiler: /usr/bin/gcc-13 - skipped
-- Detecting C compile features
-- Detecting C compile features - done
-- Detecting CXX compiler ABI info
-- Detecting CXX compiler ABI info - done
-- Check for working CXX compiler: /usr/bin/g++-13 - skipped
-- Detecting CXX compile features
-- Detecting CXX compile features - done
-- Configuring done (0.2s)
-- Generating done (0.0s)
-- Build files have been written to: /home/adam/mlir-aie/programming_examples/basic/matrix_multiplication/matrix_vector_4x4/_build
cd _build &&  cmake --build . --config Release
gmake[1]: Entering directory '/home/adam/mlir-aie/programming_examples/basic/matrix_multiplication/matrix_vector_4x4/_build'
gmake[2]: Entering directory '/home/adam/mlir-aie/programming_examples/basic/matrix_multiplication/matrix_vector_4x4/_build'
gmake[3]: Entering directory '/home/adam/mlir-aie/programming_examples/basic/matrix_multiplication/matrix_vector_4x4/_build'
gmake[3]: Leaving directory '/home/adam/mlir-aie/programming_examples/basic/matrix_multiplication/matrix_vector_4x4/_build'
gmake[3]: Entering directory '/home/adam/mlir-aie/programming_examples/basic/matrix_multiplication/matrix_vector_4x4/_build'
[ 33%] Building CXX object CMakeFiles/matrix_vector.dir/home/adam/mlir-aie/runtime_lib/test_lib/test_utils.cpp.o
[ 66%] Building CXX object CMakeFiles/matrix_vector.dir/matrix_vector/test.cpp.o
[100%] Linking CXX executable matrix_vector
gmake[3]: Leaving directory '/home/adam/mlir-aie/programming_examples/basic/matrix_multiplication/matrix_vector_4x4/_build'
[100%] Built target matrix_vector
gmake[2]: Leaving directory '/home/adam/mlir-aie/programming_examples/basic/matrix_multiplication/matrix_vector_4x4/_build'
gmake[1]: Leaving directory '/home/adam/mlir-aie/programming_examples/basic/matrix_multiplication/matrix_vector_4x4/_build'
cp _build/matrix_vector matrix_vector.exe 
export XRT_HACK_UNSECURE_LOADING_XCLBIN=1 && \
 ./matrix_vector.exe -x build/final_2560x256x1.xclbin -i build/insts_2560x256x1.txt -k MLIR_AIE -M 2560 -K 256 -N 1 -v 2 --warmup 1 --iters 1
Matrix size 2560x256x1
Sequence instr count: 2024
Loading xclbin: build/final_2560x256x1.xclbin
Kernel opcode: MLIR_AIE
Name: MLIR_AIE
Registering xclbin: build/final_2560x256x1.xclbin
Getting hardware context.
Getting handle to kernel:MLIR_AIE
Writing data into buffer objects.
DTYPE_IN  = int16_t
DTYPE_OUT = int16_t
Verification tolerance 0 absolute, 0 relative.
A = 
   13457    -28205    -19666      -205     27690   ...   -15908      2818     13271     20176      1139  
  -22748    -18634    -24352    -28232     16906   ...   -26606     17471     14977     26768    -31858  
  -16861    -29938     14143      4492    -19464   ...     5846     -9503     27819    -21381       133  
  -29481     16407    -19656    -17830      3633   ...   -24288     17254    -27732     13616      9265  
    8270      7756    -21346    -28428      2391   ...   -27895     26930    -21440      6434     10718  
    ...       ...       ...       ...       ...    ...     ...       ...       ...       ...       ...   
    9333    -26971      9374     12378     25636   ...    -6049    -29762     20352     13783      1183  
  -28254      6336      6145    -19188     -4974   ...    30075     -8046      5474    -30015    -19427  
   29169     10800     14548     -4877      8013   ...    15624      2625     -6577     23926     21091  
  -11108     25414      7044      5885      3818   ...   -29517    -14841      3664    -25482    -24138  
   23122    -32756    -23504    -13224    -27762   ...    17464     28595     16336    -14797     -3446  
B = 
   17930  
    8369  
   24103  
   31041  
   22034  
    ...   
   25556  
  -15306  
   17122  
    1061  
   26979  
Running Kernel (iteration 0).
Running Kernel (iteration 1).
Verifying against reference matmul ...
Verify time: 0.00 s.

Avg NPU matmul time: 335.00us.
Avg NPU gflops: 3.91

Min NPU matmul time: 335.00us.
Max NPU gflops: 3.91

Max NPU matmul time: 335.00us.
Min NPU gflops: 3.91

PASS!

rm -rf tmpTrace parse*.json trace*json trace.txt
rm -rf build _build matrix_vector.exe
mkdir -p build
python3 /home/adam/mlir-aie/programming_examples/basic/matrix_multiplication/matrix_vector_4x4/matrix_vector.py --dev npu -M 2560 -K 512 -N 1 --dtype_in i16 --dtype_out i16 --trace_size 0 > build/aie_2560x512x1.mlir
mkdir -p build
cd build && /home/adam/mlir-aie/ironenv/lib/python3.12/site-packages/llvm-aie/bin/clang++ -O2 -std=c++20 --target=aie2-none-unknown-elf -Wno-parentheses -Wno-attributes -Wno-macro-redefined -Wno-empty-body -DNDEBUG -I /home/adam/mlir-aie/ironenv/lib/python3.12/site-packages/mlir_aie/include  -DBIT_WIDTH=8 -DDIM_M=32 -DDIM_K=32 -c /home/adam/mlir-aie/programming_examples/basic/matrix_multiplication/matrix_vector_4x4/../../../../aie_kernels/aie2/mv.cc -o mv_32x32.o
mkdir -p build
cd build && aiecc.py --alloc-scheme=basic-sequential --aie-generate-xclbin --no-compile-host --xclbin-name=final_2560x512x1.xclbin \
			 --no-xchesscc --no-xbridge --peano /home/adam/mlir-aie/ironenv/lib/python3.12/site-packages/llvm-aie \
			--aie-generate-npu-insts --npu-insts-name=insts_2560x512x1.txt ../build/aie_2560x512x1.mlir


****** Bootgen v2024.1
  **** Build date : Apr 22 2025-04:12:47
    ** Copyright 1986-2022 Xilinx, Inc. All Rights Reserved.
    ** Copyright 2022-2024 Advanced Micro Devices, Inc. All Rights Reserved.


[INFO]   : Bootimage generated successfully

Info: Embedded Metadata section is missing project.platform.device.core element, adding it.
Found xchesscc at /home/adam/libraries/vitis_aie_essential
 AIE Compilation: ━━━━━━━━━━━━━━━━━━━━━━━━━━    94% 0:00:01 0:00:01 16/17 4 Workers
Generating: /home/adam/mlir-aie/programming_examples/basic/matrix_multiplication/matrix_vector_4x4/build/aie_2560x512x1.mlir.prj/aie_cdo_elfs.bin
Generating: /home/adam/mlir-aie/programming_examples/basic/matrix_multiplication/matrix_vector_4x4/build/aie_2560x512x1.mlir.prj/aie_cdo_init.bin
Generating: /home/adam/mlir-aie/programming_examples/basic/matrix_multiplication/matrix_vector_4x4/build/aie_2560x512x1.mlir.prj/aie_cdo_enable.bin
rm -rf _build
mkdir -p _build
cd _build &&  cmake -E env CXXFLAGS="-std=c++23 -ggdb -DDTYPE_IN=int16_t -DDTYPE_OUT=int16_t -DDTYPE_ACC=int16_t" \
	cmake /home/adam/mlir-aie/programming_examples/basic/matrix_multiplication/matrix_vector_4x4/.. -D CMAKE_C_COMPILER=gcc-13 -D CMAKE_CXX_COMPILER=g++-13 -DTARGET_NAME=matrix_vector -Dsubdir=matrix_vector
CMake Deprecation Warning at CMakeLists.txt:13 (cmake_minimum_required):
  Compatibility with CMake < 3.10 will be removed from a future version of
  CMake.

  Update the VERSION argument <min> value.  Or, use the <min>...<max> syntax
  to tell CMake that the project requires at least <min> but has been updated
  to work with policies introduced by <max> or earlier.


-- The C compiler identification is GNU 13.3.0
-- The CXX compiler identification is GNU 13.3.0
-- Detecting C compiler ABI info
-- Detecting C compiler ABI info - done
-- Check for working C compiler: /usr/bin/gcc-13 - skipped
-- Detecting C compile features
-- Detecting C compile features - done
-- Detecting CXX compiler ABI info
-- Detecting CXX compiler ABI info - done
-- Check for working CXX compiler: /usr/bin/g++-13 - skipped
-- Detecting CXX compile features
-- Detecting CXX compile features - done
-- Configuring done (0.2s)
-- Generating done (0.0s)
-- Build files have been written to: /home/adam/mlir-aie/programming_examples/basic/matrix_multiplication/matrix_vector_4x4/_build
cd _build &&  cmake --build . --config Release
gmake[1]: Entering directory '/home/adam/mlir-aie/programming_examples/basic/matrix_multiplication/matrix_vector_4x4/_build'
gmake[2]: Entering directory '/home/adam/mlir-aie/programming_examples/basic/matrix_multiplication/matrix_vector_4x4/_build'
gmake[3]: Entering directory '/home/adam/mlir-aie/programming_examples/basic/matrix_multiplication/matrix_vector_4x4/_build'
gmake[3]: Leaving directory '/home/adam/mlir-aie/programming_examples/basic/matrix_multiplication/matrix_vector_4x4/_build'
gmake[3]: Entering directory '/home/adam/mlir-aie/programming_examples/basic/matrix_multiplication/matrix_vector_4x4/_build'
[ 33%] Building CXX object CMakeFiles/matrix_vector.dir/home/adam/mlir-aie/runtime_lib/test_lib/test_utils.cpp.o
[ 66%] Building CXX object CMakeFiles/matrix_vector.dir/matrix_vector/test.cpp.o
[100%] Linking CXX executable matrix_vector
gmake[3]: Leaving directory '/home/adam/mlir-aie/programming_examples/basic/matrix_multiplication/matrix_vector_4x4/_build'
[100%] Built target matrix_vector
gmake[2]: Leaving directory '/home/adam/mlir-aie/programming_examples/basic/matrix_multiplication/matrix_vector_4x4/_build'
gmake[1]: Leaving directory '/home/adam/mlir-aie/programming_examples/basic/matrix_multiplication/matrix_vector_4x4/_build'
cp _build/matrix_vector matrix_vector.exe 
export XRT_HACK_UNSECURE_LOADING_XCLBIN=1 && \
 ./matrix_vector.exe -x build/final_2560x512x1.xclbin -i build/insts_2560x512x1.txt -k MLIR_AIE -M 2560 -K 512 -N 1 -v 2 --warmup 1 --iters 1
Matrix size 2560x512x1
Sequence instr count: 2024
Loading xclbin: build/final_2560x512x1.xclbin
Kernel opcode: MLIR_AIE
Name: MLIR_AIE
Registering xclbin: build/final_2560x512x1.xclbin
Getting hardware context.
Getting handle to kernel:MLIR_AIE
Writing data into buffer objects.
DTYPE_IN  = int16_t
DTYPE_OUT = int16_t
Verification tolerance 0 absolute, 0 relative.
A = 
   13457    -28205    -19666      -205     27690   ...   -26606     17471     14977     26768    -31858  
  -16861    -29938     14143      4492    -19464   ...   -24288     17254    -27732     13616      9265  
    8270      7756    -21346    -28428      2391   ...     1142    -17068    -29328      2901     31216  
  -29798      9724    -21391     -7037      -616   ...   -20578      4098    -23419     -7351    -10163  
    5010    -22765    -18207     13956    -18539   ...     4569     -7735     23942      3905    -15435  
    ...       ...       ...       ...       ...    ...     ...       ...       ...       ...       ...   
   -2916      4147     22236      9874    -23888   ...    24199    -13090     -3269    -13278    -17470  
   28765     22973    -30195      4760     -8657   ...    19008     12484     -5609    -15506     -9934  
   -4813    -22256     29257    -12468     26540   ...   -27093      9819     10458     -8137     25602  
   -5532     29098      4932     18973      6597   ...     -701     -3366      6164     16068      7070  
  -31693     28796     28379     28339    -30959   ...   -30508    -31019     32213    -31028    -31592  
B = 
    3038  
    7938  
   24375  
   -5376  
   16473  
    ...   
    -301  
  -27894  
  -20963  
  -29158  
   13602  
Running Kernel (iteration 0).
Running Kernel (iteration 1).
Verifying against reference matmul ...
Verify time: 0.00 s.

Avg NPU matmul time: 564.00us.
Avg NPU gflops: 4.65

Min NPU matmul time: 564.00us.
Max NPU gflops: 4.65

Max NPU matmul time: 564.00us.
Min NPU gflops: 4.65

PASS!

rm -rf tmpTrace parse*.json trace*json trace.txt
rm -rf build _build matrix_vector.exe
mkdir -p build
python3 /home/adam/mlir-aie/programming_examples/basic/matrix_multiplication/matrix_vector_4x4/matrix_vector.py --dev npu -M 2560 -K 768 -N 1 --dtype_in i16 --dtype_out i16 --trace_size 0 > build/aie_2560x768x1.mlir
mkdir -p build
cd build && /home/adam/mlir-aie/ironenv/lib/python3.12/site-packages/llvm-aie/bin/clang++ -O2 -std=c++20 --target=aie2-none-unknown-elf -Wno-parentheses -Wno-attributes -Wno-macro-redefined -Wno-empty-body -DNDEBUG -I /home/adam/mlir-aie/ironenv/lib/python3.12/site-packages/mlir_aie/include  -DBIT_WIDTH=8 -DDIM_M=32 -DDIM_K=32 -c /home/adam/mlir-aie/programming_examples/basic/matrix_multiplication/matrix_vector_4x4/../../../../aie_kernels/aie2/mv.cc -o mv_32x32.o
mkdir -p build
cd build && aiecc.py --alloc-scheme=basic-sequential --aie-generate-xclbin --no-compile-host --xclbin-name=final_2560x768x1.xclbin \
			 --no-xchesscc --no-xbridge --peano /home/adam/mlir-aie/ironenv/lib/python3.12/site-packages/llvm-aie \
			--aie-generate-npu-insts --npu-insts-name=insts_2560x768x1.txt ../build/aie_2560x768x1.mlir


****** Bootgen v2024.1
  **** Build date : Apr 22 2025-04:12:47
    ** Copyright 1986-2022 Xilinx, Inc. All Rights Reserved.
    ** Copyright 2022-2024 Advanced Micro Devices, Inc. All Rights Reserved.


[INFO]   : Bootimage generated successfully

Info: Embedded Metadata section is missing project.platform.device.core element, adding it.
Found xchesscc at /home/adam/libraries/vitis_aie_essential
 AIE Compilation: ━━━━━━━━━━━━━━━━━━━━━━━━━━    94% 0:00:01 0:00:01 16/17 4 Workers
Generating: /home/adam/mlir-aie/programming_examples/basic/matrix_multiplication/matrix_vector_4x4/build/aie_2560x768x1.mlir.prj/aie_cdo_elfs.bin
Generating: /home/adam/mlir-aie/programming_examples/basic/matrix_multiplication/matrix_vector_4x4/build/aie_2560x768x1.mlir.prj/aie_cdo_init.bin
Generating: /home/adam/mlir-aie/programming_examples/basic/matrix_multiplication/matrix_vector_4x4/build/aie_2560x768x1.mlir.prj/aie_cdo_enable.bin
rm -rf _build
mkdir -p _build
cd _build &&  cmake -E env CXXFLAGS="-std=c++23 -ggdb -DDTYPE_IN=int16_t -DDTYPE_OUT=int16_t -DDTYPE_ACC=int16_t" \
	cmake /home/adam/mlir-aie/programming_examples/basic/matrix_multiplication/matrix_vector_4x4/.. -D CMAKE_C_COMPILER=gcc-13 -D CMAKE_CXX_COMPILER=g++-13 -DTARGET_NAME=matrix_vector -Dsubdir=matrix_vector
CMake Deprecation Warning at CMakeLists.txt:13 (cmake_minimum_required):
  Compatibility with CMake < 3.10 will be removed from a future version of
  CMake.

  Update the VERSION argument <min> value.  Or, use the <min>...<max> syntax
  to tell CMake that the project requires at least <min> but has been updated
  to work with policies introduced by <max> or earlier.


-- The C compiler identification is GNU 13.3.0
-- The CXX compiler identification is GNU 13.3.0
-- Detecting C compiler ABI info
-- Detecting C compiler ABI info - done
-- Check for working C compiler: /usr/bin/gcc-13 - skipped
-- Detecting C compile features
-- Detecting C compile features - done
-- Detecting CXX compiler ABI info
-- Detecting CXX compiler ABI info - done
-- Check for working CXX compiler: /usr/bin/g++-13 - skipped
-- Detecting CXX compile features
-- Detecting CXX compile features - done
-- Configuring done (0.2s)
-- Generating done (0.0s)
-- Build files have been written to: /home/adam/mlir-aie/programming_examples/basic/matrix_multiplication/matrix_vector_4x4/_build
cd _build &&  cmake --build . --config Release
gmake[1]: Entering directory '/home/adam/mlir-aie/programming_examples/basic/matrix_multiplication/matrix_vector_4x4/_build'
gmake[2]: Entering directory '/home/adam/mlir-aie/programming_examples/basic/matrix_multiplication/matrix_vector_4x4/_build'
gmake[3]: Entering directory '/home/adam/mlir-aie/programming_examples/basic/matrix_multiplication/matrix_vector_4x4/_build'
gmake[3]: Leaving directory '/home/adam/mlir-aie/programming_examples/basic/matrix_multiplication/matrix_vector_4x4/_build'
gmake[3]: Entering directory '/home/adam/mlir-aie/programming_examples/basic/matrix_multiplication/matrix_vector_4x4/_build'
[ 33%] Building CXX object CMakeFiles/matrix_vector.dir/home/adam/mlir-aie/runtime_lib/test_lib/test_utils.cpp.o
[ 66%] Building CXX object CMakeFiles/matrix_vector.dir/matrix_vector/test.cpp.o
[100%] Linking CXX executable matrix_vector
gmake[3]: Leaving directory '/home/adam/mlir-aie/programming_examples/basic/matrix_multiplication/matrix_vector_4x4/_build'
[100%] Built target matrix_vector
gmake[2]: Leaving directory '/home/adam/mlir-aie/programming_examples/basic/matrix_multiplication/matrix_vector_4x4/_build'
gmake[1]: Leaving directory '/home/adam/mlir-aie/programming_examples/basic/matrix_multiplication/matrix_vector_4x4/_build'
cp _build/matrix_vector matrix_vector.exe 
export XRT_HACK_UNSECURE_LOADING_XCLBIN=1 && \
 ./matrix_vector.exe -x build/final_2560x768x1.xclbin -i build/insts_2560x768x1.txt -k MLIR_AIE -M 2560 -K 768 -N 1 -v 2 --warmup 1 --iters 1
Matrix size 2560x768x1
Sequence instr count: 2024
Loading xclbin: build/final_2560x768x1.xclbin
Kernel opcode: MLIR_AIE
Name: MLIR_AIE
Registering xclbin: build/final_2560x768x1.xclbin
Getting hardware context.
Getting handle to kernel:MLIR_AIE
Writing data into buffer objects.
DTYPE_IN  = int16_t
DTYPE_OUT = int16_t
Verification tolerance 0 absolute, 0 relative.
A = 
   13457    -28205    -19666      -205     27690   ...     5846     -9503     27819    -21381       133  
  -29481     16407    -19656    -17830      3633   ...     1142    -17068    -29328      2901     31216  
  -29798      9724    -21391     -7037      -616   ...    21033      5350     18215     32222    -28924  
   10888    -27895     19240      6512      7256   ...    12253     19015    -31779    -15583     30261  
  -27185    -27058    -18100    -26436     10876   ...   -16984      2790    -11058     32289    -27586  
    ...       ...       ...       ...       ...    ...     ...       ...       ...       ...       ...   
   19495    -27390     29471    -22235     -1558   ...    -6985    -28651     -3962    -18698    -13214  
   10694     20603     12432     20973     19230   ...    23645     -8540     10036    -15167     24884  
   -8754    -17125    -32460    -18762     13612   ...    24801    -20113    -15445      2893     30836  
  -17783      -286     32143     16750     25014   ...    31252    -16330    -14753     -7239      7393  
   29614    -23299     24093    -11814     25475   ...      139      1141      6683    -15917     20914  
B = 
    5937  
   -4089  
   13631  
    1507  
   32692  
    ...   
   13392  
   -2788  
  -20124  
   13150  
  -31727  
Running Kernel (iteration 0).
Running Kernel (iteration 1).
Verifying against reference matmul ...
Verify time: 0.00 s.

Avg NPU matmul time: 471.00us.
Avg NPU gflops: 8.35

Min NPU matmul time: 471.00us.
Max NPU gflops: 8.35

Max NPU matmul time: 471.00us.
Min NPU gflops: 8.35

PASS!

rm -rf tmpTrace parse*.json trace*json trace.txt
rm -rf build _build matrix_vector.exe
mkdir -p build
python3 /home/adam/mlir-aie/programming_examples/basic/matrix_multiplication/matrix_vector_4x4/matrix_vector.py --dev npu -M 2560 -K 1024 -N 1 --dtype_in i16 --dtype_out i16 --trace_size 0 > build/aie_2560x1024x1.mlir
mkdir -p build
cd build && /home/adam/mlir-aie/ironenv/lib/python3.12/site-packages/llvm-aie/bin/clang++ -O2 -std=c++20 --target=aie2-none-unknown-elf -Wno-parentheses -Wno-attributes -Wno-macro-redefined -Wno-empty-body -DNDEBUG -I /home/adam/mlir-aie/ironenv/lib/python3.12/site-packages/mlir_aie/include  -DBIT_WIDTH=8 -DDIM_M=32 -DDIM_K=32 -c /home/adam/mlir-aie/programming_examples/basic/matrix_multiplication/matrix_vector_4x4/../../../../aie_kernels/aie2/mv.cc -o mv_32x32.o
mkdir -p build
cd build && aiecc.py --alloc-scheme=basic-sequential --aie-generate-xclbin --no-compile-host --xclbin-name=final_2560x1024x1.xclbin \
			 --no-xchesscc --no-xbridge --peano /home/adam/mlir-aie/ironenv/lib/python3.12/site-packages/llvm-aie \
			--aie-generate-npu-insts --npu-insts-name=insts_2560x1024x1.txt ../build/aie_2560x1024x1.mlir


****** Bootgen v2024.1
  **** Build date : Apr 22 2025-04:12:47
    ** Copyright 1986-2022 Xilinx, Inc. All Rights Reserved.
    ** Copyright 2022-2024 Advanced Micro Devices, Inc. All Rights Reserved.


[INFO]   : Bootimage generated successfully

Info: Embedded Metadata section is missing project.platform.device.core element, adding it.
Found xchesscc at /home/adam/libraries/vitis_aie_essential
 AIE Compilation: ━━━━━━━━━━━━━━━━━━━━━━━━━━    94% 0:00:01 0:00:01 16/17 4 Workers
Generating: /home/adam/mlir-aie/programming_examples/basic/matrix_multiplication/matrix_vector_4x4/build/aie_2560x1024x1.mlir.prj/aie_cdo_elfs.bin
Generating: /home/adam/mlir-aie/programming_examples/basic/matrix_multiplication/matrix_vector_4x4/build/aie_2560x1024x1.mlir.prj/aie_cdo_init.bin
Generating: /home/adam/mlir-aie/programming_examples/basic/matrix_multiplication/matrix_vector_4x4/build/aie_2560x1024x1.mlir.prj/aie_cdo_enable.bin
rm -rf _build
mkdir -p _build
cd _build &&  cmake -E env CXXFLAGS="-std=c++23 -ggdb -DDTYPE_IN=int16_t -DDTYPE_OUT=int16_t -DDTYPE_ACC=int16_t" \
	cmake /home/adam/mlir-aie/programming_examples/basic/matrix_multiplication/matrix_vector_4x4/.. -D CMAKE_C_COMPILER=gcc-13 -D CMAKE_CXX_COMPILER=g++-13 -DTARGET_NAME=matrix_vector -Dsubdir=matrix_vector
CMake Deprecation Warning at CMakeLists.txt:13 (cmake_minimum_required):
  Compatibility with CMake < 3.10 will be removed from a future version of
  CMake.

  Update the VERSION argument <min> value.  Or, use the <min>...<max> syntax
  to tell CMake that the project requires at least <min> but has been updated
  to work with policies introduced by <max> or earlier.


-- The C compiler identification is GNU 13.3.0
-- The CXX compiler identification is GNU 13.3.0
-- Detecting C compiler ABI info
-- Detecting C compiler ABI info - done
-- Check for working C compiler: /usr/bin/gcc-13 - skipped
-- Detecting C compile features
-- Detecting C compile features - done
-- Detecting CXX compiler ABI info
-- Detecting CXX compiler ABI info - done
-- Check for working CXX compiler: /usr/bin/g++-13 - skipped
-- Detecting CXX compile features
-- Detecting CXX compile features - done
-- Configuring done (0.2s)
-- Generating done (0.0s)
-- Build files have been written to: /home/adam/mlir-aie/programming_examples/basic/matrix_multiplication/matrix_vector_4x4/_build
cd _build &&  cmake --build . --config Release
gmake[1]: Entering directory '/home/adam/mlir-aie/programming_examples/basic/matrix_multiplication/matrix_vector_4x4/_build'
gmake[2]: Entering directory '/home/adam/mlir-aie/programming_examples/basic/matrix_multiplication/matrix_vector_4x4/_build'
gmake[3]: Entering directory '/home/adam/mlir-aie/programming_examples/basic/matrix_multiplication/matrix_vector_4x4/_build'
gmake[3]: Leaving directory '/home/adam/mlir-aie/programming_examples/basic/matrix_multiplication/matrix_vector_4x4/_build'
gmake[3]: Entering directory '/home/adam/mlir-aie/programming_examples/basic/matrix_multiplication/matrix_vector_4x4/_build'
[ 33%] Building CXX object CMakeFiles/matrix_vector.dir/home/adam/mlir-aie/runtime_lib/test_lib/test_utils.cpp.o
[ 66%] Building CXX object CMakeFiles/matrix_vector.dir/matrix_vector/test.cpp.o
[100%] Linking CXX executable matrix_vector
gmake[3]: Leaving directory '/home/adam/mlir-aie/programming_examples/basic/matrix_multiplication/matrix_vector_4x4/_build'
[100%] Built target matrix_vector
gmake[2]: Leaving directory '/home/adam/mlir-aie/programming_examples/basic/matrix_multiplication/matrix_vector_4x4/_build'
gmake[1]: Leaving directory '/home/adam/mlir-aie/programming_examples/basic/matrix_multiplication/matrix_vector_4x4/_build'
cp _build/matrix_vector matrix_vector.exe 
export XRT_HACK_UNSECURE_LOADING_XCLBIN=1 && \
 ./matrix_vector.exe -x build/final_2560x1024x1.xclbin -i build/insts_2560x1024x1.txt -k MLIR_AIE -M 2560 -K 1024 -N 1 -v 2 --warmup 1 --iters 1
Matrix size 2560x1024x1
Sequence instr count: 2024
Loading xclbin: build/final_2560x1024x1.xclbin
Kernel opcode: MLIR_AIE
Name: MLIR_AIE
Registering xclbin: build/final_2560x1024x1.xclbin
Getting hardware context.
Getting handle to kernel:MLIR_AIE
Writing data into buffer objects.
DTYPE_IN  = int16_t
DTYPE_OUT = int16_t
Verification tolerance 0 absolute, 0 relative.
A = 
   13457    -28205    -19666      -205     27690   ...   -24288     17254    -27732     13616      9265  
    8270      7756    -21346    -28428      2391   ...   -20578      4098    -23419     -7351    -10163  
    5010    -22765    -18207     13956    -18539   ...    12253     19015    -31779    -15583     30261  
  -27185    -27058    -18100    -26436     10876   ...     9403    -21376    -24766     23857     21679  
  -28747    -14421      8350     25515     20987   ...    -6885     29354    -15217    -14490     26568  
    ...       ...       ...       ...       ...    ...     ...       ...       ...       ...       ...   
    8971     26289    -32763     15241     16914   ...    16603    -14579     18990    -16243     28280  
   -7483    -29052     -3759    -14583    -17361   ...    17628      9628     19733      6915     -1122  
  -17897    -13963      5681      -743      -121   ...   -14746     -3882     31044     -6609    -21436  
   -6307     29751     12014    -19596     20429   ...    25598    -14632      6369      2865      7531  
  -29681    -28467    -11531     -7711    -30066   ...   -30146      9098     17274      8704    -16567  
B = 
  -10001  
   14734  
  -21433  
  -22851  
   24802  
    ...   
   22961  
    4444  
    7434  
  -14183  
    3169  
Running Kernel (iteration 0).
Running Kernel (iteration 1).
Verifying against reference matmul ...
Verify time: 0.00 s.

Avg NPU matmul time: 819.00us.
Avg NPU gflops: 6.40

Min NPU matmul time: 819.00us.
Max NPU gflops: 6.40

Max NPU matmul time: 819.00us.
Min NPU gflops: 6.40

PASS!

rm -rf tmpTrace parse*.json trace*json trace.txt
rm -rf build _build matrix_vector.exe
mkdir -p build
python3 /home/adam/mlir-aie/programming_examples/basic/matrix_multiplication/matrix_vector_4x4/matrix_vector.py --dev npu -M 2560 -K 1280 -N 1 --dtype_in i16 --dtype_out i16 --trace_size 0 > build/aie_2560x1280x1.mlir
mkdir -p build
cd build && /home/adam/mlir-aie/ironenv/lib/python3.12/site-packages/llvm-aie/bin/clang++ -O2 -std=c++20 --target=aie2-none-unknown-elf -Wno-parentheses -Wno-attributes -Wno-macro-redefined -Wno-empty-body -DNDEBUG -I /home/adam/mlir-aie/ironenv/lib/python3.12/site-packages/mlir_aie/include  -DBIT_WIDTH=8 -DDIM_M=32 -DDIM_K=32 -c /home/adam/mlir-aie/programming_examples/basic/matrix_multiplication/matrix_vector_4x4/../../../../aie_kernels/aie2/mv.cc -o mv_32x32.o
mkdir -p build
cd build && aiecc.py --alloc-scheme=basic-sequential --aie-generate-xclbin --no-compile-host --xclbin-name=final_2560x1280x1.xclbin \
			 --no-xchesscc --no-xbridge --peano /home/adam/mlir-aie/ironenv/lib/python3.12/site-packages/llvm-aie \
			--aie-generate-npu-insts --npu-insts-name=insts_2560x1280x1.txt ../build/aie_2560x1280x1.mlir


****** Bootgen v2024.1
  **** Build date : Apr 22 2025-04:12:47
    ** Copyright 1986-2022 Xilinx, Inc. All Rights Reserved.
    ** Copyright 2022-2024 Advanced Micro Devices, Inc. All Rights Reserved.


[INFO]   : Bootimage generated successfully

Info: Embedded Metadata section is missing project.platform.device.core element, adding it.
Found xchesscc at /home/adam/libraries/vitis_aie_essential
 AIE Compilation: ━━━━━━━━━━━━━━━━━━━━━━━━━━    94% 0:00:01 0:00:01 16/17 4 Workers
Generating: /home/adam/mlir-aie/programming_examples/basic/matrix_multiplication/matrix_vector_4x4/build/aie_2560x1280x1.mlir.prj/aie_cdo_elfs.bin
Generating: /home/adam/mlir-aie/programming_examples/basic/matrix_multiplication/matrix_vector_4x4/build/aie_2560x1280x1.mlir.prj/aie_cdo_init.bin
Generating: /home/adam/mlir-aie/programming_examples/basic/matrix_multiplication/matrix_vector_4x4/build/aie_2560x1280x1.mlir.prj/aie_cdo_enable.bin
rm -rf _build
mkdir -p _build
cd _build &&  cmake -E env CXXFLAGS="-std=c++23 -ggdb -DDTYPE_IN=int16_t -DDTYPE_OUT=int16_t -DDTYPE_ACC=int16_t" \
	cmake /home/adam/mlir-aie/programming_examples/basic/matrix_multiplication/matrix_vector_4x4/.. -D CMAKE_C_COMPILER=gcc-13 -D CMAKE_CXX_COMPILER=g++-13 -DTARGET_NAME=matrix_vector -Dsubdir=matrix_vector
CMake Deprecation Warning at CMakeLists.txt:13 (cmake_minimum_required):
  Compatibility with CMake < 3.10 will be removed from a future version of
  CMake.

  Update the VERSION argument <min> value.  Or, use the <min>...<max> syntax
  to tell CMake that the project requires at least <min> but has been updated
  to work with policies introduced by <max> or earlier.


-- The C compiler identification is GNU 13.3.0
-- The CXX compiler identification is GNU 13.3.0
-- Detecting C compiler ABI info
-- Detecting C compiler ABI info - done
-- Check for working C compiler: /usr/bin/gcc-13 - skipped
-- Detecting C compile features
-- Detecting C compile features - done
-- Detecting CXX compiler ABI info
-- Detecting CXX compiler ABI info - done
-- Check for working CXX compiler: /usr/bin/g++-13 - skipped
-- Detecting CXX compile features
-- Detecting CXX compile features - done
-- Configuring done (0.2s)
-- Generating done (0.0s)
-- Build files have been written to: /home/adam/mlir-aie/programming_examples/basic/matrix_multiplication/matrix_vector_4x4/_build
cd _build &&  cmake --build . --config Release
gmake[1]: Entering directory '/home/adam/mlir-aie/programming_examples/basic/matrix_multiplication/matrix_vector_4x4/_build'
gmake[2]: Entering directory '/home/adam/mlir-aie/programming_examples/basic/matrix_multiplication/matrix_vector_4x4/_build'
gmake[3]: Entering directory '/home/adam/mlir-aie/programming_examples/basic/matrix_multiplication/matrix_vector_4x4/_build'
gmake[3]: Leaving directory '/home/adam/mlir-aie/programming_examples/basic/matrix_multiplication/matrix_vector_4x4/_build'
gmake[3]: Entering directory '/home/adam/mlir-aie/programming_examples/basic/matrix_multiplication/matrix_vector_4x4/_build'
[ 33%] Building CXX object CMakeFiles/matrix_vector.dir/home/adam/mlir-aie/runtime_lib/test_lib/test_utils.cpp.o
[ 66%] Building CXX object CMakeFiles/matrix_vector.dir/matrix_vector/test.cpp.o
[100%] Linking CXX executable matrix_vector
gmake[3]: Leaving directory '/home/adam/mlir-aie/programming_examples/basic/matrix_multiplication/matrix_vector_4x4/_build'
[100%] Built target matrix_vector
gmake[2]: Leaving directory '/home/adam/mlir-aie/programming_examples/basic/matrix_multiplication/matrix_vector_4x4/_build'
gmake[1]: Leaving directory '/home/adam/mlir-aie/programming_examples/basic/matrix_multiplication/matrix_vector_4x4/_build'
cp _build/matrix_vector matrix_vector.exe 
export XRT_HACK_UNSECURE_LOADING_XCLBIN=1 && \
 ./matrix_vector.exe -x build/final_2560x1280x1.xclbin -i build/insts_2560x1280x1.txt -k MLIR_AIE -M 2560 -K 1280 -N 1 -v 2 --warmup 1 --iters 1
Matrix size 2560x1280x1
Sequence instr count: 2024
Loading xclbin: build/final_2560x1280x1.xclbin
Kernel opcode: MLIR_AIE
Name: MLIR_AIE
Registering xclbin: build/final_2560x1280x1.xclbin
Getting hardware context.
Getting handle to kernel:MLIR_AIE
Writing data into buffer objects.
DTYPE_IN  = int16_t
DTYPE_OUT = int16_t
Verification tolerance 0 absolute, 0 relative.
A = 
   13457    -28205    -19666      -205     27690   ...   -27895     26930    -21440      6434     10718  
  -30406      5972      8420    -23045      5725   ...     4569     -7735     23942      3905    -15435  
   12793     24534     22596     29156      3283   ...   -16984      2790    -11058     32289    -27586  
   27802     20057     26289     15090     -4363   ...    -6885     29354    -15217    -14490     26568  
   22519    -24617    -27476    -16322    -16138   ...    11958     18394     -3666    -14297    -12951  
    ...       ...       ...       ...       ...    ...     ...       ...       ...       ...       ...   
  -14603    -32538    -31583     28942     30080   ...    23737    -11656      4656    -23767     24934  
  -29292     -3917      1153    -21764    -20125   ...     3634    -28615    -23724    -22742     28236  
   24401     21713    -14300     11923     -8259   ...   -30014    -22034    -29623     -7010     29427  
  -29438      -963    -32095     29739     23005   ...     5523     17917    -22806     20174      9989  
  -18090    -12344      9188     25082    -30151   ...   -11065      8414     -2369    -25096     20475  
B = 
    7325  
   24767  
  -19484  
    4515  
  -13049  
    ...   
   11497  
    -874  
    8336  
   23524  
   -5086  
Running Kernel (iteration 0).
Running Kernel (iteration 1).
Verifying against reference matmul ...
Verify time: 0.00 s.

Avg NPU matmul time: 767.00us.
Avg NPU gflops: 8.54

Min NPU matmul time: 767.00us.
Max NPU gflops: 8.54

Max NPU matmul time: 767.00us.
Min NPU gflops: 8.54

PASS!

rm -rf tmpTrace parse*.json trace*json trace.txt
rm -rf build _build matrix_vector.exe
mkdir -p build
python3 /home/adam/mlir-aie/programming_examples/basic/matrix_multiplication/matrix_vector_4x4/matrix_vector.py --dev npu -M 2560 -K 1536 -N 1 --dtype_in i16 --dtype_out i16 --trace_size 0 > build/aie_2560x1536x1.mlir
mkdir -p build
cd build && /home/adam/mlir-aie/ironenv/lib/python3.12/site-packages/llvm-aie/bin/clang++ -O2 -std=c++20 --target=aie2-none-unknown-elf -Wno-parentheses -Wno-attributes -Wno-macro-redefined -Wno-empty-body -DNDEBUG -I /home/adam/mlir-aie/ironenv/lib/python3.12/site-packages/mlir_aie/include  -DBIT_WIDTH=8 -DDIM_M=32 -DDIM_K=32 -c /home/adam/mlir-aie/programming_examples/basic/matrix_multiplication/matrix_vector_4x4/../../../../aie_kernels/aie2/mv.cc -o mv_32x32.o
mkdir -p build
cd build && aiecc.py --alloc-scheme=basic-sequential --aie-generate-xclbin --no-compile-host --xclbin-name=final_2560x1536x1.xclbin \
			 --no-xchesscc --no-xbridge --peano /home/adam/mlir-aie/ironenv/lib/python3.12/site-packages/llvm-aie \
			--aie-generate-npu-insts --npu-insts-name=insts_2560x1536x1.txt ../build/aie_2560x1536x1.mlir


****** Bootgen v2024.1
  **** Build date : Apr 22 2025-04:12:47
    ** Copyright 1986-2022 Xilinx, Inc. All Rights Reserved.
    ** Copyright 2022-2024 Advanced Micro Devices, Inc. All Rights Reserved.


[INFO]   : Bootimage generated successfully

Info: Embedded Metadata section is missing project.platform.device.core element, adding it.
Found xchesscc at /home/adam/libraries/vitis_aie_essential
 AIE Compilation: ━━━━━━━━━━━━━━━━━━━━━━━━━━    94% 0:00:01 0:00:00 16/17 4 Workers
Generating: /home/adam/mlir-aie/programming_examples/basic/matrix_multiplication/matrix_vector_4x4/build/aie_2560x1536x1.mlir.prj/aie_cdo_elfs.bin
Generating: /home/adam/mlir-aie/programming_examples/basic/matrix_multiplication/matrix_vector_4x4/build/aie_2560x1536x1.mlir.prj/aie_cdo_init.bin
Generating: /home/adam/mlir-aie/programming_examples/basic/matrix_multiplication/matrix_vector_4x4/build/aie_2560x1536x1.mlir.prj/aie_cdo_enable.bin
rm -rf _build
mkdir -p _build
cd _build &&  cmake -E env CXXFLAGS="-std=c++23 -ggdb -DDTYPE_IN=int16_t -DDTYPE_OUT=int16_t -DDTYPE_ACC=int16_t" \
	cmake /home/adam/mlir-aie/programming_examples/basic/matrix_multiplication/matrix_vector_4x4/.. -D CMAKE_C_COMPILER=gcc-13 -D CMAKE_CXX_COMPILER=g++-13 -DTARGET_NAME=matrix_vector -Dsubdir=matrix_vector
CMake Deprecation Warning at CMakeLists.txt:13 (cmake_minimum_required):
  Compatibility with CMake < 3.10 will be removed from a future version of
  CMake.

  Update the VERSION argument <min> value.  Or, use the <min>...<max> syntax
  to tell CMake that the project requires at least <min> but has been updated
  to work with policies introduced by <max> or earlier.


-- The C compiler identification is GNU 13.3.0
-- The CXX compiler identification is GNU 13.3.0
-- Detecting C compiler ABI info
-- Detecting C compiler ABI info - done
-- Check for working C compiler: /usr/bin/gcc-13 - skipped
-- Detecting C compile features
-- Detecting C compile features - done
-- Detecting CXX compiler ABI info
-- Detecting CXX compiler ABI info - done
-- Check for working CXX compiler: /usr/bin/g++-13 - skipped
-- Detecting CXX compile features
-- Detecting CXX compile features - done
-- Configuring done (0.2s)
-- Generating done (0.0s)
-- Build files have been written to: /home/adam/mlir-aie/programming_examples/basic/matrix_multiplication/matrix_vector_4x4/_build
cd _build &&  cmake --build . --config Release
gmake[1]: Entering directory '/home/adam/mlir-aie/programming_examples/basic/matrix_multiplication/matrix_vector_4x4/_build'
gmake[2]: Entering directory '/home/adam/mlir-aie/programming_examples/basic/matrix_multiplication/matrix_vector_4x4/_build'
gmake[3]: Entering directory '/home/adam/mlir-aie/programming_examples/basic/matrix_multiplication/matrix_vector_4x4/_build'
gmake[3]: Leaving directory '/home/adam/mlir-aie/programming_examples/basic/matrix_multiplication/matrix_vector_4x4/_build'
gmake[3]: Entering directory '/home/adam/mlir-aie/programming_examples/basic/matrix_multiplication/matrix_vector_4x4/_build'
[ 33%] Building CXX object CMakeFiles/matrix_vector.dir/home/adam/mlir-aie/runtime_lib/test_lib/test_utils.cpp.o
[ 66%] Building CXX object CMakeFiles/matrix_vector.dir/matrix_vector/test.cpp.o
[100%] Linking CXX executable matrix_vector
gmake[3]: Leaving directory '/home/adam/mlir-aie/programming_examples/basic/matrix_multiplication/matrix_vector_4x4/_build'
[100%] Built target matrix_vector
gmake[2]: Leaving directory '/home/adam/mlir-aie/programming_examples/basic/matrix_multiplication/matrix_vector_4x4/_build'
gmake[1]: Leaving directory '/home/adam/mlir-aie/programming_examples/basic/matrix_multiplication/matrix_vector_4x4/_build'
cp _build/matrix_vector matrix_vector.exe 
export XRT_HACK_UNSECURE_LOADING_XCLBIN=1 && \
 ./matrix_vector.exe -x build/final_2560x1536x1.xclbin -i build/insts_2560x1536x1.txt -k MLIR_AIE -M 2560 -K 1536 -N 1 -v 2 --warmup 1 --iters 1
Matrix size 2560x1536x1
Sequence instr count: 2024
Loading xclbin: build/final_2560x1536x1.xclbin
Kernel opcode: MLIR_AIE
Name: MLIR_AIE
Registering xclbin: build/final_2560x1536x1.xclbin
Getting hardware context.
Getting handle to kernel:MLIR_AIE
Writing data into buffer objects.
DTYPE_IN  = int16_t
DTYPE_OUT = int16_t
Verification tolerance 0 absolute, 0 relative.
A = 
   13457    -28205    -19666      -205     27690   ...     1142    -17068    -29328      2901     31216  
  -29798      9724    -21391     -7037      -616   ...    12253     19015    -31779    -15583     30261  
  -27185    -27058    -18100    -26436     10876   ...    11950    -25277    -22695     19736      3576  
  -23340      6832    -15019     24934    -24835   ...    22623      7961    -20902     -8833     -9951  
   10422      7551     13156    -16341     32222   ...    29876     18072    -19890    -12283    -25212  
    ...       ...       ...       ...       ...    ...     ...       ...       ...       ...       ...   
  -17279      -287      3716     14931    -21120   ...     7982     15495     16612       748    -27248  
    -718     -4866    -21490     12144    -20252   ...   -13804     22204     31062     18336     29156  
   15718     17690    -21565     -9809     19449   ...    30866     21319     15749      8939    -20543  
  -14763     25102     29238    -14099     22043   ...    -4504    -10774     29433    -19060    -22179  
   24606      1392     16126      2516     -4856   ...    25413    -32499    -15604     14513    -28967  
B = 
   15270  
    8748  
   16317  
  -15499  
   10430  
    ...   
    6177  
  -18625  
     391  
  -23870  
    7918  
Running Kernel (iteration 0).
Running Kernel (iteration 1).
Verifying against reference matmul ...
Verify time: 0.00 s.

Avg NPU matmul time: 1068.00us.
Avg NPU gflops: 7.36

Min NPU matmul time: 1068.00us.
Max NPU gflops: 7.36

Max NPU matmul time: 1068.00us.
Min NPU gflops: 7.36

PASS!

rm -rf tmpTrace parse*.json trace*json trace.txt
rm -rf build _build matrix_vector.exe
mkdir -p build
python3 /home/adam/mlir-aie/programming_examples/basic/matrix_multiplication/matrix_vector_4x4/matrix_vector.py --dev npu -M 2560 -K 1792 -N 1 --dtype_in i16 --dtype_out i16 --trace_size 0 > build/aie_2560x1792x1.mlir
mkdir -p build
cd build && /home/adam/mlir-aie/ironenv/lib/python3.12/site-packages/llvm-aie/bin/clang++ -O2 -std=c++20 --target=aie2-none-unknown-elf -Wno-parentheses -Wno-attributes -Wno-macro-redefined -Wno-empty-body -DNDEBUG -I /home/adam/mlir-aie/ironenv/lib/python3.12/site-packages/mlir_aie/include  -DBIT_WIDTH=8 -DDIM_M=32 -DDIM_K=32 -c /home/adam/mlir-aie/programming_examples/basic/matrix_multiplication/matrix_vector_4x4/../../../../aie_kernels/aie2/mv.cc -o mv_32x32.o
mkdir -p build
cd build && aiecc.py --alloc-scheme=basic-sequential --aie-generate-xclbin --no-compile-host --xclbin-name=final_2560x1792x1.xclbin \
			 --no-xchesscc --no-xbridge --peano /home/adam/mlir-aie/ironenv/lib/python3.12/site-packages/llvm-aie \
			--aie-generate-npu-insts --npu-insts-name=insts_2560x1792x1.txt ../build/aie_2560x1792x1.mlir


****** Bootgen v2024.1
  **** Build date : Apr 22 2025-04:12:47
    ** Copyright 1986-2022 Xilinx, Inc. All Rights Reserved.
    ** Copyright 2022-2024 Advanced Micro Devices, Inc. All Rights Reserved.


[INFO]   : Bootimage generated successfully

Info: Embedded Metadata section is missing project.platform.device.core element, adding it.
Found xchesscc at /home/adam/libraries/vitis_aie_essential
 AIE Compilation: ━━━━━━━━━━━━━━━━━━━━━━━━━━    94% 0:00:01 0:00:00 16/17 4 Workers
Generating: /home/adam/mlir-aie/programming_examples/basic/matrix_multiplication/matrix_vector_4x4/build/aie_2560x1792x1.mlir.prj/aie_cdo_elfs.bin
Generating: /home/adam/mlir-aie/programming_examples/basic/matrix_multiplication/matrix_vector_4x4/build/aie_2560x1792x1.mlir.prj/aie_cdo_init.bin
Generating: /home/adam/mlir-aie/programming_examples/basic/matrix_multiplication/matrix_vector_4x4/build/aie_2560x1792x1.mlir.prj/aie_cdo_enable.bin
rm -rf _build
mkdir -p _build
cd _build &&  cmake -E env CXXFLAGS="-std=c++23 -ggdb -DDTYPE_IN=int16_t -DDTYPE_OUT=int16_t -DDTYPE_ACC=int16_t" \
	cmake /home/adam/mlir-aie/programming_examples/basic/matrix_multiplication/matrix_vector_4x4/.. -D CMAKE_C_COMPILER=gcc-13 -D CMAKE_CXX_COMPILER=g++-13 -DTARGET_NAME=matrix_vector -Dsubdir=matrix_vector
CMake Deprecation Warning at CMakeLists.txt:13 (cmake_minimum_required):
  Compatibility with CMake < 3.10 will be removed from a future version of
  CMake.

  Update the VERSION argument <min> value.  Or, use the <min>...<max> syntax
  to tell CMake that the project requires at least <min> but has been updated
  to work with policies introduced by <max> or earlier.


-- The C compiler identification is GNU 13.3.0
-- The CXX compiler identification is GNU 13.3.0
-- Detecting C compiler ABI info
-- Detecting C compiler ABI info - done
-- Check for working C compiler: /usr/bin/gcc-13 - skipped
-- Detecting C compile features
-- Detecting C compile features - done
-- Detecting CXX compiler ABI info
-- Detecting CXX compiler ABI info - done
-- Check for working CXX compiler: /usr/bin/g++-13 - skipped
-- Detecting CXX compile features
-- Detecting CXX compile features - done
-- Configuring done (0.2s)
-- Generating done (0.0s)
-- Build files have been written to: /home/adam/mlir-aie/programming_examples/basic/matrix_multiplication/matrix_vector_4x4/_build
cd _build &&  cmake --build . --config Release
gmake[1]: Entering directory '/home/adam/mlir-aie/programming_examples/basic/matrix_multiplication/matrix_vector_4x4/_build'
gmake[2]: Entering directory '/home/adam/mlir-aie/programming_examples/basic/matrix_multiplication/matrix_vector_4x4/_build'
gmake[3]: Entering directory '/home/adam/mlir-aie/programming_examples/basic/matrix_multiplication/matrix_vector_4x4/_build'
gmake[3]: Leaving directory '/home/adam/mlir-aie/programming_examples/basic/matrix_multiplication/matrix_vector_4x4/_build'
gmake[3]: Entering directory '/home/adam/mlir-aie/programming_examples/basic/matrix_multiplication/matrix_vector_4x4/_build'
[ 33%] Building CXX object CMakeFiles/matrix_vector.dir/home/adam/mlir-aie/runtime_lib/test_lib/test_utils.cpp.o
[ 66%] Building CXX object CMakeFiles/matrix_vector.dir/matrix_vector/test.cpp.o
[100%] Linking CXX executable matrix_vector
gmake[3]: Leaving directory '/home/adam/mlir-aie/programming_examples/basic/matrix_multiplication/matrix_vector_4x4/_build'
[100%] Built target matrix_vector
gmake[2]: Leaving directory '/home/adam/mlir-aie/programming_examples/basic/matrix_multiplication/matrix_vector_4x4/_build'
gmake[1]: Leaving directory '/home/adam/mlir-aie/programming_examples/basic/matrix_multiplication/matrix_vector_4x4/_build'
cp _build/matrix_vector matrix_vector.exe 
export XRT_HACK_UNSECURE_LOADING_XCLBIN=1 && \
 ./matrix_vector.exe -x build/final_2560x1792x1.xclbin -i build/insts_2560x1792x1.txt -k MLIR_AIE -M 2560 -K 1792 -N 1 -v 2 --warmup 1 --iters 1
Matrix size 2560x1792x1
Sequence instr count: 2024
Loading xclbin: build/final_2560x1792x1.xclbin
Kernel opcode: MLIR_AIE
Name: MLIR_AIE
Registering xclbin: build/final_2560x1792x1.xclbin
Getting hardware context.
Getting handle to kernel:MLIR_AIE
Writing data into buffer objects.
DTYPE_IN  = int16_t
DTYPE_OUT = int16_t
Verification tolerance 0 absolute, 0 relative.
A = 
   13457    -28205    -19666      -205     27690   ...   -26500     18204    -30790     16385     11310  
   -6079    -21280     23624     16276    -25475   ...   -16215     -7445     24823     -3592    -29401  
  -19727    -10493     -6400    -21983     23367   ...    -1499      2831    -18206     12888     11022  
   17017     -4003     22352       750     -3608   ...   -27285     25613    -12121    -14906     19522  
    6246      -530    -21554    -24320      8726   ...     9498    -27014    -10486    -30237     29033  
    ...       ...       ...       ...       ...    ...     ...       ...       ...       ...       ...   
    9740    -27567    -11766     -5828      6839   ...   -21095     -1038      1994    -10248     20499  
   16664    -15054    -28713     26575     13623   ...    -6848    -11073    -14393    -18990    -10616  
   32060    -17706     -6308    -11664    -22230   ...    12062     18615     -5927    -21573     18638  
    8739    -30938     21167     -5878     15484   ...    10735    -31776    -29835      -658     18420  
  -32422     30161     -4167     17477    -25898   ...    29148    -25147     -2266    -21254    -31597  
B = 
   24208  
  -21979  
   11652  
   -2831  
   29007  
    ...   
    3342  
   24109  
   -7552  
  -15612  
   -6772  
Running Kernel (iteration 0).
Running Kernel (iteration 1).
Verifying against reference matmul ...
Verify time: 0.00 s.

Avg NPU matmul time: 1952.00us.
Avg NPU gflops: 4.70

Min NPU matmul time: 1952.00us.
Max NPU gflops: 4.70

Max NPU matmul time: 1952.00us.
Min NPU gflops: 4.70

PASS!

rm -rf tmpTrace parse*.json trace*json trace.txt
rm -rf build _build matrix_vector.exe
mkdir -p build
python3 /home/adam/mlir-aie/programming_examples/basic/matrix_multiplication/matrix_vector_4x4/matrix_vector.py --dev npu -M 2560 -K 2048 -N 1 --dtype_in i16 --dtype_out i16 --trace_size 0 > build/aie_2560x2048x1.mlir
mkdir -p build
cd build && /home/adam/mlir-aie/ironenv/lib/python3.12/site-packages/llvm-aie/bin/clang++ -O2 -std=c++20 --target=aie2-none-unknown-elf -Wno-parentheses -Wno-attributes -Wno-macro-redefined -Wno-empty-body -DNDEBUG -I /home/adam/mlir-aie/ironenv/lib/python3.12/site-packages/mlir_aie/include  -DBIT_WIDTH=8 -DDIM_M=32 -DDIM_K=32 -c /home/adam/mlir-aie/programming_examples/basic/matrix_multiplication/matrix_vector_4x4/../../../../aie_kernels/aie2/mv.cc -o mv_32x32.o
mkdir -p build
cd build && aiecc.py --alloc-scheme=basic-sequential --aie-generate-xclbin --no-compile-host --xclbin-name=final_2560x2048x1.xclbin \
			 --no-xchesscc --no-xbridge --peano /home/adam/mlir-aie/ironenv/lib/python3.12/site-packages/llvm-aie \
			--aie-generate-npu-insts --npu-insts-name=insts_2560x2048x1.txt ../build/aie_2560x2048x1.mlir


****** Bootgen v2024.1
  **** Build date : Apr 22 2025-04:12:47
    ** Copyright 1986-2022 Xilinx, Inc. All Rights Reserved.
    ** Copyright 2022-2024 Advanced Micro Devices, Inc. All Rights Reserved.


[INFO]   : Bootimage generated successfully

Info: Embedded Metadata section is missing project.platform.device.core element, adding it.
Found xchesscc at /home/adam/libraries/vitis_aie_essential
 AIE Compilation: ━━━━━━━━━━━━━━━━━━━━━━━━━━    94% 0:00:01 0:00:00 16/17 4 Workers
Generating: /home/adam/mlir-aie/programming_examples/basic/matrix_multiplication/matrix_vector_4x4/build/aie_2560x2048x1.mlir.prj/aie_cdo_elfs.bin
Generating: /home/adam/mlir-aie/programming_examples/basic/matrix_multiplication/matrix_vector_4x4/build/aie_2560x2048x1.mlir.prj/aie_cdo_init.bin
Generating: /home/adam/mlir-aie/programming_examples/basic/matrix_multiplication/matrix_vector_4x4/build/aie_2560x2048x1.mlir.prj/aie_cdo_enable.bin
rm -rf _build
mkdir -p _build
cd _build &&  cmake -E env CXXFLAGS="-std=c++23 -ggdb -DDTYPE_IN=int16_t -DDTYPE_OUT=int16_t -DDTYPE_ACC=int16_t" \
	cmake /home/adam/mlir-aie/programming_examples/basic/matrix_multiplication/matrix_vector_4x4/.. -D CMAKE_C_COMPILER=gcc-13 -D CMAKE_CXX_COMPILER=g++-13 -DTARGET_NAME=matrix_vector -Dsubdir=matrix_vector
CMake Deprecation Warning at CMakeLists.txt:13 (cmake_minimum_required):
  Compatibility with CMake < 3.10 will be removed from a future version of
  CMake.

  Update the VERSION argument <min> value.  Or, use the <min>...<max> syntax
  to tell CMake that the project requires at least <min> but has been updated
  to work with policies introduced by <max> or earlier.


-- The C compiler identification is GNU 13.3.0
-- The CXX compiler identification is GNU 13.3.0
-- Detecting C compiler ABI info
-- Detecting C compiler ABI info - done
-- Check for working C compiler: /usr/bin/gcc-13 - skipped
-- Detecting C compile features
-- Detecting C compile features - done
-- Detecting CXX compiler ABI info
-- Detecting CXX compiler ABI info - done
-- Check for working CXX compiler: /usr/bin/g++-13 - skipped
-- Detecting CXX compile features
-- Detecting CXX compile features - done
-- Configuring done (0.2s)
-- Generating done (0.0s)
-- Build files have been written to: /home/adam/mlir-aie/programming_examples/basic/matrix_multiplication/matrix_vector_4x4/_build
cd _build &&  cmake --build . --config Release
gmake[1]: Entering directory '/home/adam/mlir-aie/programming_examples/basic/matrix_multiplication/matrix_vector_4x4/_build'
gmake[2]: Entering directory '/home/adam/mlir-aie/programming_examples/basic/matrix_multiplication/matrix_vector_4x4/_build'
gmake[3]: Entering directory '/home/adam/mlir-aie/programming_examples/basic/matrix_multiplication/matrix_vector_4x4/_build'
gmake[3]: Leaving directory '/home/adam/mlir-aie/programming_examples/basic/matrix_multiplication/matrix_vector_4x4/_build'
gmake[3]: Entering directory '/home/adam/mlir-aie/programming_examples/basic/matrix_multiplication/matrix_vector_4x4/_build'
[ 33%] Building CXX object CMakeFiles/matrix_vector.dir/home/adam/mlir-aie/runtime_lib/test_lib/test_utils.cpp.o
[ 66%] Building CXX object CMakeFiles/matrix_vector.dir/matrix_vector/test.cpp.o
[100%] Linking CXX executable matrix_vector
gmake[3]: Leaving directory '/home/adam/mlir-aie/programming_examples/basic/matrix_multiplication/matrix_vector_4x4/_build'
[100%] Built target matrix_vector
gmake[2]: Leaving directory '/home/adam/mlir-aie/programming_examples/basic/matrix_multiplication/matrix_vector_4x4/_build'
gmake[1]: Leaving directory '/home/adam/mlir-aie/programming_examples/basic/matrix_multiplication/matrix_vector_4x4/_build'
cp _build/matrix_vector matrix_vector.exe 
export XRT_HACK_UNSECURE_LOADING_XCLBIN=1 && \
 ./matrix_vector.exe -x build/final_2560x2048x1.xclbin -i build/insts_2560x2048x1.txt -k MLIR_AIE -M 2560 -K 2048 -N 1 -v 2 --warmup 1 --iters 1
Matrix size 2560x2048x1
Sequence instr count: 2024
Loading xclbin: build/final_2560x2048x1.xclbin
Kernel opcode: MLIR_AIE
Name: MLIR_AIE
Registering xclbin: build/final_2560x2048x1.xclbin
Getting hardware context.
Getting handle to kernel:MLIR_AIE
Writing data into buffer objects.
DTYPE_IN  = int16_t
DTYPE_OUT = int16_t
Verification tolerance 0 absolute, 0 relative.
A = 
   13457    -28205    -19666      -205     27690   ...   -20578      4098    -23419     -7351    -10163  
    5010    -22765    -18207     13956    -18539   ...     9403    -21376    -24766     23857     21679  
  -28747    -14421      8350     25515     20987   ...    22623      7961    -20902     -8833     -9951  
   10422      7551     13156    -16341     32222   ...   -19013     -9651    -16592     23388     19710  
   19875     27255    -32144    -31314    -10181   ...     -138      9353    -16851        47     13122  
    ...       ...       ...       ...       ...    ...     ...       ...       ...       ...       ...   
    8124    -21329     13946     18213    -30118   ...    19417     -1136    -22925      9983     -8263  
    9815    -10302    -28351      -481     11866   ...    18869    -18511    -18454    -27334     -7564  
   -7825     24063     12025     -7662      5390   ...    18510     27675    -26281    -27311     -7176  
   19680    -29986    -16708      7695    -12638   ...    14794    -32178      -198    -18985     24989  
  -28181     14115     22161     13183      -167   ...    12554     13937     13081     21964     -9804  
B = 
   25458  
  -22592  
  -22540  
   31639  
   18156  
    ...   
     575  
    2742  
  -11940  
   22079  
  -19074  
Running Kernel (iteration 0).
Running Kernel (iteration 1).
Verifying against reference matmul ...
Verify time: 0.00 s.

Avg NPU matmul time: 1863.00us.
Avg NPU gflops: 5.63

Min NPU matmul time: 1863.00us.
Max NPU gflops: 5.63

Max NPU matmul time: 1863.00us.
Min NPU gflops: 5.63

PASS!

rm -rf tmpTrace parse*.json trace*json trace.txt
rm -rf build _build matrix_vector.exe
mkdir -p build
python3 /home/adam/mlir-aie/programming_examples/basic/matrix_multiplication/matrix_vector_4x4/matrix_vector.py --dev npu -M 3072 -K 256 -N 1 --dtype_in i16 --dtype_out i16 --trace_size 0 > build/aie_3072x256x1.mlir
mkdir -p build
cd build && /home/adam/mlir-aie/ironenv/lib/python3.12/site-packages/llvm-aie/bin/clang++ -O2 -std=c++20 --target=aie2-none-unknown-elf -Wno-parentheses -Wno-attributes -Wno-macro-redefined -Wno-empty-body -DNDEBUG -I /home/adam/mlir-aie/ironenv/lib/python3.12/site-packages/mlir_aie/include  -DBIT_WIDTH=8 -DDIM_M=32 -DDIM_K=32 -c /home/adam/mlir-aie/programming_examples/basic/matrix_multiplication/matrix_vector_4x4/../../../../aie_kernels/aie2/mv.cc -o mv_32x32.o
mkdir -p build
cd build && aiecc.py --alloc-scheme=basic-sequential --aie-generate-xclbin --no-compile-host --xclbin-name=final_3072x256x1.xclbin \
			 --no-xchesscc --no-xbridge --peano /home/adam/mlir-aie/ironenv/lib/python3.12/site-packages/llvm-aie \
			--aie-generate-npu-insts --npu-insts-name=insts_3072x256x1.txt ../build/aie_3072x256x1.mlir


****** Bootgen v2024.1
  **** Build date : Apr 22 2025-04:12:47
    ** Copyright 1986-2022 Xilinx, Inc. All Rights Reserved.
    ** Copyright 2022-2024 Advanced Micro Devices, Inc. All Rights Reserved.


[INFO]   : Bootimage generated successfully

Info: Embedded Metadata section is missing project.platform.device.core element, adding it.
Found xchesscc at /home/adam/libraries/vitis_aie_essential
 AIE Compilation: ━━━━━━━━━━━━━━━━━━━━━━━━━━    94% 0:00:01 0:00:01 16/17 4 Workers
Generating: /home/adam/mlir-aie/programming_examples/basic/matrix_multiplication/matrix_vector_4x4/build/aie_3072x256x1.mlir.prj/aie_cdo_elfs.bin
Generating: /home/adam/mlir-aie/programming_examples/basic/matrix_multiplication/matrix_vector_4x4/build/aie_3072x256x1.mlir.prj/aie_cdo_init.bin
Generating: /home/adam/mlir-aie/programming_examples/basic/matrix_multiplication/matrix_vector_4x4/build/aie_3072x256x1.mlir.prj/aie_cdo_enable.bin
rm -rf _build
mkdir -p _build
cd _build &&  cmake -E env CXXFLAGS="-std=c++23 -ggdb -DDTYPE_IN=int16_t -DDTYPE_OUT=int16_t -DDTYPE_ACC=int16_t" \
	cmake /home/adam/mlir-aie/programming_examples/basic/matrix_multiplication/matrix_vector_4x4/.. -D CMAKE_C_COMPILER=gcc-13 -D CMAKE_CXX_COMPILER=g++-13 -DTARGET_NAME=matrix_vector -Dsubdir=matrix_vector
CMake Deprecation Warning at CMakeLists.txt:13 (cmake_minimum_required):
  Compatibility with CMake < 3.10 will be removed from a future version of
  CMake.

  Update the VERSION argument <min> value.  Or, use the <min>...<max> syntax
  to tell CMake that the project requires at least <min> but has been updated
  to work with policies introduced by <max> or earlier.


-- The C compiler identification is GNU 13.3.0
-- The CXX compiler identification is GNU 13.3.0
-- Detecting C compiler ABI info
-- Detecting C compiler ABI info - done
-- Check for working C compiler: /usr/bin/gcc-13 - skipped
-- Detecting C compile features
-- Detecting C compile features - done
-- Detecting CXX compiler ABI info
-- Detecting CXX compiler ABI info - done
-- Check for working CXX compiler: /usr/bin/g++-13 - skipped
-- Detecting CXX compile features
-- Detecting CXX compile features - done
-- Configuring done (0.2s)
-- Generating done (0.0s)
-- Build files have been written to: /home/adam/mlir-aie/programming_examples/basic/matrix_multiplication/matrix_vector_4x4/_build
cd _build &&  cmake --build . --config Release
gmake[1]: Entering directory '/home/adam/mlir-aie/programming_examples/basic/matrix_multiplication/matrix_vector_4x4/_build'
gmake[2]: Entering directory '/home/adam/mlir-aie/programming_examples/basic/matrix_multiplication/matrix_vector_4x4/_build'
gmake[3]: Entering directory '/home/adam/mlir-aie/programming_examples/basic/matrix_multiplication/matrix_vector_4x4/_build'
gmake[3]: Leaving directory '/home/adam/mlir-aie/programming_examples/basic/matrix_multiplication/matrix_vector_4x4/_build'
gmake[3]: Entering directory '/home/adam/mlir-aie/programming_examples/basic/matrix_multiplication/matrix_vector_4x4/_build'
[ 33%] Building CXX object CMakeFiles/matrix_vector.dir/home/adam/mlir-aie/runtime_lib/test_lib/test_utils.cpp.o
[ 66%] Building CXX object CMakeFiles/matrix_vector.dir/matrix_vector/test.cpp.o
[100%] Linking CXX executable matrix_vector
gmake[3]: Leaving directory '/home/adam/mlir-aie/programming_examples/basic/matrix_multiplication/matrix_vector_4x4/_build'
[100%] Built target matrix_vector
gmake[2]: Leaving directory '/home/adam/mlir-aie/programming_examples/basic/matrix_multiplication/matrix_vector_4x4/_build'
gmake[1]: Leaving directory '/home/adam/mlir-aie/programming_examples/basic/matrix_multiplication/matrix_vector_4x4/_build'
cp _build/matrix_vector matrix_vector.exe 
export XRT_HACK_UNSECURE_LOADING_XCLBIN=1 && \
 ./matrix_vector.exe -x build/final_3072x256x1.xclbin -i build/insts_3072x256x1.txt -k MLIR_AIE -M 3072 -K 256 -N 1 -v 2 --warmup 1 --iters 1
Matrix size 3072x256x1
Sequence instr count: 2428
Loading xclbin: build/final_3072x256x1.xclbin
Kernel opcode: MLIR_AIE
Name: MLIR_AIE
Registering xclbin: build/final_3072x256x1.xclbin
Getting hardware context.
Getting handle to kernel:MLIR_AIE
Writing data into buffer objects.
DTYPE_IN  = int16_t
DTYPE_OUT = int16_t
Verification tolerance 0 absolute, 0 relative.
A = 
   13457    -28205    -19666      -205     27690   ...   -15908      2818     13271     20176      1139  
  -22748    -18634    -24352    -28232     16906   ...   -26606     17471     14977     26768    -31858  
  -16861    -29938     14143      4492    -19464   ...     5846     -9503     27819    -21381       133  
  -29481     16407    -19656    -17830      3633   ...   -24288     17254    -27732     13616      9265  
    8270      7756    -21346    -28428      2391   ...   -27895     26930    -21440      6434     10718  
    ...       ...       ...       ...       ...    ...     ...       ...       ...       ...       ...   
   11885    -10731    -23901     -1205    -25037   ...   -23067      6641    -20486    -17067       271  
  -26782    -26776    -15079    -17943     30537   ...   -12599      9977     19884     14121     -6206  
    6645    -22941    -15713     32384      8237   ...    12137    -23381    -18077     26227     -6352  
   26877     13721     -8911      4504     -6953   ...     1465      5681      4414    -21061    -24125  
  -14415     11466     -4918    -15753     -9561   ...    23576      4010    -19738     -5316     19680  
B = 
  -17491  
   21029  
   24786  
   31317  
   12892  
    ...   
   -8353  
  -31658  
  -27397  
    5071  
  -30531  
Running Kernel (iteration 0).
Running Kernel (iteration 1).
Verifying against reference matmul ...
Verify time: 0.00 s.

Avg NPU matmul time: 431.00us.
Avg NPU gflops: 3.65

Min NPU matmul time: 431.00us.
Max NPU gflops: 3.65

Max NPU matmul time: 431.00us.
Min NPU gflops: 3.65

PASS!

rm -rf tmpTrace parse*.json trace*json trace.txt
rm -rf build _build matrix_vector.exe
mkdir -p build
python3 /home/adam/mlir-aie/programming_examples/basic/matrix_multiplication/matrix_vector_4x4/matrix_vector.py --dev npu -M 3072 -K 512 -N 1 --dtype_in i16 --dtype_out i16 --trace_size 0 > build/aie_3072x512x1.mlir
mkdir -p build
cd build && /home/adam/mlir-aie/ironenv/lib/python3.12/site-packages/llvm-aie/bin/clang++ -O2 -std=c++20 --target=aie2-none-unknown-elf -Wno-parentheses -Wno-attributes -Wno-macro-redefined -Wno-empty-body -DNDEBUG -I /home/adam/mlir-aie/ironenv/lib/python3.12/site-packages/mlir_aie/include  -DBIT_WIDTH=8 -DDIM_M=32 -DDIM_K=32 -c /home/adam/mlir-aie/programming_examples/basic/matrix_multiplication/matrix_vector_4x4/../../../../aie_kernels/aie2/mv.cc -o mv_32x32.o
mkdir -p build
cd build && aiecc.py --alloc-scheme=basic-sequential --aie-generate-xclbin --no-compile-host --xclbin-name=final_3072x512x1.xclbin \
			 --no-xchesscc --no-xbridge --peano /home/adam/mlir-aie/ironenv/lib/python3.12/site-packages/llvm-aie \
			--aie-generate-npu-insts --npu-insts-name=insts_3072x512x1.txt ../build/aie_3072x512x1.mlir


****** Bootgen v2024.1
  **** Build date : Apr 22 2025-04:12:47
    ** Copyright 1986-2022 Xilinx, Inc. All Rights Reserved.
    ** Copyright 2022-2024 Advanced Micro Devices, Inc. All Rights Reserved.


[INFO]   : Bootimage generated successfully

Info: Embedded Metadata section is missing project.platform.device.core element, adding it.
Found xchesscc at /home/adam/libraries/vitis_aie_essential
 AIE Compilation: ━━━━━━━━━━━━━━━━━━━━━━━━━━    94% 0:00:01 0:00:01 16/17 4 Workers
Generating: /home/adam/mlir-aie/programming_examples/basic/matrix_multiplication/matrix_vector_4x4/build/aie_3072x512x1.mlir.prj/aie_cdo_elfs.bin
Generating: /home/adam/mlir-aie/programming_examples/basic/matrix_multiplication/matrix_vector_4x4/build/aie_3072x512x1.mlir.prj/aie_cdo_init.bin
Generating: /home/adam/mlir-aie/programming_examples/basic/matrix_multiplication/matrix_vector_4x4/build/aie_3072x512x1.mlir.prj/aie_cdo_enable.bin
rm -rf _build
mkdir -p _build
cd _build &&  cmake -E env CXXFLAGS="-std=c++23 -ggdb -DDTYPE_IN=int16_t -DDTYPE_OUT=int16_t -DDTYPE_ACC=int16_t" \
	cmake /home/adam/mlir-aie/programming_examples/basic/matrix_multiplication/matrix_vector_4x4/.. -D CMAKE_C_COMPILER=gcc-13 -D CMAKE_CXX_COMPILER=g++-13 -DTARGET_NAME=matrix_vector -Dsubdir=matrix_vector
CMake Deprecation Warning at CMakeLists.txt:13 (cmake_minimum_required):
  Compatibility with CMake < 3.10 will be removed from a future version of
  CMake.

  Update the VERSION argument <min> value.  Or, use the <min>...<max> syntax
  to tell CMake that the project requires at least <min> but has been updated
  to work with policies introduced by <max> or earlier.


-- The C compiler identification is GNU 13.3.0
-- The CXX compiler identification is GNU 13.3.0
-- Detecting C compiler ABI info
-- Detecting C compiler ABI info - done
-- Check for working C compiler: /usr/bin/gcc-13 - skipped
-- Detecting C compile features
-- Detecting C compile features - done
-- Detecting CXX compiler ABI info
-- Detecting CXX compiler ABI info - done
-- Check for working CXX compiler: /usr/bin/g++-13 - skipped
-- Detecting CXX compile features
-- Detecting CXX compile features - done
-- Configuring done (0.2s)
-- Generating done (0.0s)
-- Build files have been written to: /home/adam/mlir-aie/programming_examples/basic/matrix_multiplication/matrix_vector_4x4/_build
cd _build &&  cmake --build . --config Release
gmake[1]: Entering directory '/home/adam/mlir-aie/programming_examples/basic/matrix_multiplication/matrix_vector_4x4/_build'
gmake[2]: Entering directory '/home/adam/mlir-aie/programming_examples/basic/matrix_multiplication/matrix_vector_4x4/_build'
gmake[3]: Entering directory '/home/adam/mlir-aie/programming_examples/basic/matrix_multiplication/matrix_vector_4x4/_build'
gmake[3]: Leaving directory '/home/adam/mlir-aie/programming_examples/basic/matrix_multiplication/matrix_vector_4x4/_build'
gmake[3]: Entering directory '/home/adam/mlir-aie/programming_examples/basic/matrix_multiplication/matrix_vector_4x4/_build'
[ 33%] Building CXX object CMakeFiles/matrix_vector.dir/home/adam/mlir-aie/runtime_lib/test_lib/test_utils.cpp.o
[ 66%] Building CXX object CMakeFiles/matrix_vector.dir/matrix_vector/test.cpp.o
[100%] Linking CXX executable matrix_vector
gmake[3]: Leaving directory '/home/adam/mlir-aie/programming_examples/basic/matrix_multiplication/matrix_vector_4x4/_build'
[100%] Built target matrix_vector
gmake[2]: Leaving directory '/home/adam/mlir-aie/programming_examples/basic/matrix_multiplication/matrix_vector_4x4/_build'
gmake[1]: Leaving directory '/home/adam/mlir-aie/programming_examples/basic/matrix_multiplication/matrix_vector_4x4/_build'
cp _build/matrix_vector matrix_vector.exe 
export XRT_HACK_UNSECURE_LOADING_XCLBIN=1 && \
 ./matrix_vector.exe -x build/final_3072x512x1.xclbin -i build/insts_3072x512x1.txt -k MLIR_AIE -M 3072 -K 512 -N 1 -v 2 --warmup 1 --iters 1
Matrix size 3072x512x1
Sequence instr count: 2428
Loading xclbin: build/final_3072x512x1.xclbin
Kernel opcode: MLIR_AIE
Name: MLIR_AIE
Registering xclbin: build/final_3072x512x1.xclbin
Getting hardware context.
Getting handle to kernel:MLIR_AIE
Writing data into buffer objects.
DTYPE_IN  = int16_t
DTYPE_OUT = int16_t
Verification tolerance 0 absolute, 0 relative.
A = 
   13457    -28205    -19666      -205     27690   ...   -26606     17471     14977     26768    -31858  
  -16861    -29938     14143      4492    -19464   ...   -24288     17254    -27732     13616      9265  
    8270      7756    -21346    -28428      2391   ...     1142    -17068    -29328      2901     31216  
  -29798      9724    -21391     -7037      -616   ...   -20578      4098    -23419     -7351    -10163  
    5010    -22765    -18207     13956    -18539   ...     4569     -7735     23942      3905    -15435  
    ...       ...       ...       ...       ...    ...     ...       ...       ...       ...       ...   
   23363     -3856     16781     29238     -4934   ...     9845    -18494     -6676    -32517    -20736  
  -10744      5749     -6819     32583    -19423   ...     2836      4885    -14854     25059    -27634  
  -27535    -30855    -12209     20380    -32398   ...   -32710     -3645     23623     -5894    -22729  
  -15020     21729    -25900     -8427      2388   ...    16074         4     22674     20841     27627  
   -2030     17177    -19618      1118     -8100   ...     5995    -14130    -31747     15467     27380  
B = 
  -12710  
   -1165  
   16698  
   17375  
   16237  
    ...   
  -29032  
    5170  
  -13093  
  -18269  
   11101  
Running Kernel (iteration 0).
Running Kernel (iteration 1).
Verifying against reference matmul ...
Verify time: 0.00 s.

Avg NPU matmul time: 604.00us.
Avg NPU gflops: 5.21

Min NPU matmul time: 604.00us.
Max NPU gflops: 5.21

Max NPU matmul time: 604.00us.
Min NPU gflops: 5.21

PASS!

rm -rf tmpTrace parse*.json trace*json trace.txt
rm -rf build _build matrix_vector.exe
mkdir -p build
python3 /home/adam/mlir-aie/programming_examples/basic/matrix_multiplication/matrix_vector_4x4/matrix_vector.py --dev npu -M 3072 -K 768 -N 1 --dtype_in i16 --dtype_out i16 --trace_size 0 > build/aie_3072x768x1.mlir
mkdir -p build
cd build && /home/adam/mlir-aie/ironenv/lib/python3.12/site-packages/llvm-aie/bin/clang++ -O2 -std=c++20 --target=aie2-none-unknown-elf -Wno-parentheses -Wno-attributes -Wno-macro-redefined -Wno-empty-body -DNDEBUG -I /home/adam/mlir-aie/ironenv/lib/python3.12/site-packages/mlir_aie/include  -DBIT_WIDTH=8 -DDIM_M=32 -DDIM_K=32 -c /home/adam/mlir-aie/programming_examples/basic/matrix_multiplication/matrix_vector_4x4/../../../../aie_kernels/aie2/mv.cc -o mv_32x32.o
mkdir -p build
cd build && aiecc.py --alloc-scheme=basic-sequential --aie-generate-xclbin --no-compile-host --xclbin-name=final_3072x768x1.xclbin \
			 --no-xchesscc --no-xbridge --peano /home/adam/mlir-aie/ironenv/lib/python3.12/site-packages/llvm-aie \
			--aie-generate-npu-insts --npu-insts-name=insts_3072x768x1.txt ../build/aie_3072x768x1.mlir


****** Bootgen v2024.1
  **** Build date : Apr 22 2025-04:12:47
    ** Copyright 1986-2022 Xilinx, Inc. All Rights Reserved.
    ** Copyright 2022-2024 Advanced Micro Devices, Inc. All Rights Reserved.


[INFO]   : Bootimage generated successfully

Info: Embedded Metadata section is missing project.platform.device.core element, adding it.
Found xchesscc at /home/adam/libraries/vitis_aie_essential
 AIE Compilation: ━━━━━━━━━━━━━━━━━━━━━━━━━━    94% 0:00:01 0:00:01 16/17 4 Workers
Generating: /home/adam/mlir-aie/programming_examples/basic/matrix_multiplication/matrix_vector_4x4/build/aie_3072x768x1.mlir.prj/aie_cdo_elfs.bin
Generating: /home/adam/mlir-aie/programming_examples/basic/matrix_multiplication/matrix_vector_4x4/build/aie_3072x768x1.mlir.prj/aie_cdo_init.bin
Generating: /home/adam/mlir-aie/programming_examples/basic/matrix_multiplication/matrix_vector_4x4/build/aie_3072x768x1.mlir.prj/aie_cdo_enable.bin
rm -rf _build
mkdir -p _build
cd _build &&  cmake -E env CXXFLAGS="-std=c++23 -ggdb -DDTYPE_IN=int16_t -DDTYPE_OUT=int16_t -DDTYPE_ACC=int16_t" \
	cmake /home/adam/mlir-aie/programming_examples/basic/matrix_multiplication/matrix_vector_4x4/.. -D CMAKE_C_COMPILER=gcc-13 -D CMAKE_CXX_COMPILER=g++-13 -DTARGET_NAME=matrix_vector -Dsubdir=matrix_vector
CMake Deprecation Warning at CMakeLists.txt:13 (cmake_minimum_required):
  Compatibility with CMake < 3.10 will be removed from a future version of
  CMake.

  Update the VERSION argument <min> value.  Or, use the <min>...<max> syntax
  to tell CMake that the project requires at least <min> but has been updated
  to work with policies introduced by <max> or earlier.


-- The C compiler identification is GNU 13.3.0
-- The CXX compiler identification is GNU 13.3.0
-- Detecting C compiler ABI info
-- Detecting C compiler ABI info - done
-- Check for working C compiler: /usr/bin/gcc-13 - skipped
-- Detecting C compile features
-- Detecting C compile features - done
-- Detecting CXX compiler ABI info
-- Detecting CXX compiler ABI info - done
-- Check for working CXX compiler: /usr/bin/g++-13 - skipped
-- Detecting CXX compile features
-- Detecting CXX compile features - done
-- Configuring done (0.2s)
-- Generating done (0.0s)
-- Build files have been written to: /home/adam/mlir-aie/programming_examples/basic/matrix_multiplication/matrix_vector_4x4/_build
cd _build &&  cmake --build . --config Release
gmake[1]: Entering directory '/home/adam/mlir-aie/programming_examples/basic/matrix_multiplication/matrix_vector_4x4/_build'
gmake[2]: Entering directory '/home/adam/mlir-aie/programming_examples/basic/matrix_multiplication/matrix_vector_4x4/_build'
gmake[3]: Entering directory '/home/adam/mlir-aie/programming_examples/basic/matrix_multiplication/matrix_vector_4x4/_build'
gmake[3]: Leaving directory '/home/adam/mlir-aie/programming_examples/basic/matrix_multiplication/matrix_vector_4x4/_build'
gmake[3]: Entering directory '/home/adam/mlir-aie/programming_examples/basic/matrix_multiplication/matrix_vector_4x4/_build'
[ 33%] Building CXX object CMakeFiles/matrix_vector.dir/home/adam/mlir-aie/runtime_lib/test_lib/test_utils.cpp.o
[ 66%] Building CXX object CMakeFiles/matrix_vector.dir/matrix_vector/test.cpp.o
[100%] Linking CXX executable matrix_vector
gmake[3]: Leaving directory '/home/adam/mlir-aie/programming_examples/basic/matrix_multiplication/matrix_vector_4x4/_build'
[100%] Built target matrix_vector
gmake[2]: Leaving directory '/home/adam/mlir-aie/programming_examples/basic/matrix_multiplication/matrix_vector_4x4/_build'
gmake[1]: Leaving directory '/home/adam/mlir-aie/programming_examples/basic/matrix_multiplication/matrix_vector_4x4/_build'
cp _build/matrix_vector matrix_vector.exe 
export XRT_HACK_UNSECURE_LOADING_XCLBIN=1 && \
 ./matrix_vector.exe -x build/final_3072x768x1.xclbin -i build/insts_3072x768x1.txt -k MLIR_AIE -M 3072 -K 768 -N 1 -v 2 --warmup 1 --iters 1
Matrix size 3072x768x1
Sequence instr count: 2428
Loading xclbin: build/final_3072x768x1.xclbin
Kernel opcode: MLIR_AIE
Name: MLIR_AIE
Registering xclbin: build/final_3072x768x1.xclbin
Getting hardware context.
Getting handle to kernel:MLIR_AIE
Writing data into buffer objects.
DTYPE_IN  = int16_t
DTYPE_OUT = int16_t
Verification tolerance 0 absolute, 0 relative.
A = 
   13457    -28205    -19666      -205     27690   ...     5846     -9503     27819    -21381       133  
  -29481     16407    -19656    -17830      3633   ...     1142    -17068    -29328      2901     31216  
  -29798      9724    -21391     -7037      -616   ...    21033      5350     18215     32222    -28924  
   10888    -27895     19240      6512      7256   ...    12253     19015    -31779    -15583     30261  
  -27185    -27058    -18100    -26436     10876   ...   -16984      2790    -11058     32289    -27586  
    ...       ...       ...       ...       ...    ...     ...       ...       ...       ...       ...   
   12770    -10812     25966     -7432     31217   ...     2365    -21785     -8666     30597     12315  
   20565    -15946     28232      5899    -21300   ...   -30733     12375      1795    -17588     19682  
  -24936     29713      7423    -14539     -6533   ...     1344     22664    -18203    -11755    -20890  
  -31553     -6116     26251    -16921    -12216   ...    28766      6746    -19546     -2926     19219  
    2067      3882    -24475    -14796     17799   ...    20694      1172    -17235    -22384     10720  
B = 
    7689  
   24456  
   28944  
   -7543  
    3049  
    ...   
   24219  
   -1920  
   26252  
  -22195  
   19251  
Running Kernel (iteration 0).
Running Kernel (iteration 1).
Verifying against reference matmul ...
Verify time: 0.00 s.

Avg NPU matmul time: 649.00us.
Avg NPU gflops: 7.27

Min NPU matmul time: 649.00us.
Max NPU gflops: 7.27

Max NPU matmul time: 649.00us.
Min NPU gflops: 7.27

PASS!

rm -rf tmpTrace parse*.json trace*json trace.txt
rm -rf build _build matrix_vector.exe
mkdir -p build
python3 /home/adam/mlir-aie/programming_examples/basic/matrix_multiplication/matrix_vector_4x4/matrix_vector.py --dev npu -M 3072 -K 1024 -N 1 --dtype_in i16 --dtype_out i16 --trace_size 0 > build/aie_3072x1024x1.mlir
mkdir -p build
cd build && /home/adam/mlir-aie/ironenv/lib/python3.12/site-packages/llvm-aie/bin/clang++ -O2 -std=c++20 --target=aie2-none-unknown-elf -Wno-parentheses -Wno-attributes -Wno-macro-redefined -Wno-empty-body -DNDEBUG -I /home/adam/mlir-aie/ironenv/lib/python3.12/site-packages/mlir_aie/include  -DBIT_WIDTH=8 -DDIM_M=32 -DDIM_K=32 -c /home/adam/mlir-aie/programming_examples/basic/matrix_multiplication/matrix_vector_4x4/../../../../aie_kernels/aie2/mv.cc -o mv_32x32.o
mkdir -p build
cd build && aiecc.py --alloc-scheme=basic-sequential --aie-generate-xclbin --no-compile-host --xclbin-name=final_3072x1024x1.xclbin \
			 --no-xchesscc --no-xbridge --peano /home/adam/mlir-aie/ironenv/lib/python3.12/site-packages/llvm-aie \
			--aie-generate-npu-insts --npu-insts-name=insts_3072x1024x1.txt ../build/aie_3072x1024x1.mlir


****** Bootgen v2024.1
  **** Build date : Apr 22 2025-04:12:47
    ** Copyright 1986-2022 Xilinx, Inc. All Rights Reserved.
    ** Copyright 2022-2024 Advanced Micro Devices, Inc. All Rights Reserved.


[INFO]   : Bootimage generated successfully

Info: Embedded Metadata section is missing project.platform.device.core element, adding it.
Found xchesscc at /home/adam/libraries/vitis_aie_essential
 AIE Compilation: ━━━━━━━━━━━━━━━━━━━━━━━━━━    94% 0:00:01 0:00:01 16/17 4 Workers
Generating: /home/adam/mlir-aie/programming_examples/basic/matrix_multiplication/matrix_vector_4x4/build/aie_3072x1024x1.mlir.prj/aie_cdo_elfs.bin
Generating: /home/adam/mlir-aie/programming_examples/basic/matrix_multiplication/matrix_vector_4x4/build/aie_3072x1024x1.mlir.prj/aie_cdo_init.bin
Generating: /home/adam/mlir-aie/programming_examples/basic/matrix_multiplication/matrix_vector_4x4/build/aie_3072x1024x1.mlir.prj/aie_cdo_enable.bin
rm -rf _build
mkdir -p _build
cd _build &&  cmake -E env CXXFLAGS="-std=c++23 -ggdb -DDTYPE_IN=int16_t -DDTYPE_OUT=int16_t -DDTYPE_ACC=int16_t" \
	cmake /home/adam/mlir-aie/programming_examples/basic/matrix_multiplication/matrix_vector_4x4/.. -D CMAKE_C_COMPILER=gcc-13 -D CMAKE_CXX_COMPILER=g++-13 -DTARGET_NAME=matrix_vector -Dsubdir=matrix_vector
CMake Deprecation Warning at CMakeLists.txt:13 (cmake_minimum_required):
  Compatibility with CMake < 3.10 will be removed from a future version of
  CMake.

  Update the VERSION argument <min> value.  Or, use the <min>...<max> syntax
  to tell CMake that the project requires at least <min> but has been updated
  to work with policies introduced by <max> or earlier.


-- The C compiler identification is GNU 13.3.0
-- The CXX compiler identification is GNU 13.3.0
-- Detecting C compiler ABI info
-- Detecting C compiler ABI info - done
-- Check for working C compiler: /usr/bin/gcc-13 - skipped
-- Detecting C compile features
-- Detecting C compile features - done
-- Detecting CXX compiler ABI info
-- Detecting CXX compiler ABI info - done
-- Check for working CXX compiler: /usr/bin/g++-13 - skipped
-- Detecting CXX compile features
-- Detecting CXX compile features - done
-- Configuring done (0.2s)
-- Generating done (0.0s)
-- Build files have been written to: /home/adam/mlir-aie/programming_examples/basic/matrix_multiplication/matrix_vector_4x4/_build
cd _build &&  cmake --build . --config Release
gmake[1]: Entering directory '/home/adam/mlir-aie/programming_examples/basic/matrix_multiplication/matrix_vector_4x4/_build'
gmake[2]: Entering directory '/home/adam/mlir-aie/programming_examples/basic/matrix_multiplication/matrix_vector_4x4/_build'
gmake[3]: Entering directory '/home/adam/mlir-aie/programming_examples/basic/matrix_multiplication/matrix_vector_4x4/_build'
gmake[3]: Leaving directory '/home/adam/mlir-aie/programming_examples/basic/matrix_multiplication/matrix_vector_4x4/_build'
gmake[3]: Entering directory '/home/adam/mlir-aie/programming_examples/basic/matrix_multiplication/matrix_vector_4x4/_build'
[ 33%] Building CXX object CMakeFiles/matrix_vector.dir/home/adam/mlir-aie/runtime_lib/test_lib/test_utils.cpp.o
[ 66%] Building CXX object CMakeFiles/matrix_vector.dir/matrix_vector/test.cpp.o
[100%] Linking CXX executable matrix_vector
gmake[3]: Leaving directory '/home/adam/mlir-aie/programming_examples/basic/matrix_multiplication/matrix_vector_4x4/_build'
[100%] Built target matrix_vector
gmake[2]: Leaving directory '/home/adam/mlir-aie/programming_examples/basic/matrix_multiplication/matrix_vector_4x4/_build'
gmake[1]: Leaving directory '/home/adam/mlir-aie/programming_examples/basic/matrix_multiplication/matrix_vector_4x4/_build'
cp _build/matrix_vector matrix_vector.exe 
export XRT_HACK_UNSECURE_LOADING_XCLBIN=1 && \
 ./matrix_vector.exe -x build/final_3072x1024x1.xclbin -i build/insts_3072x1024x1.txt -k MLIR_AIE -M 3072 -K 1024 -N 1 -v 2 --warmup 1 --iters 1
Matrix size 3072x1024x1
Sequence instr count: 2428
Loading xclbin: build/final_3072x1024x1.xclbin
Kernel opcode: MLIR_AIE
Name: MLIR_AIE
Registering xclbin: build/final_3072x1024x1.xclbin
Getting hardware context.
Getting handle to kernel:MLIR_AIE
Writing data into buffer objects.
DTYPE_IN  = int16_t
DTYPE_OUT = int16_t
Verification tolerance 0 absolute, 0 relative.
A = 
   13457    -28205    -19666      -205     27690   ...   -24288     17254    -27732     13616      9265  
    8270      7756    -21346    -28428      2391   ...   -20578      4098    -23419     -7351    -10163  
    5010    -22765    -18207     13956    -18539   ...    12253     19015    -31779    -15583     30261  
  -27185    -27058    -18100    -26436     10876   ...     9403    -21376    -24766     23857     21679  
  -28747    -14421      8350     25515     20987   ...    -6885     29354    -15217    -14490     26568  
    ...       ...       ...       ...       ...    ...     ...       ...       ...       ...       ...   
   -6981     24465    -32107     27278     11344   ...   -24663     -4115       121     -8914     12949  
  -10473    -22223     -2289     19332     21099   ...    -6725     25551    -17922     -3855    -10892  
  -28362      8541    -12314    -23625     17812   ...   -27531      7481     25444    -24357    -26422  
  -29668     -5135    -16690     14966     16761   ...   -26011     32508     31028    -14552    -29797  
    2959     29631      -161     -8017     28087   ...     9738    -14711     20357     25342     26304  
B = 
  -16000  
  -30945  
   -8120  
  -28648  
  -13944  
    ...   
  -24579  
   27320  
  -18509  
  -15857  
  -31000  
Running Kernel (iteration 0).
Running Kernel (iteration 1).
Verifying against reference matmul ...
Verify time: 0.00 s.

Avg NPU matmul time: 698.00us.
Avg NPU gflops: 9.01

Min NPU matmul time: 698.00us.
Max NPU gflops: 9.01

Max NPU matmul time: 698.00us.
Min NPU gflops: 9.01

PASS!

rm -rf tmpTrace parse*.json trace*json trace.txt
rm -rf build _build matrix_vector.exe
mkdir -p build
python3 /home/adam/mlir-aie/programming_examples/basic/matrix_multiplication/matrix_vector_4x4/matrix_vector.py --dev npu -M 3072 -K 1280 -N 1 --dtype_in i16 --dtype_out i16 --trace_size 0 > build/aie_3072x1280x1.mlir
mkdir -p build
cd build && /home/adam/mlir-aie/ironenv/lib/python3.12/site-packages/llvm-aie/bin/clang++ -O2 -std=c++20 --target=aie2-none-unknown-elf -Wno-parentheses -Wno-attributes -Wno-macro-redefined -Wno-empty-body -DNDEBUG -I /home/adam/mlir-aie/ironenv/lib/python3.12/site-packages/mlir_aie/include  -DBIT_WIDTH=8 -DDIM_M=32 -DDIM_K=32 -c /home/adam/mlir-aie/programming_examples/basic/matrix_multiplication/matrix_vector_4x4/../../../../aie_kernels/aie2/mv.cc -o mv_32x32.o
mkdir -p build
cd build && aiecc.py --alloc-scheme=basic-sequential --aie-generate-xclbin --no-compile-host --xclbin-name=final_3072x1280x1.xclbin \
			 --no-xchesscc --no-xbridge --peano /home/adam/mlir-aie/ironenv/lib/python3.12/site-packages/llvm-aie \
			--aie-generate-npu-insts --npu-insts-name=insts_3072x1280x1.txt ../build/aie_3072x1280x1.mlir


****** Bootgen v2024.1
  **** Build date : Apr 22 2025-04:12:47
    ** Copyright 1986-2022 Xilinx, Inc. All Rights Reserved.
    ** Copyright 2022-2024 Advanced Micro Devices, Inc. All Rights Reserved.


[INFO]   : Bootimage generated successfully

Info: Embedded Metadata section is missing project.platform.device.core element, adding it.
Found xchesscc at /home/adam/libraries/vitis_aie_essential
 AIE Compilation: ━━━━━━━━━━━━━━━━━━━━━━━━━━    94% 0:00:01 0:00:01 16/17 4 Workers
Generating: /home/adam/mlir-aie/programming_examples/basic/matrix_multiplication/matrix_vector_4x4/build/aie_3072x1280x1.mlir.prj/aie_cdo_elfs.bin
Generating: /home/adam/mlir-aie/programming_examples/basic/matrix_multiplication/matrix_vector_4x4/build/aie_3072x1280x1.mlir.prj/aie_cdo_init.bin
Generating: /home/adam/mlir-aie/programming_examples/basic/matrix_multiplication/matrix_vector_4x4/build/aie_3072x1280x1.mlir.prj/aie_cdo_enable.bin
rm -rf _build
mkdir -p _build
cd _build &&  cmake -E env CXXFLAGS="-std=c++23 -ggdb -DDTYPE_IN=int16_t -DDTYPE_OUT=int16_t -DDTYPE_ACC=int16_t" \
	cmake /home/adam/mlir-aie/programming_examples/basic/matrix_multiplication/matrix_vector_4x4/.. -D CMAKE_C_COMPILER=gcc-13 -D CMAKE_CXX_COMPILER=g++-13 -DTARGET_NAME=matrix_vector -Dsubdir=matrix_vector
CMake Deprecation Warning at CMakeLists.txt:13 (cmake_minimum_required):
  Compatibility with CMake < 3.10 will be removed from a future version of
  CMake.

  Update the VERSION argument <min> value.  Or, use the <min>...<max> syntax
  to tell CMake that the project requires at least <min> but has been updated
  to work with policies introduced by <max> or earlier.


-- The C compiler identification is GNU 13.3.0
-- The CXX compiler identification is GNU 13.3.0
-- Detecting C compiler ABI info
-- Detecting C compiler ABI info - done
-- Check for working C compiler: /usr/bin/gcc-13 - skipped
-- Detecting C compile features
-- Detecting C compile features - done
-- Detecting CXX compiler ABI info
-- Detecting CXX compiler ABI info - done
-- Check for working CXX compiler: /usr/bin/g++-13 - skipped
-- Detecting CXX compile features
-- Detecting CXX compile features - done
-- Configuring done (0.2s)
-- Generating done (0.0s)
-- Build files have been written to: /home/adam/mlir-aie/programming_examples/basic/matrix_multiplication/matrix_vector_4x4/_build
cd _build &&  cmake --build . --config Release
gmake[1]: Entering directory '/home/adam/mlir-aie/programming_examples/basic/matrix_multiplication/matrix_vector_4x4/_build'
gmake[2]: Entering directory '/home/adam/mlir-aie/programming_examples/basic/matrix_multiplication/matrix_vector_4x4/_build'
gmake[3]: Entering directory '/home/adam/mlir-aie/programming_examples/basic/matrix_multiplication/matrix_vector_4x4/_build'
gmake[3]: Leaving directory '/home/adam/mlir-aie/programming_examples/basic/matrix_multiplication/matrix_vector_4x4/_build'
gmake[3]: Entering directory '/home/adam/mlir-aie/programming_examples/basic/matrix_multiplication/matrix_vector_4x4/_build'
[ 33%] Building CXX object CMakeFiles/matrix_vector.dir/home/adam/mlir-aie/runtime_lib/test_lib/test_utils.cpp.o
[ 66%] Building CXX object CMakeFiles/matrix_vector.dir/matrix_vector/test.cpp.o
[100%] Linking CXX executable matrix_vector
gmake[3]: Leaving directory '/home/adam/mlir-aie/programming_examples/basic/matrix_multiplication/matrix_vector_4x4/_build'
[100%] Built target matrix_vector
gmake[2]: Leaving directory '/home/adam/mlir-aie/programming_examples/basic/matrix_multiplication/matrix_vector_4x4/_build'
gmake[1]: Leaving directory '/home/adam/mlir-aie/programming_examples/basic/matrix_multiplication/matrix_vector_4x4/_build'
cp _build/matrix_vector matrix_vector.exe 
export XRT_HACK_UNSECURE_LOADING_XCLBIN=1 && \
 ./matrix_vector.exe -x build/final_3072x1280x1.xclbin -i build/insts_3072x1280x1.txt -k MLIR_AIE -M 3072 -K 1280 -N 1 -v 2 --warmup 1 --iters 1
Matrix size 3072x1280x1
Sequence instr count: 2428
Loading xclbin: build/final_3072x1280x1.xclbin
Kernel opcode: MLIR_AIE
Name: MLIR_AIE
Registering xclbin: build/final_3072x1280x1.xclbin
Getting hardware context.
Getting handle to kernel:MLIR_AIE
Writing data into buffer objects.
DTYPE_IN  = int16_t
DTYPE_OUT = int16_t
Verification tolerance 0 absolute, 0 relative.
A = 
   13457    -28205    -19666      -205     27690   ...   -27895     26930    -21440      6434     10718  
  -30406      5972      8420    -23045      5725   ...     4569     -7735     23942      3905    -15435  
   12793     24534     22596     29156      3283   ...   -16984      2790    -11058     32289    -27586  
   27802     20057     26289     15090     -4363   ...    -6885     29354    -15217    -14490     26568  
   22519    -24617    -27476    -16322    -16138   ...    11958     18394     -3666    -14297    -12951  
    ...       ...       ...       ...       ...    ...     ...       ...       ...       ...       ...   
  -22034     29893     -1396     17429    -23321   ...   -14305      8656     -9368     -6093    -27152  
    9379     25479     -2607     22261     26228   ...   -31619      1663     -5395     -3080     16071  
  -24373     -5489    -30262     31159     30905   ...   -12798     27808     -8992     -7014    -24772  
   25035    -28558    -10029     27511     14336   ...    26746    -31982     13371     19191    -18731  
    6648     12402     10543     -3507     -2762   ...    25413    -32499    -15604     14513    -28967  
B = 
   15270  
    8748  
   16317  
  -15499  
   10430  
    ...   
   16744  
   22304  
  -20508  
  -17573  
  -14804  
Running Kernel (iteration 0).
Running Kernel (iteration 1).
Verifying against reference matmul ...
Verify time: 0.00 s.

Avg NPU matmul time: 764.00us.
Avg NPU gflops: 10.29

Min NPU matmul time: 764.00us.
Max NPU gflops: 10.29

Max NPU matmul time: 764.00us.
Min NPU gflops: 10.29

PASS!

rm -rf tmpTrace parse*.json trace*json trace.txt
rm -rf build _build matrix_vector.exe
mkdir -p build
python3 /home/adam/mlir-aie/programming_examples/basic/matrix_multiplication/matrix_vector_4x4/matrix_vector.py --dev npu -M 3072 -K 1536 -N 1 --dtype_in i16 --dtype_out i16 --trace_size 0 > build/aie_3072x1536x1.mlir
mkdir -p build
cd build && /home/adam/mlir-aie/ironenv/lib/python3.12/site-packages/llvm-aie/bin/clang++ -O2 -std=c++20 --target=aie2-none-unknown-elf -Wno-parentheses -Wno-attributes -Wno-macro-redefined -Wno-empty-body -DNDEBUG -I /home/adam/mlir-aie/ironenv/lib/python3.12/site-packages/mlir_aie/include  -DBIT_WIDTH=8 -DDIM_M=32 -DDIM_K=32 -c /home/adam/mlir-aie/programming_examples/basic/matrix_multiplication/matrix_vector_4x4/../../../../aie_kernels/aie2/mv.cc -o mv_32x32.o
mkdir -p build
cd build && aiecc.py --alloc-scheme=basic-sequential --aie-generate-xclbin --no-compile-host --xclbin-name=final_3072x1536x1.xclbin \
			 --no-xchesscc --no-xbridge --peano /home/adam/mlir-aie/ironenv/lib/python3.12/site-packages/llvm-aie \
			--aie-generate-npu-insts --npu-insts-name=insts_3072x1536x1.txt ../build/aie_3072x1536x1.mlir


****** Bootgen v2024.1
  **** Build date : Apr 22 2025-04:12:47
    ** Copyright 1986-2022 Xilinx, Inc. All Rights Reserved.
    ** Copyright 2022-2024 Advanced Micro Devices, Inc. All Rights Reserved.


[INFO]   : Bootimage generated successfully

Info: Embedded Metadata section is missing project.platform.device.core element, adding it.
Found xchesscc at /home/adam/libraries/vitis_aie_essential
 AIE Compilation: ━━━━━━━━━━━━━━━━━━━━━━━━━━    94% 0:00:01 0:00:01 16/17 4 Workers
Generating: /home/adam/mlir-aie/programming_examples/basic/matrix_multiplication/matrix_vector_4x4/build/aie_3072x1536x1.mlir.prj/aie_cdo_elfs.bin
Generating: /home/adam/mlir-aie/programming_examples/basic/matrix_multiplication/matrix_vector_4x4/build/aie_3072x1536x1.mlir.prj/aie_cdo_init.bin
Generating: /home/adam/mlir-aie/programming_examples/basic/matrix_multiplication/matrix_vector_4x4/build/aie_3072x1536x1.mlir.prj/aie_cdo_enable.bin
rm -rf _build
mkdir -p _build
cd _build &&  cmake -E env CXXFLAGS="-std=c++23 -ggdb -DDTYPE_IN=int16_t -DDTYPE_OUT=int16_t -DDTYPE_ACC=int16_t" \
	cmake /home/adam/mlir-aie/programming_examples/basic/matrix_multiplication/matrix_vector_4x4/.. -D CMAKE_C_COMPILER=gcc-13 -D CMAKE_CXX_COMPILER=g++-13 -DTARGET_NAME=matrix_vector -Dsubdir=matrix_vector
CMake Deprecation Warning at CMakeLists.txt:13 (cmake_minimum_required):
  Compatibility with CMake < 3.10 will be removed from a future version of
  CMake.

  Update the VERSION argument <min> value.  Or, use the <min>...<max> syntax
  to tell CMake that the project requires at least <min> but has been updated
  to work with policies introduced by <max> or earlier.


-- The C compiler identification is GNU 13.3.0
-- The CXX compiler identification is GNU 13.3.0
-- Detecting C compiler ABI info
-- Detecting C compiler ABI info - done
-- Check for working C compiler: /usr/bin/gcc-13 - skipped
-- Detecting C compile features
-- Detecting C compile features - done
-- Detecting CXX compiler ABI info
-- Detecting CXX compiler ABI info - done
-- Check for working CXX compiler: /usr/bin/g++-13 - skipped
-- Detecting CXX compile features
-- Detecting CXX compile features - done
-- Configuring done (0.2s)
-- Generating done (0.0s)
-- Build files have been written to: /home/adam/mlir-aie/programming_examples/basic/matrix_multiplication/matrix_vector_4x4/_build
cd _build &&  cmake --build . --config Release
gmake[1]: Entering directory '/home/adam/mlir-aie/programming_examples/basic/matrix_multiplication/matrix_vector_4x4/_build'
gmake[2]: Entering directory '/home/adam/mlir-aie/programming_examples/basic/matrix_multiplication/matrix_vector_4x4/_build'
gmake[3]: Entering directory '/home/adam/mlir-aie/programming_examples/basic/matrix_multiplication/matrix_vector_4x4/_build'
gmake[3]: Leaving directory '/home/adam/mlir-aie/programming_examples/basic/matrix_multiplication/matrix_vector_4x4/_build'
gmake[3]: Entering directory '/home/adam/mlir-aie/programming_examples/basic/matrix_multiplication/matrix_vector_4x4/_build'
[ 33%] Building CXX object CMakeFiles/matrix_vector.dir/home/adam/mlir-aie/runtime_lib/test_lib/test_utils.cpp.o
[ 66%] Building CXX object CMakeFiles/matrix_vector.dir/matrix_vector/test.cpp.o
[100%] Linking CXX executable matrix_vector
gmake[3]: Leaving directory '/home/adam/mlir-aie/programming_examples/basic/matrix_multiplication/matrix_vector_4x4/_build'
[100%] Built target matrix_vector
gmake[2]: Leaving directory '/home/adam/mlir-aie/programming_examples/basic/matrix_multiplication/matrix_vector_4x4/_build'
gmake[1]: Leaving directory '/home/adam/mlir-aie/programming_examples/basic/matrix_multiplication/matrix_vector_4x4/_build'
cp _build/matrix_vector matrix_vector.exe 
export XRT_HACK_UNSECURE_LOADING_XCLBIN=1 && \
 ./matrix_vector.exe -x build/final_3072x1536x1.xclbin -i build/insts_3072x1536x1.txt -k MLIR_AIE -M 3072 -K 1536 -N 1 -v 2 --warmup 1 --iters 1
Matrix size 3072x1536x1
Sequence instr count: 2428
Loading xclbin: build/final_3072x1536x1.xclbin
Kernel opcode: MLIR_AIE
Name: MLIR_AIE
Registering xclbin: build/final_3072x1536x1.xclbin
Getting hardware context.
Getting handle to kernel:MLIR_AIE
Writing data into buffer objects.
DTYPE_IN  = int16_t
DTYPE_OUT = int16_t
Verification tolerance 0 absolute, 0 relative.
A = 
   13457    -28205    -19666      -205     27690   ...     1142    -17068    -29328      2901     31216  
  -29798      9724    -21391     -7037      -616   ...    12253     19015    -31779    -15583     30261  
  -27185    -27058    -18100    -26436     10876   ...    11950    -25277    -22695     19736      3576  
  -23340      6832    -15019     24934    -24835   ...    22623      7961    -20902     -8833     -9951  
   10422      7551     13156    -16341     32222   ...    29876     18072    -19890    -12283    -25212  
    ...       ...       ...       ...       ...    ...     ...       ...       ...       ...       ...   
   24347     25788    -24573    -15351     13895   ...    11840     -9635    -10430     13639    -24164  
   -3247     17850     25037      9692     14146   ...    20823    -29634    -22963     15273     -8872  
   19604    -15685     31353     27389     21293   ...    -7868    -12424     -2269     20426     20725  
   -6404    -27508      6408     16998     22269   ...    -5864      -914     -5211     20156     23077  
   -7172      1694     -5992     27736      1559   ...    26249     14512     30991     -2579    -28765  
B = 
   31989  
   10655  
  -28315  
  -24257  
    9853  
    ...   
  -16675  
    7091  
   -2894  
   11789  
    2435  
Running Kernel (iteration 0).
Running Kernel (iteration 1).
Verifying against reference matmul ...
Verify time: 0.00 s.

Avg NPU matmul time: 1789.00us.
Avg NPU gflops: 5.28

Min NPU matmul time: 1789.00us.
Max NPU gflops: 5.28

Max NPU matmul time: 1789.00us.
Min NPU gflops: 5.28

PASS!

rm -rf tmpTrace parse*.json trace*json trace.txt
rm -rf build _build matrix_vector.exe
mkdir -p build
python3 /home/adam/mlir-aie/programming_examples/basic/matrix_multiplication/matrix_vector_4x4/matrix_vector.py --dev npu -M 3072 -K 1792 -N 1 --dtype_in i16 --dtype_out i16 --trace_size 0 > build/aie_3072x1792x1.mlir
mkdir -p build
cd build && /home/adam/mlir-aie/ironenv/lib/python3.12/site-packages/llvm-aie/bin/clang++ -O2 -std=c++20 --target=aie2-none-unknown-elf -Wno-parentheses -Wno-attributes -Wno-macro-redefined -Wno-empty-body -DNDEBUG -I /home/adam/mlir-aie/ironenv/lib/python3.12/site-packages/mlir_aie/include  -DBIT_WIDTH=8 -DDIM_M=32 -DDIM_K=32 -c /home/adam/mlir-aie/programming_examples/basic/matrix_multiplication/matrix_vector_4x4/../../../../aie_kernels/aie2/mv.cc -o mv_32x32.o
mkdir -p build
cd build && aiecc.py --alloc-scheme=basic-sequential --aie-generate-xclbin --no-compile-host --xclbin-name=final_3072x1792x1.xclbin \
			 --no-xchesscc --no-xbridge --peano /home/adam/mlir-aie/ironenv/lib/python3.12/site-packages/llvm-aie \
			--aie-generate-npu-insts --npu-insts-name=insts_3072x1792x1.txt ../build/aie_3072x1792x1.mlir


****** Bootgen v2024.1
  **** Build date : Apr 22 2025-04:12:47
    ** Copyright 1986-2022 Xilinx, Inc. All Rights Reserved.
    ** Copyright 2022-2024 Advanced Micro Devices, Inc. All Rights Reserved.


[INFO]   : Bootimage generated successfully

Info: Embedded Metadata section is missing project.platform.device.core element, adding it.
Found xchesscc at /home/adam/libraries/vitis_aie_essential
 AIE Compilation: ━━━━━━━━━━━━━━━━━━━━━━━━━━    94% 0:00:01 0:00:01 16/17 4 Workers
Generating: /home/adam/mlir-aie/programming_examples/basic/matrix_multiplication/matrix_vector_4x4/build/aie_3072x1792x1.mlir.prj/aie_cdo_elfs.bin
Generating: /home/adam/mlir-aie/programming_examples/basic/matrix_multiplication/matrix_vector_4x4/build/aie_3072x1792x1.mlir.prj/aie_cdo_init.bin
Generating: /home/adam/mlir-aie/programming_examples/basic/matrix_multiplication/matrix_vector_4x4/build/aie_3072x1792x1.mlir.prj/aie_cdo_enable.bin
rm -rf _build
mkdir -p _build
cd _build &&  cmake -E env CXXFLAGS="-std=c++23 -ggdb -DDTYPE_IN=int16_t -DDTYPE_OUT=int16_t -DDTYPE_ACC=int16_t" \
	cmake /home/adam/mlir-aie/programming_examples/basic/matrix_multiplication/matrix_vector_4x4/.. -D CMAKE_C_COMPILER=gcc-13 -D CMAKE_CXX_COMPILER=g++-13 -DTARGET_NAME=matrix_vector -Dsubdir=matrix_vector
CMake Deprecation Warning at CMakeLists.txt:13 (cmake_minimum_required):
  Compatibility with CMake < 3.10 will be removed from a future version of
  CMake.

  Update the VERSION argument <min> value.  Or, use the <min>...<max> syntax
  to tell CMake that the project requires at least <min> but has been updated
  to work with policies introduced by <max> or earlier.


-- The C compiler identification is GNU 13.3.0
-- The CXX compiler identification is GNU 13.3.0
-- Detecting C compiler ABI info
-- Detecting C compiler ABI info - done
-- Check for working C compiler: /usr/bin/gcc-13 - skipped
-- Detecting C compile features
-- Detecting C compile features - done
-- Detecting CXX compiler ABI info
-- Detecting CXX compiler ABI info - done
-- Check for working CXX compiler: /usr/bin/g++-13 - skipped
-- Detecting CXX compile features
-- Detecting CXX compile features - done
-- Configuring done (0.2s)
-- Generating done (0.0s)
-- Build files have been written to: /home/adam/mlir-aie/programming_examples/basic/matrix_multiplication/matrix_vector_4x4/_build
cd _build &&  cmake --build . --config Release
gmake[1]: Entering directory '/home/adam/mlir-aie/programming_examples/basic/matrix_multiplication/matrix_vector_4x4/_build'
gmake[2]: Entering directory '/home/adam/mlir-aie/programming_examples/basic/matrix_multiplication/matrix_vector_4x4/_build'
gmake[3]: Entering directory '/home/adam/mlir-aie/programming_examples/basic/matrix_multiplication/matrix_vector_4x4/_build'
gmake[3]: Leaving directory '/home/adam/mlir-aie/programming_examples/basic/matrix_multiplication/matrix_vector_4x4/_build'
gmake[3]: Entering directory '/home/adam/mlir-aie/programming_examples/basic/matrix_multiplication/matrix_vector_4x4/_build'
[ 33%] Building CXX object CMakeFiles/matrix_vector.dir/home/adam/mlir-aie/runtime_lib/test_lib/test_utils.cpp.o
[ 66%] Building CXX object CMakeFiles/matrix_vector.dir/matrix_vector/test.cpp.o
[100%] Linking CXX executable matrix_vector
gmake[3]: Leaving directory '/home/adam/mlir-aie/programming_examples/basic/matrix_multiplication/matrix_vector_4x4/_build'
[100%] Built target matrix_vector
gmake[2]: Leaving directory '/home/adam/mlir-aie/programming_examples/basic/matrix_multiplication/matrix_vector_4x4/_build'
gmake[1]: Leaving directory '/home/adam/mlir-aie/programming_examples/basic/matrix_multiplication/matrix_vector_4x4/_build'
cp _build/matrix_vector matrix_vector.exe 
export XRT_HACK_UNSECURE_LOADING_XCLBIN=1 && \
 ./matrix_vector.exe -x build/final_3072x1792x1.xclbin -i build/insts_3072x1792x1.txt -k MLIR_AIE -M 3072 -K 1792 -N 1 -v 2 --warmup 1 --iters 1
Matrix size 3072x1792x1
Sequence instr count: 2428
Loading xclbin: build/final_3072x1792x1.xclbin
Kernel opcode: MLIR_AIE
Name: MLIR_AIE
Registering xclbin: build/final_3072x1792x1.xclbin
Getting hardware context.
Getting handle to kernel:MLIR_AIE
Writing data into buffer objects.
DTYPE_IN  = int16_t
DTYPE_OUT = int16_t
Verification tolerance 0 absolute, 0 relative.
A = 
   13457    -28205    -19666      -205     27690   ...   -26500     18204    -30790     16385     11310  
   -6079    -21280     23624     16276    -25475   ...   -16215     -7445     24823     -3592    -29401  
  -19727    -10493     -6400    -21983     23367   ...    -1499      2831    -18206     12888     11022  
   17017     -4003     22352       750     -3608   ...   -27285     25613    -12121    -14906     19522  
    6246      -530    -21554    -24320      8726   ...     9498    -27014    -10486    -30237     29033  
    ...       ...       ...       ...       ...    ...     ...       ...       ...       ...       ...   
  -27940       465     16479     12161    -23705   ...    16963    -21132    -28216     17402     30819  
   15748     -1376     11783    -27123    -23407   ...     9262     28614       957    -14340    -29520  
    3492    -18883     -7361    -20668     15718   ...    12929      2759     24549      4294    -19939  
   23507     28729    -19721     -7756    -27464   ...    -9042     28831    -26020    -17441     14876  
   25981     30911    -31961    -11023     23172   ...   -31506     12436    -24625      1283     13932  
B = 
   19721  
  -28497  
   17809  
  -27482  
  -11666  
    ...   
    2874  
  -29238  
  -30417  
   -7312  
    6639  
Running Kernel (iteration 0).
Running Kernel (iteration 1).
Verifying against reference matmul ...
Verify time: 0.00 s.

Avg NPU matmul time: 1398.00us.
Avg NPU gflops: 7.88

Min NPU matmul time: 1398.00us.
Max NPU gflops: 7.88

Max NPU matmul time: 1398.00us.
Min NPU gflops: 7.88

PASS!

rm -rf tmpTrace parse*.json trace*json trace.txt
rm -rf build _build matrix_vector.exe
mkdir -p build
python3 /home/adam/mlir-aie/programming_examples/basic/matrix_multiplication/matrix_vector_4x4/matrix_vector.py --dev npu -M 3072 -K 2048 -N 1 --dtype_in i16 --dtype_out i16 --trace_size 0 > build/aie_3072x2048x1.mlir
mkdir -p build
cd build && /home/adam/mlir-aie/ironenv/lib/python3.12/site-packages/llvm-aie/bin/clang++ -O2 -std=c++20 --target=aie2-none-unknown-elf -Wno-parentheses -Wno-attributes -Wno-macro-redefined -Wno-empty-body -DNDEBUG -I /home/adam/mlir-aie/ironenv/lib/python3.12/site-packages/mlir_aie/include  -DBIT_WIDTH=8 -DDIM_M=32 -DDIM_K=32 -c /home/adam/mlir-aie/programming_examples/basic/matrix_multiplication/matrix_vector_4x4/../../../../aie_kernels/aie2/mv.cc -o mv_32x32.o
mkdir -p build
cd build && aiecc.py --alloc-scheme=basic-sequential --aie-generate-xclbin --no-compile-host --xclbin-name=final_3072x2048x1.xclbin \
			 --no-xchesscc --no-xbridge --peano /home/adam/mlir-aie/ironenv/lib/python3.12/site-packages/llvm-aie \
			--aie-generate-npu-insts --npu-insts-name=insts_3072x2048x1.txt ../build/aie_3072x2048x1.mlir


****** Bootgen v2024.1
  **** Build date : Apr 22 2025-04:12:47
    ** Copyright 1986-2022 Xilinx, Inc. All Rights Reserved.
    ** Copyright 2022-2024 Advanced Micro Devices, Inc. All Rights Reserved.


[INFO]   : Bootimage generated successfully

Info: Embedded Metadata section is missing project.platform.device.core element, adding it.
Found xchesscc at /home/adam/libraries/vitis_aie_essential
 AIE Compilation: ━━━━━━━━━━━━━━━━━━━━━━━━━━    94% 0:00:01 0:00:01 16/17 4 Workers
Generating: /home/adam/mlir-aie/programming_examples/basic/matrix_multiplication/matrix_vector_4x4/build/aie_3072x2048x1.mlir.prj/aie_cdo_elfs.bin
Generating: /home/adam/mlir-aie/programming_examples/basic/matrix_multiplication/matrix_vector_4x4/build/aie_3072x2048x1.mlir.prj/aie_cdo_init.bin
Generating: /home/adam/mlir-aie/programming_examples/basic/matrix_multiplication/matrix_vector_4x4/build/aie_3072x2048x1.mlir.prj/aie_cdo_enable.bin
rm -rf _build
mkdir -p _build
cd _build &&  cmake -E env CXXFLAGS="-std=c++23 -ggdb -DDTYPE_IN=int16_t -DDTYPE_OUT=int16_t -DDTYPE_ACC=int16_t" \
	cmake /home/adam/mlir-aie/programming_examples/basic/matrix_multiplication/matrix_vector_4x4/.. -D CMAKE_C_COMPILER=gcc-13 -D CMAKE_CXX_COMPILER=g++-13 -DTARGET_NAME=matrix_vector -Dsubdir=matrix_vector
CMake Deprecation Warning at CMakeLists.txt:13 (cmake_minimum_required):
  Compatibility with CMake < 3.10 will be removed from a future version of
  CMake.

  Update the VERSION argument <min> value.  Or, use the <min>...<max> syntax
  to tell CMake that the project requires at least <min> but has been updated
  to work with policies introduced by <max> or earlier.


-- The C compiler identification is GNU 13.3.0
-- The CXX compiler identification is GNU 13.3.0
-- Detecting C compiler ABI info
-- Detecting C compiler ABI info - done
-- Check for working C compiler: /usr/bin/gcc-13 - skipped
-- Detecting C compile features
-- Detecting C compile features - done
-- Detecting CXX compiler ABI info
-- Detecting CXX compiler ABI info - done
-- Check for working CXX compiler: /usr/bin/g++-13 - skipped
-- Detecting CXX compile features
-- Detecting CXX compile features - done
-- Configuring done (0.2s)
-- Generating done (0.0s)
-- Build files have been written to: /home/adam/mlir-aie/programming_examples/basic/matrix_multiplication/matrix_vector_4x4/_build
cd _build &&  cmake --build . --config Release
gmake[1]: Entering directory '/home/adam/mlir-aie/programming_examples/basic/matrix_multiplication/matrix_vector_4x4/_build'
gmake[2]: Entering directory '/home/adam/mlir-aie/programming_examples/basic/matrix_multiplication/matrix_vector_4x4/_build'
gmake[3]: Entering directory '/home/adam/mlir-aie/programming_examples/basic/matrix_multiplication/matrix_vector_4x4/_build'
gmake[3]: Leaving directory '/home/adam/mlir-aie/programming_examples/basic/matrix_multiplication/matrix_vector_4x4/_build'
gmake[3]: Entering directory '/home/adam/mlir-aie/programming_examples/basic/matrix_multiplication/matrix_vector_4x4/_build'
[ 33%] Building CXX object CMakeFiles/matrix_vector.dir/home/adam/mlir-aie/runtime_lib/test_lib/test_utils.cpp.o
[ 66%] Building CXX object CMakeFiles/matrix_vector.dir/matrix_vector/test.cpp.o
[100%] Linking CXX executable matrix_vector
gmake[3]: Leaving directory '/home/adam/mlir-aie/programming_examples/basic/matrix_multiplication/matrix_vector_4x4/_build'
[100%] Built target matrix_vector
gmake[2]: Leaving directory '/home/adam/mlir-aie/programming_examples/basic/matrix_multiplication/matrix_vector_4x4/_build'
gmake[1]: Leaving directory '/home/adam/mlir-aie/programming_examples/basic/matrix_multiplication/matrix_vector_4x4/_build'
cp _build/matrix_vector matrix_vector.exe 
export XRT_HACK_UNSECURE_LOADING_XCLBIN=1 && \
 ./matrix_vector.exe -x build/final_3072x2048x1.xclbin -i build/insts_3072x2048x1.txt -k MLIR_AIE -M 3072 -K 2048 -N 1 -v 2 --warmup 1 --iters 1
Matrix size 3072x2048x1
Sequence instr count: 2428
Loading xclbin: build/final_3072x2048x1.xclbin
Kernel opcode: MLIR_AIE
Name: MLIR_AIE
Registering xclbin: build/final_3072x2048x1.xclbin
Getting hardware context.
Getting handle to kernel:MLIR_AIE
Writing data into buffer objects.
DTYPE_IN  = int16_t
DTYPE_OUT = int16_t
Verification tolerance 0 absolute, 0 relative.
A = 
   13457    -28205    -19666      -205     27690   ...   -20578      4098    -23419     -7351    -10163  
    5010    -22765    -18207     13956    -18539   ...     9403    -21376    -24766     23857     21679  
  -28747    -14421      8350     25515     20987   ...    22623      7961    -20902     -8833     -9951  
   10422      7551     13156    -16341     32222   ...   -19013     -9651    -16592     23388     19710  
   19875     27255    -32144    -31314    -10181   ...     -138      9353    -16851        47     13122  
    ...       ...       ...       ...       ...    ...     ...       ...       ...       ...       ...   
   16242     -9007     25448     21581     24994   ...    24887    -22313     19871    -30698      4886  
    9092    -22797     -8473     32049     -4448   ...    18771    -31595      8422     28703     26840  
  -20322      3304    -17715     -9658    -19996   ...    16023     20914     12235     15024     27575  
   -8778     -9663      5331     -2559    -18348   ...     4136    -31987     11813     -3353    -31756  
   19629     -9273     14118     30881     29335   ...    -2888    -19151     -8608     -1301      6600  
B = 
    6553  
   10810  
   15755  
  -23653  
  -11511  
    ...   
   23003  
   28897  
    4159  
    1125  
  -10599  
Running Kernel (iteration 0).
Running Kernel (iteration 1).
Verifying against reference matmul ...
Verify time: 0.00 s.

Avg NPU matmul time: 1382.00us.
Avg NPU gflops: 9.10

Min NPU matmul time: 1382.00us.
Max NPU gflops: 9.10

Max NPU matmul time: 1382.00us.
Min NPU gflops: 9.10

PASS!

rm -rf tmpTrace parse*.json trace*json trace.txt
rm -rf build _build matrix_vector.exe
mkdir -p build
python3 /home/adam/mlir-aie/programming_examples/basic/matrix_multiplication/matrix_vector_4x4/matrix_vector.py --dev npu -M 3584 -K 256 -N 1 --dtype_in i16 --dtype_out i16 --trace_size 0 > build/aie_3584x256x1.mlir
mkdir -p build
cd build && /home/adam/mlir-aie/ironenv/lib/python3.12/site-packages/llvm-aie/bin/clang++ -O2 -std=c++20 --target=aie2-none-unknown-elf -Wno-parentheses -Wno-attributes -Wno-macro-redefined -Wno-empty-body -DNDEBUG -I /home/adam/mlir-aie/ironenv/lib/python3.12/site-packages/mlir_aie/include  -DBIT_WIDTH=8 -DDIM_M=32 -DDIM_K=32 -c /home/adam/mlir-aie/programming_examples/basic/matrix_multiplication/matrix_vector_4x4/../../../../aie_kernels/aie2/mv.cc -o mv_32x32.o
mkdir -p build
cd build && aiecc.py --alloc-scheme=basic-sequential --aie-generate-xclbin --no-compile-host --xclbin-name=final_3584x256x1.xclbin \
			 --no-xchesscc --no-xbridge --peano /home/adam/mlir-aie/ironenv/lib/python3.12/site-packages/llvm-aie \
			--aie-generate-npu-insts --npu-insts-name=insts_3584x256x1.txt ../build/aie_3584x256x1.mlir


****** Bootgen v2024.1
  **** Build date : Apr 22 2025-04:12:47
    ** Copyright 1986-2022 Xilinx, Inc. All Rights Reserved.
    ** Copyright 2022-2024 Advanced Micro Devices, Inc. All Rights Reserved.


[INFO]   : Bootimage generated successfully

Info: Embedded Metadata section is missing project.platform.device.core element, adding it.
Found xchesscc at /home/adam/libraries/vitis_aie_essential
 AIE Compilation: ━━━━━━━━━━━━━━━━━━━━━━━━━━    94% 0:00:01 0:00:01 16/17 4 Workers
Generating: /home/adam/mlir-aie/programming_examples/basic/matrix_multiplication/matrix_vector_4x4/build/aie_3584x256x1.mlir.prj/aie_cdo_elfs.bin
Generating: /home/adam/mlir-aie/programming_examples/basic/matrix_multiplication/matrix_vector_4x4/build/aie_3584x256x1.mlir.prj/aie_cdo_init.bin
Generating: /home/adam/mlir-aie/programming_examples/basic/matrix_multiplication/matrix_vector_4x4/build/aie_3584x256x1.mlir.prj/aie_cdo_enable.bin
rm -rf _build
mkdir -p _build
cd _build &&  cmake -E env CXXFLAGS="-std=c++23 -ggdb -DDTYPE_IN=int16_t -DDTYPE_OUT=int16_t -DDTYPE_ACC=int16_t" \
	cmake /home/adam/mlir-aie/programming_examples/basic/matrix_multiplication/matrix_vector_4x4/.. -D CMAKE_C_COMPILER=gcc-13 -D CMAKE_CXX_COMPILER=g++-13 -DTARGET_NAME=matrix_vector -Dsubdir=matrix_vector
CMake Deprecation Warning at CMakeLists.txt:13 (cmake_minimum_required):
  Compatibility with CMake < 3.10 will be removed from a future version of
  CMake.

  Update the VERSION argument <min> value.  Or, use the <min>...<max> syntax
  to tell CMake that the project requires at least <min> but has been updated
  to work with policies introduced by <max> or earlier.


-- The C compiler identification is GNU 13.3.0
-- The CXX compiler identification is GNU 13.3.0
-- Detecting C compiler ABI info
-- Detecting C compiler ABI info - done
-- Check for working C compiler: /usr/bin/gcc-13 - skipped
-- Detecting C compile features
-- Detecting C compile features - done
-- Detecting CXX compiler ABI info
-- Detecting CXX compiler ABI info - done
-- Check for working CXX compiler: /usr/bin/g++-13 - skipped
-- Detecting CXX compile features
-- Detecting CXX compile features - done
-- Configuring done (0.3s)
-- Generating done (0.0s)
-- Build files have been written to: /home/adam/mlir-aie/programming_examples/basic/matrix_multiplication/matrix_vector_4x4/_build
cd _build &&  cmake --build . --config Release
gmake[1]: Entering directory '/home/adam/mlir-aie/programming_examples/basic/matrix_multiplication/matrix_vector_4x4/_build'
gmake[2]: Entering directory '/home/adam/mlir-aie/programming_examples/basic/matrix_multiplication/matrix_vector_4x4/_build'
gmake[3]: Entering directory '/home/adam/mlir-aie/programming_examples/basic/matrix_multiplication/matrix_vector_4x4/_build'
gmake[3]: Leaving directory '/home/adam/mlir-aie/programming_examples/basic/matrix_multiplication/matrix_vector_4x4/_build'
gmake[3]: Entering directory '/home/adam/mlir-aie/programming_examples/basic/matrix_multiplication/matrix_vector_4x4/_build'
[ 33%] Building CXX object CMakeFiles/matrix_vector.dir/home/adam/mlir-aie/runtime_lib/test_lib/test_utils.cpp.o
[ 66%] Building CXX object CMakeFiles/matrix_vector.dir/matrix_vector/test.cpp.o
[100%] Linking CXX executable matrix_vector
gmake[3]: Leaving directory '/home/adam/mlir-aie/programming_examples/basic/matrix_multiplication/matrix_vector_4x4/_build'
[100%] Built target matrix_vector
gmake[2]: Leaving directory '/home/adam/mlir-aie/programming_examples/basic/matrix_multiplication/matrix_vector_4x4/_build'
gmake[1]: Leaving directory '/home/adam/mlir-aie/programming_examples/basic/matrix_multiplication/matrix_vector_4x4/_build'
cp _build/matrix_vector matrix_vector.exe 
export XRT_HACK_UNSECURE_LOADING_XCLBIN=1 && \
 ./matrix_vector.exe -x build/final_3584x256x1.xclbin -i build/insts_3584x256x1.txt -k MLIR_AIE -M 3584 -K 256 -N 1 -v 2 --warmup 1 --iters 1
Matrix size 3584x256x1
Sequence instr count: 2832
Loading xclbin: build/final_3584x256x1.xclbin
Kernel opcode: MLIR_AIE
Name: MLIR_AIE
Registering xclbin: build/final_3584x256x1.xclbin
Getting hardware context.
Getting handle to kernel:MLIR_AIE
Writing data into buffer objects.
DTYPE_IN  = int16_t
DTYPE_OUT = int16_t
Verification tolerance 0 absolute, 0 relative.
A = 
   13457    -28205    -19666      -205     27690   ...   -15908      2818     13271     20176      1139  
  -22748    -18634    -24352    -28232     16906   ...   -26606     17471     14977     26768    -31858  
  -16861    -29938     14143      4492    -19464   ...     5846     -9503     27819    -21381       133  
  -29481     16407    -19656    -17830      3633   ...   -24288     17254    -27732     13616      9265  
    8270      7756    -21346    -28428      2391   ...   -27895     26930    -21440      6434     10718  
    ...       ...       ...       ...       ...    ...     ...       ...       ...       ...       ...   
  -18990     13834     -9691       -79    -26351   ...    10312      9784     26149    -30675     10684  
   11350    -29295      2098     13111     -7008   ...     1793      9535    -13130    -26875    -21112  
   23236    -11106       -96     13988     10547   ...   -26161    -23656     31198    -13901     14228  
  -20587    -32610    -23588    -28434     29913   ...   -12175     18841      2550    -11801    -32730  
   19873    -14081    -26130      5956     -8057   ...   -32393     31688      2168    -23236    -28236  
B = 
  -26726  
  -17971  
   -3929  
  -26212  
    1257  
    ...   
   32515  
   -6652  
    4846  
    9848  
   -5230  
Running Kernel (iteration 0).
Running Kernel (iteration 1).
Verifying against reference matmul ...
Verify time: 0.00 s.

Avg NPU matmul time: 660.00us.
Avg NPU gflops: 2.78

Min NPU matmul time: 660.00us.
Max NPU gflops: 2.78

Max NPU matmul time: 660.00us.
Min NPU gflops: 2.78

PASS!

rm -rf tmpTrace parse*.json trace*json trace.txt
rm -rf build _build matrix_vector.exe
mkdir -p build
python3 /home/adam/mlir-aie/programming_examples/basic/matrix_multiplication/matrix_vector_4x4/matrix_vector.py --dev npu -M 3584 -K 512 -N 1 --dtype_in i16 --dtype_out i16 --trace_size 0 > build/aie_3584x512x1.mlir
mkdir -p build
cd build && /home/adam/mlir-aie/ironenv/lib/python3.12/site-packages/llvm-aie/bin/clang++ -O2 -std=c++20 --target=aie2-none-unknown-elf -Wno-parentheses -Wno-attributes -Wno-macro-redefined -Wno-empty-body -DNDEBUG -I /home/adam/mlir-aie/ironenv/lib/python3.12/site-packages/mlir_aie/include  -DBIT_WIDTH=8 -DDIM_M=32 -DDIM_K=32 -c /home/adam/mlir-aie/programming_examples/basic/matrix_multiplication/matrix_vector_4x4/../../../../aie_kernels/aie2/mv.cc -o mv_32x32.o
mkdir -p build
cd build && aiecc.py --alloc-scheme=basic-sequential --aie-generate-xclbin --no-compile-host --xclbin-name=final_3584x512x1.xclbin \
			 --no-xchesscc --no-xbridge --peano /home/adam/mlir-aie/ironenv/lib/python3.12/site-packages/llvm-aie \
			--aie-generate-npu-insts --npu-insts-name=insts_3584x512x1.txt ../build/aie_3584x512x1.mlir


****** Bootgen v2024.1
  **** Build date : Apr 22 2025-04:12:47
    ** Copyright 1986-2022 Xilinx, Inc. All Rights Reserved.
    ** Copyright 2022-2024 Advanced Micro Devices, Inc. All Rights Reserved.


[INFO]   : Bootimage generated successfully

Info: Embedded Metadata section is missing project.platform.device.core element, adding it.
Found xchesscc at /home/adam/libraries/vitis_aie_essential
 AIE Compilation: ━━━━━━━━━━━━━━━━━━━━━━━━━━    94% 0:00:01 0:00:01 16/17 4 Workers
Generating: /home/adam/mlir-aie/programming_examples/basic/matrix_multiplication/matrix_vector_4x4/build/aie_3584x512x1.mlir.prj/aie_cdo_elfs.bin
Generating: /home/adam/mlir-aie/programming_examples/basic/matrix_multiplication/matrix_vector_4x4/build/aie_3584x512x1.mlir.prj/aie_cdo_init.bin
Generating: /home/adam/mlir-aie/programming_examples/basic/matrix_multiplication/matrix_vector_4x4/build/aie_3584x512x1.mlir.prj/aie_cdo_enable.bin
rm -rf _build
mkdir -p _build
cd _build &&  cmake -E env CXXFLAGS="-std=c++23 -ggdb -DDTYPE_IN=int16_t -DDTYPE_OUT=int16_t -DDTYPE_ACC=int16_t" \
	cmake /home/adam/mlir-aie/programming_examples/basic/matrix_multiplication/matrix_vector_4x4/.. -D CMAKE_C_COMPILER=gcc-13 -D CMAKE_CXX_COMPILER=g++-13 -DTARGET_NAME=matrix_vector -Dsubdir=matrix_vector
CMake Deprecation Warning at CMakeLists.txt:13 (cmake_minimum_required):
  Compatibility with CMake < 3.10 will be removed from a future version of
  CMake.

  Update the VERSION argument <min> value.  Or, use the <min>...<max> syntax
  to tell CMake that the project requires at least <min> but has been updated
  to work with policies introduced by <max> or earlier.


-- The C compiler identification is GNU 13.3.0
-- The CXX compiler identification is GNU 13.3.0
-- Detecting C compiler ABI info
-- Detecting C compiler ABI info - done
-- Check for working C compiler: /usr/bin/gcc-13 - skipped
-- Detecting C compile features
-- Detecting C compile features - done
-- Detecting CXX compiler ABI info
-- Detecting CXX compiler ABI info - done
-- Check for working CXX compiler: /usr/bin/g++-13 - skipped
-- Detecting CXX compile features
-- Detecting CXX compile features - done
-- Configuring done (0.2s)
-- Generating done (0.0s)
-- Build files have been written to: /home/adam/mlir-aie/programming_examples/basic/matrix_multiplication/matrix_vector_4x4/_build
cd _build &&  cmake --build . --config Release
gmake[1]: Entering directory '/home/adam/mlir-aie/programming_examples/basic/matrix_multiplication/matrix_vector_4x4/_build'
gmake[2]: Entering directory '/home/adam/mlir-aie/programming_examples/basic/matrix_multiplication/matrix_vector_4x4/_build'
gmake[3]: Entering directory '/home/adam/mlir-aie/programming_examples/basic/matrix_multiplication/matrix_vector_4x4/_build'
gmake[3]: Leaving directory '/home/adam/mlir-aie/programming_examples/basic/matrix_multiplication/matrix_vector_4x4/_build'
gmake[3]: Entering directory '/home/adam/mlir-aie/programming_examples/basic/matrix_multiplication/matrix_vector_4x4/_build'
[ 33%] Building CXX object CMakeFiles/matrix_vector.dir/home/adam/mlir-aie/runtime_lib/test_lib/test_utils.cpp.o
[ 66%] Building CXX object CMakeFiles/matrix_vector.dir/matrix_vector/test.cpp.o
[100%] Linking CXX executable matrix_vector
gmake[3]: Leaving directory '/home/adam/mlir-aie/programming_examples/basic/matrix_multiplication/matrix_vector_4x4/_build'
[100%] Built target matrix_vector
gmake[2]: Leaving directory '/home/adam/mlir-aie/programming_examples/basic/matrix_multiplication/matrix_vector_4x4/_build'
gmake[1]: Leaving directory '/home/adam/mlir-aie/programming_examples/basic/matrix_multiplication/matrix_vector_4x4/_build'
cp _build/matrix_vector matrix_vector.exe 
export XRT_HACK_UNSECURE_LOADING_XCLBIN=1 && \
 ./matrix_vector.exe -x build/final_3584x512x1.xclbin -i build/insts_3584x512x1.txt -k MLIR_AIE -M 3584 -K 512 -N 1 -v 2 --warmup 1 --iters 1
Matrix size 3584x512x1
Sequence instr count: 2832
Loading xclbin: build/final_3584x512x1.xclbin
Kernel opcode: MLIR_AIE
Name: MLIR_AIE
Registering xclbin: build/final_3584x512x1.xclbin
Getting hardware context.
Getting handle to kernel:MLIR_AIE
Writing data into buffer objects.
DTYPE_IN  = int16_t
DTYPE_OUT = int16_t
Verification tolerance 0 absolute, 0 relative.
A = 
   13457    -28205    -19666      -205     27690   ...   -26606     17471     14977     26768    -31858  
  -16861    -29938     14143      4492    -19464   ...   -24288     17254    -27732     13616      9265  
    8270      7756    -21346    -28428      2391   ...     1142    -17068    -29328      2901     31216  
  -29798      9724    -21391     -7037      -616   ...   -20578      4098    -23419     -7351    -10163  
    5010    -22765    -18207     13956    -18539   ...     4569     -7735     23942      3905    -15435  
    ...       ...       ...       ...       ...    ...     ...       ...       ...       ...       ...   
   24200    -12404    -24942     -3236      5698   ...    -8631     16768     28474     32146     14468  
  -13196     27395      3084    -18257    -17337   ...    14580    -20964    -15806    -25202     -7803  
  -10529     -7221    -13335    -31763     17629   ...     7903      -900     20021     -9782    -32590  
    2890     29195    -22260     21461    -24506   ...   -29735     25303     29571    -18886    -24183  
  -29126      5194    -30773     -4634      7143   ...    18980     32695     27940      4979    -32317  
B = 
   -9568  
   32587  
   12075  
  -30842  
   -8616  
    ...   
  -11896  
  -14822  
  -20637  
  -29883  
  -17549  
Running Kernel (iteration 0).
Running Kernel (iteration 1).
Verifying against reference matmul ...
Verify time: 0.00 s.

Avg NPU matmul time: 691.00us.
Avg NPU gflops: 5.31

Min NPU matmul time: 691.00us.
Max NPU gflops: 5.31

Max NPU matmul time: 691.00us.
Min NPU gflops: 5.31

PASS!

rm -rf tmpTrace parse*.json trace*json trace.txt
rm -rf build _build matrix_vector.exe
mkdir -p build
python3 /home/adam/mlir-aie/programming_examples/basic/matrix_multiplication/matrix_vector_4x4/matrix_vector.py --dev npu -M 3584 -K 768 -N 1 --dtype_in i16 --dtype_out i16 --trace_size 0 > build/aie_3584x768x1.mlir
mkdir -p build
cd build && /home/adam/mlir-aie/ironenv/lib/python3.12/site-packages/llvm-aie/bin/clang++ -O2 -std=c++20 --target=aie2-none-unknown-elf -Wno-parentheses -Wno-attributes -Wno-macro-redefined -Wno-empty-body -DNDEBUG -I /home/adam/mlir-aie/ironenv/lib/python3.12/site-packages/mlir_aie/include  -DBIT_WIDTH=8 -DDIM_M=32 -DDIM_K=32 -c /home/adam/mlir-aie/programming_examples/basic/matrix_multiplication/matrix_vector_4x4/../../../../aie_kernels/aie2/mv.cc -o mv_32x32.o
mkdir -p build
cd build && aiecc.py --alloc-scheme=basic-sequential --aie-generate-xclbin --no-compile-host --xclbin-name=final_3584x768x1.xclbin \
			 --no-xchesscc --no-xbridge --peano /home/adam/mlir-aie/ironenv/lib/python3.12/site-packages/llvm-aie \
			--aie-generate-npu-insts --npu-insts-name=insts_3584x768x1.txt ../build/aie_3584x768x1.mlir


****** Bootgen v2024.1
  **** Build date : Apr 22 2025-04:12:47
    ** Copyright 1986-2022 Xilinx, Inc. All Rights Reserved.
    ** Copyright 2022-2024 Advanced Micro Devices, Inc. All Rights Reserved.


[INFO]   : Bootimage generated successfully

Info: Embedded Metadata section is missing project.platform.device.core element, adding it.
Found xchesscc at /home/adam/libraries/vitis_aie_essential
 AIE Compilation: ━━━━━━━━━━━━━━━━━━━━━━━━━━    94% 0:00:01 0:00:01 16/17 4 Workers
Generating: /home/adam/mlir-aie/programming_examples/basic/matrix_multiplication/matrix_vector_4x4/build/aie_3584x768x1.mlir.prj/aie_cdo_elfs.bin
Generating: /home/adam/mlir-aie/programming_examples/basic/matrix_multiplication/matrix_vector_4x4/build/aie_3584x768x1.mlir.prj/aie_cdo_init.bin
Generating: /home/adam/mlir-aie/programming_examples/basic/matrix_multiplication/matrix_vector_4x4/build/aie_3584x768x1.mlir.prj/aie_cdo_enable.bin
rm -rf _build
mkdir -p _build
cd _build &&  cmake -E env CXXFLAGS="-std=c++23 -ggdb -DDTYPE_IN=int16_t -DDTYPE_OUT=int16_t -DDTYPE_ACC=int16_t" \
	cmake /home/adam/mlir-aie/programming_examples/basic/matrix_multiplication/matrix_vector_4x4/.. -D CMAKE_C_COMPILER=gcc-13 -D CMAKE_CXX_COMPILER=g++-13 -DTARGET_NAME=matrix_vector -Dsubdir=matrix_vector
CMake Deprecation Warning at CMakeLists.txt:13 (cmake_minimum_required):
  Compatibility with CMake < 3.10 will be removed from a future version of
  CMake.

  Update the VERSION argument <min> value.  Or, use the <min>...<max> syntax
  to tell CMake that the project requires at least <min> but has been updated
  to work with policies introduced by <max> or earlier.


-- The C compiler identification is GNU 13.3.0
-- The CXX compiler identification is GNU 13.3.0
-- Detecting C compiler ABI info
-- Detecting C compiler ABI info - done
-- Check for working C compiler: /usr/bin/gcc-13 - skipped
-- Detecting C compile features
-- Detecting C compile features - done
-- Detecting CXX compiler ABI info
-- Detecting CXX compiler ABI info - done
-- Check for working CXX compiler: /usr/bin/g++-13 - skipped
-- Detecting CXX compile features
-- Detecting CXX compile features - done
-- Configuring done (0.3s)
-- Generating done (0.0s)
-- Build files have been written to: /home/adam/mlir-aie/programming_examples/basic/matrix_multiplication/matrix_vector_4x4/_build
cd _build &&  cmake --build . --config Release
gmake[1]: Entering directory '/home/adam/mlir-aie/programming_examples/basic/matrix_multiplication/matrix_vector_4x4/_build'
gmake[2]: Entering directory '/home/adam/mlir-aie/programming_examples/basic/matrix_multiplication/matrix_vector_4x4/_build'
gmake[3]: Entering directory '/home/adam/mlir-aie/programming_examples/basic/matrix_multiplication/matrix_vector_4x4/_build'
gmake[3]: Leaving directory '/home/adam/mlir-aie/programming_examples/basic/matrix_multiplication/matrix_vector_4x4/_build'
gmake[3]: Entering directory '/home/adam/mlir-aie/programming_examples/basic/matrix_multiplication/matrix_vector_4x4/_build'
[ 33%] Building CXX object CMakeFiles/matrix_vector.dir/home/adam/mlir-aie/runtime_lib/test_lib/test_utils.cpp.o
[ 66%] Building CXX object CMakeFiles/matrix_vector.dir/matrix_vector/test.cpp.o
[100%] Linking CXX executable matrix_vector
gmake[3]: Leaving directory '/home/adam/mlir-aie/programming_examples/basic/matrix_multiplication/matrix_vector_4x4/_build'
[100%] Built target matrix_vector
gmake[2]: Leaving directory '/home/adam/mlir-aie/programming_examples/basic/matrix_multiplication/matrix_vector_4x4/_build'
gmake[1]: Leaving directory '/home/adam/mlir-aie/programming_examples/basic/matrix_multiplication/matrix_vector_4x4/_build'
cp _build/matrix_vector matrix_vector.exe 
export XRT_HACK_UNSECURE_LOADING_XCLBIN=1 && \
 ./matrix_vector.exe -x build/final_3584x768x1.xclbin -i build/insts_3584x768x1.txt -k MLIR_AIE -M 3584 -K 768 -N 1 -v 2 --warmup 1 --iters 1
Matrix size 3584x768x1
Sequence instr count: 2832
Loading xclbin: build/final_3584x768x1.xclbin
Kernel opcode: MLIR_AIE
Name: MLIR_AIE
Registering xclbin: build/final_3584x768x1.xclbin
Getting hardware context.
Getting handle to kernel:MLIR_AIE
Writing data into buffer objects.
DTYPE_IN  = int16_t
DTYPE_OUT = int16_t
Verification tolerance 0 absolute, 0 relative.
A = 
   13457    -28205    -19666      -205     27690   ...     5846     -9503     27819    -21381       133  
  -29481     16407    -19656    -17830      3633   ...     1142    -17068    -29328      2901     31216  
  -29798      9724    -21391     -7037      -616   ...    21033      5350     18215     32222    -28924  
   10888    -27895     19240      6512      7256   ...    12253     19015    -31779    -15583     30261  
  -27185    -27058    -18100    -26436     10876   ...   -16984      2790    -11058     32289    -27586  
    ...       ...       ...       ...       ...    ...     ...       ...       ...       ...       ...   
  -32045    -18550     18590    -17980     -4010   ...    14997      7515    -29671    -28926    -18066  
    -452     14429    -27532    -15476     30466   ...    11099     30540      2811     15126      5466  
   24168     18590    -21578      7488      7162   ...   -13635      -960     15804    -29737     14756  
   21772     21398    -23952    -12589    -12269   ...    31692    -24779     11792    -15527    -12295  
    5472    -21334     14274    -22334     22376   ...    22463    -32463    -26423    -20996     -9789  
B = 
   10357  
   22686  
   -2973  
   -6893  
   -9844  
    ...   
   22619  
   -9562  
    -940  
    6992  
   28760  
Running Kernel (iteration 0).
Running Kernel (iteration 1).
Verifying against reference matmul ...
Verify time: 0.00 s.

Avg NPU matmul time: 818.00us.
Avg NPU gflops: 6.73

Min NPU matmul time: 818.00us.
Max NPU gflops: 6.73

Max NPU matmul time: 818.00us.
Min NPU gflops: 6.73

PASS!

rm -rf tmpTrace parse*.json trace*json trace.txt
rm -rf build _build matrix_vector.exe
mkdir -p build
python3 /home/adam/mlir-aie/programming_examples/basic/matrix_multiplication/matrix_vector_4x4/matrix_vector.py --dev npu -M 3584 -K 1024 -N 1 --dtype_in i16 --dtype_out i16 --trace_size 0 > build/aie_3584x1024x1.mlir
mkdir -p build
cd build && /home/adam/mlir-aie/ironenv/lib/python3.12/site-packages/llvm-aie/bin/clang++ -O2 -std=c++20 --target=aie2-none-unknown-elf -Wno-parentheses -Wno-attributes -Wno-macro-redefined -Wno-empty-body -DNDEBUG -I /home/adam/mlir-aie/ironenv/lib/python3.12/site-packages/mlir_aie/include  -DBIT_WIDTH=8 -DDIM_M=32 -DDIM_K=32 -c /home/adam/mlir-aie/programming_examples/basic/matrix_multiplication/matrix_vector_4x4/../../../../aie_kernels/aie2/mv.cc -o mv_32x32.o
mkdir -p build
cd build && aiecc.py --alloc-scheme=basic-sequential --aie-generate-xclbin --no-compile-host --xclbin-name=final_3584x1024x1.xclbin \
			 --no-xchesscc --no-xbridge --peano /home/adam/mlir-aie/ironenv/lib/python3.12/site-packages/llvm-aie \
			--aie-generate-npu-insts --npu-insts-name=insts_3584x1024x1.txt ../build/aie_3584x1024x1.mlir


****** Bootgen v2024.1
  **** Build date : Apr 22 2025-04:12:47
    ** Copyright 1986-2022 Xilinx, Inc. All Rights Reserved.
    ** Copyright 2022-2024 Advanced Micro Devices, Inc. All Rights Reserved.


[INFO]   : Bootimage generated successfully

Info: Embedded Metadata section is missing project.platform.device.core element, adding it.
Found xchesscc at /home/adam/libraries/vitis_aie_essential
 AIE Compilation: ━━━━━━━━━━━━━━━━━━━━━━━━━━    94% 0:00:01 0:00:01 16/17 4 Workers
Generating: /home/adam/mlir-aie/programming_examples/basic/matrix_multiplication/matrix_vector_4x4/build/aie_3584x1024x1.mlir.prj/aie_cdo_elfs.bin
Generating: /home/adam/mlir-aie/programming_examples/basic/matrix_multiplication/matrix_vector_4x4/build/aie_3584x1024x1.mlir.prj/aie_cdo_init.bin
Generating: /home/adam/mlir-aie/programming_examples/basic/matrix_multiplication/matrix_vector_4x4/build/aie_3584x1024x1.mlir.prj/aie_cdo_enable.bin
rm -rf _build
mkdir -p _build
cd _build &&  cmake -E env CXXFLAGS="-std=c++23 -ggdb -DDTYPE_IN=int16_t -DDTYPE_OUT=int16_t -DDTYPE_ACC=int16_t" \
	cmake /home/adam/mlir-aie/programming_examples/basic/matrix_multiplication/matrix_vector_4x4/.. -D CMAKE_C_COMPILER=gcc-13 -D CMAKE_CXX_COMPILER=g++-13 -DTARGET_NAME=matrix_vector -Dsubdir=matrix_vector
CMake Deprecation Warning at CMakeLists.txt:13 (cmake_minimum_required):
  Compatibility with CMake < 3.10 will be removed from a future version of
  CMake.

  Update the VERSION argument <min> value.  Or, use the <min>...<max> syntax
  to tell CMake that the project requires at least <min> but has been updated
  to work with policies introduced by <max> or earlier.


-- The C compiler identification is GNU 13.3.0
-- The CXX compiler identification is GNU 13.3.0
-- Detecting C compiler ABI info
-- Detecting C compiler ABI info - done
-- Check for working C compiler: /usr/bin/gcc-13 - skipped
-- Detecting C compile features
-- Detecting C compile features - done
-- Detecting CXX compiler ABI info
-- Detecting CXX compiler ABI info - done
-- Check for working CXX compiler: /usr/bin/g++-13 - skipped
-- Detecting CXX compile features
-- Detecting CXX compile features - done
-- Configuring done (0.2s)
-- Generating done (0.0s)
-- Build files have been written to: /home/adam/mlir-aie/programming_examples/basic/matrix_multiplication/matrix_vector_4x4/_build
cd _build &&  cmake --build . --config Release
gmake[1]: Entering directory '/home/adam/mlir-aie/programming_examples/basic/matrix_multiplication/matrix_vector_4x4/_build'
gmake[2]: Entering directory '/home/adam/mlir-aie/programming_examples/basic/matrix_multiplication/matrix_vector_4x4/_build'
gmake[3]: Entering directory '/home/adam/mlir-aie/programming_examples/basic/matrix_multiplication/matrix_vector_4x4/_build'
gmake[3]: Leaving directory '/home/adam/mlir-aie/programming_examples/basic/matrix_multiplication/matrix_vector_4x4/_build'
gmake[3]: Entering directory '/home/adam/mlir-aie/programming_examples/basic/matrix_multiplication/matrix_vector_4x4/_build'
[ 33%] Building CXX object CMakeFiles/matrix_vector.dir/home/adam/mlir-aie/runtime_lib/test_lib/test_utils.cpp.o
[ 66%] Building CXX object CMakeFiles/matrix_vector.dir/matrix_vector/test.cpp.o
[100%] Linking CXX executable matrix_vector
gmake[3]: Leaving directory '/home/adam/mlir-aie/programming_examples/basic/matrix_multiplication/matrix_vector_4x4/_build'
[100%] Built target matrix_vector
gmake[2]: Leaving directory '/home/adam/mlir-aie/programming_examples/basic/matrix_multiplication/matrix_vector_4x4/_build'
gmake[1]: Leaving directory '/home/adam/mlir-aie/programming_examples/basic/matrix_multiplication/matrix_vector_4x4/_build'
cp _build/matrix_vector matrix_vector.exe 
export XRT_HACK_UNSECURE_LOADING_XCLBIN=1 && \
 ./matrix_vector.exe -x build/final_3584x1024x1.xclbin -i build/insts_3584x1024x1.txt -k MLIR_AIE -M 3584 -K 1024 -N 1 -v 2 --warmup 1 --iters 1
Matrix size 3584x1024x1
Sequence instr count: 2832
Loading xclbin: build/final_3584x1024x1.xclbin
Kernel opcode: MLIR_AIE
Name: MLIR_AIE
Registering xclbin: build/final_3584x1024x1.xclbin
Getting hardware context.
Getting handle to kernel:MLIR_AIE
Writing data into buffer objects.
DTYPE_IN  = int16_t
DTYPE_OUT = int16_t
Verification tolerance 0 absolute, 0 relative.
A = 
   13457    -28205    -19666      -205     27690   ...   -24288     17254    -27732     13616      9265  
    8270      7756    -21346    -28428      2391   ...   -20578      4098    -23419     -7351    -10163  
    5010    -22765    -18207     13956    -18539   ...    12253     19015    -31779    -15583     30261  
  -27185    -27058    -18100    -26436     10876   ...     9403    -21376    -24766     23857     21679  
  -28747    -14421      8350     25515     20987   ...    -6885     29354    -15217    -14490     26568  
    ...       ...       ...       ...       ...    ...     ...       ...       ...       ...       ...   
   30425    -25416     31986     28935     21539   ...   -29674    -18738     20619     27983    -22253  
   -5466     10222     -9794     12418     11398   ...      257    -25824     10392    -29867      5033  
  -26541     -2420    -17140    -32767     11679   ...    -1755     -1476     -6567     -1864     26400  
  -24845      -315    -10416    -24568    -17818   ...    -5870    -30924     31851     -9022      5304  
   28127    -22950     20141    -28928     26729   ...   -23689    -20377     17539    -31990     26017  
B = 
    7411  
   27929  
  -28623  
   31204  
    1447  
    ...   
  -19183  
    5277  
   19905  
    5397  
    5657  
Running Kernel (iteration 0).
Running Kernel (iteration 1).
Verifying against reference matmul ...
Verify time: 0.00 s.

Avg NPU matmul time: 1105.00us.
Avg NPU gflops: 6.64

Min NPU matmul time: 1105.00us.
Max NPU gflops: 6.64

Max NPU matmul time: 1105.00us.
Min NPU gflops: 6.64

PASS!

rm -rf tmpTrace parse*.json trace*json trace.txt
rm -rf build _build matrix_vector.exe
mkdir -p build
python3 /home/adam/mlir-aie/programming_examples/basic/matrix_multiplication/matrix_vector_4x4/matrix_vector.py --dev npu -M 3584 -K 1280 -N 1 --dtype_in i16 --dtype_out i16 --trace_size 0 > build/aie_3584x1280x1.mlir
mkdir -p build
cd build && /home/adam/mlir-aie/ironenv/lib/python3.12/site-packages/llvm-aie/bin/clang++ -O2 -std=c++20 --target=aie2-none-unknown-elf -Wno-parentheses -Wno-attributes -Wno-macro-redefined -Wno-empty-body -DNDEBUG -I /home/adam/mlir-aie/ironenv/lib/python3.12/site-packages/mlir_aie/include  -DBIT_WIDTH=8 -DDIM_M=32 -DDIM_K=32 -c /home/adam/mlir-aie/programming_examples/basic/matrix_multiplication/matrix_vector_4x4/../../../../aie_kernels/aie2/mv.cc -o mv_32x32.o
mkdir -p build
cd build && aiecc.py --alloc-scheme=basic-sequential --aie-generate-xclbin --no-compile-host --xclbin-name=final_3584x1280x1.xclbin \
			 --no-xchesscc --no-xbridge --peano /home/adam/mlir-aie/ironenv/lib/python3.12/site-packages/llvm-aie \
			--aie-generate-npu-insts --npu-insts-name=insts_3584x1280x1.txt ../build/aie_3584x1280x1.mlir


****** Bootgen v2024.1
  **** Build date : Apr 22 2025-04:12:47
    ** Copyright 1986-2022 Xilinx, Inc. All Rights Reserved.
    ** Copyright 2022-2024 Advanced Micro Devices, Inc. All Rights Reserved.


[INFO]   : Bootimage generated successfully

Info: Embedded Metadata section is missing project.platform.device.core element, adding it.
Found xchesscc at /home/adam/libraries/vitis_aie_essential
 AIE Compilation: ━━━━━━━━━━━━━━━━━━━━━━━━━━    94% 0:00:01 0:00:01 16/17 4 Workers
Generating: /home/adam/mlir-aie/programming_examples/basic/matrix_multiplication/matrix_vector_4x4/build/aie_3584x1280x1.mlir.prj/aie_cdo_elfs.bin
Generating: /home/adam/mlir-aie/programming_examples/basic/matrix_multiplication/matrix_vector_4x4/build/aie_3584x1280x1.mlir.prj/aie_cdo_init.bin
Generating: /home/adam/mlir-aie/programming_examples/basic/matrix_multiplication/matrix_vector_4x4/build/aie_3584x1280x1.mlir.prj/aie_cdo_enable.bin
rm -rf _build
mkdir -p _build
cd _build &&  cmake -E env CXXFLAGS="-std=c++23 -ggdb -DDTYPE_IN=int16_t -DDTYPE_OUT=int16_t -DDTYPE_ACC=int16_t" \
	cmake /home/adam/mlir-aie/programming_examples/basic/matrix_multiplication/matrix_vector_4x4/.. -D CMAKE_C_COMPILER=gcc-13 -D CMAKE_CXX_COMPILER=g++-13 -DTARGET_NAME=matrix_vector -Dsubdir=matrix_vector
CMake Deprecation Warning at CMakeLists.txt:13 (cmake_minimum_required):
  Compatibility with CMake < 3.10 will be removed from a future version of
  CMake.

  Update the VERSION argument <min> value.  Or, use the <min>...<max> syntax
  to tell CMake that the project requires at least <min> but has been updated
  to work with policies introduced by <max> or earlier.


-- The C compiler identification is GNU 13.3.0
-- The CXX compiler identification is GNU 13.3.0
-- Detecting C compiler ABI info
-- Detecting C compiler ABI info - done
-- Check for working C compiler: /usr/bin/gcc-13 - skipped
-- Detecting C compile features
-- Detecting C compile features - done
-- Detecting CXX compiler ABI info
-- Detecting CXX compiler ABI info - done
-- Check for working CXX compiler: /usr/bin/g++-13 - skipped
-- Detecting CXX compile features
-- Detecting CXX compile features - done
-- Configuring done (0.3s)
-- Generating done (0.0s)
-- Build files have been written to: /home/adam/mlir-aie/programming_examples/basic/matrix_multiplication/matrix_vector_4x4/_build
cd _build &&  cmake --build . --config Release
gmake[1]: Entering directory '/home/adam/mlir-aie/programming_examples/basic/matrix_multiplication/matrix_vector_4x4/_build'
gmake[2]: Entering directory '/home/adam/mlir-aie/programming_examples/basic/matrix_multiplication/matrix_vector_4x4/_build'
gmake[3]: Entering directory '/home/adam/mlir-aie/programming_examples/basic/matrix_multiplication/matrix_vector_4x4/_build'
gmake[3]: Leaving directory '/home/adam/mlir-aie/programming_examples/basic/matrix_multiplication/matrix_vector_4x4/_build'
gmake[3]: Entering directory '/home/adam/mlir-aie/programming_examples/basic/matrix_multiplication/matrix_vector_4x4/_build'
[ 33%] Building CXX object CMakeFiles/matrix_vector.dir/home/adam/mlir-aie/runtime_lib/test_lib/test_utils.cpp.o
[ 66%] Building CXX object CMakeFiles/matrix_vector.dir/matrix_vector/test.cpp.o
[100%] Linking CXX executable matrix_vector
gmake[3]: Leaving directory '/home/adam/mlir-aie/programming_examples/basic/matrix_multiplication/matrix_vector_4x4/_build'
[100%] Built target matrix_vector
gmake[2]: Leaving directory '/home/adam/mlir-aie/programming_examples/basic/matrix_multiplication/matrix_vector_4x4/_build'
gmake[1]: Leaving directory '/home/adam/mlir-aie/programming_examples/basic/matrix_multiplication/matrix_vector_4x4/_build'
cp _build/matrix_vector matrix_vector.exe 
export XRT_HACK_UNSECURE_LOADING_XCLBIN=1 && \
 ./matrix_vector.exe -x build/final_3584x1280x1.xclbin -i build/insts_3584x1280x1.txt -k MLIR_AIE -M 3584 -K 1280 -N 1 -v 2 --warmup 1 --iters 1
Matrix size 3584x1280x1
Sequence instr count: 2832
Loading xclbin: build/final_3584x1280x1.xclbin
Kernel opcode: MLIR_AIE
Name: MLIR_AIE
Registering xclbin: build/final_3584x1280x1.xclbin
Getting hardware context.
Getting handle to kernel:MLIR_AIE
Writing data into buffer objects.
DTYPE_IN  = int16_t
DTYPE_OUT = int16_t
Verification tolerance 0 absolute, 0 relative.
A = 
   13457    -28205    -19666      -205     27690   ...   -27895     26930    -21440      6434     10718  
  -30406      5972      8420    -23045      5725   ...     4569     -7735     23942      3905    -15435  
   12793     24534     22596     29156      3283   ...   -16984      2790    -11058     32289    -27586  
   27802     20057     26289     15090     -4363   ...    -6885     29354    -15217    -14490     26568  
   22519    -24617    -27476    -16322    -16138   ...    11958     18394     -3666    -14297    -12951  
    ...       ...       ...       ...       ...    ...     ...       ...       ...       ...       ...   
   28496    -29286    -10369     12808     30790   ...    11268     32685     21359    -30912    -18891  
   26956    -16308    -26879     29423    -29770   ...   -20898     31103       857      3731    -14187  
   20956      -423     25152     15231     26881   ...   -10964     30273      1924     -8382    -15596  
   -1004      -251    -13531    -23760     26842   ...     7226    -18565     -5648     27826     19071  
   -5248    -31011    -26668     -2212    -10548   ...    29148    -25147     -2266    -21254    -31597  
B = 
   24208  
  -21979  
   11652  
   -2831  
   29007  
    ...   
   18520  
   27208  
  -28620  
  -14989  
   27890  
Running Kernel (iteration 0).
Running Kernel (iteration 1).
Verifying against reference matmul ...
Verify time: 0.00 s.

Avg NPU matmul time: 1073.00us.
Avg NPU gflops: 8.55

Min NPU matmul time: 1073.00us.
Max NPU gflops: 8.55

Max NPU matmul time: 1073.00us.
Min NPU gflops: 8.55

PASS!

rm -rf tmpTrace parse*.json trace*json trace.txt
rm -rf build _build matrix_vector.exe
mkdir -p build
python3 /home/adam/mlir-aie/programming_examples/basic/matrix_multiplication/matrix_vector_4x4/matrix_vector.py --dev npu -M 3584 -K 1536 -N 1 --dtype_in i16 --dtype_out i16 --trace_size 0 > build/aie_3584x1536x1.mlir
mkdir -p build
cd build && /home/adam/mlir-aie/ironenv/lib/python3.12/site-packages/llvm-aie/bin/clang++ -O2 -std=c++20 --target=aie2-none-unknown-elf -Wno-parentheses -Wno-attributes -Wno-macro-redefined -Wno-empty-body -DNDEBUG -I /home/adam/mlir-aie/ironenv/lib/python3.12/site-packages/mlir_aie/include  -DBIT_WIDTH=8 -DDIM_M=32 -DDIM_K=32 -c /home/adam/mlir-aie/programming_examples/basic/matrix_multiplication/matrix_vector_4x4/../../../../aie_kernels/aie2/mv.cc -o mv_32x32.o
mkdir -p build
cd build && aiecc.py --alloc-scheme=basic-sequential --aie-generate-xclbin --no-compile-host --xclbin-name=final_3584x1536x1.xclbin \
			 --no-xchesscc --no-xbridge --peano /home/adam/mlir-aie/ironenv/lib/python3.12/site-packages/llvm-aie \
			--aie-generate-npu-insts --npu-insts-name=insts_3584x1536x1.txt ../build/aie_3584x1536x1.mlir


****** Bootgen v2024.1
  **** Build date : Apr 22 2025-04:12:47
    ** Copyright 1986-2022 Xilinx, Inc. All Rights Reserved.
    ** Copyright 2022-2024 Advanced Micro Devices, Inc. All Rights Reserved.


[INFO]   : Bootimage generated successfully

Info: Embedded Metadata section is missing project.platform.device.core element, adding it.
Found xchesscc at /home/adam/libraries/vitis_aie_essential
 AIE Compilation: ━━━━━━━━━━━━━━━━━━━━━━━━━━    94% 0:00:01 0:00:01 16/17 4 Workers
Generating: /home/adam/mlir-aie/programming_examples/basic/matrix_multiplication/matrix_vector_4x4/build/aie_3584x1536x1.mlir.prj/aie_cdo_elfs.bin
Generating: /home/adam/mlir-aie/programming_examples/basic/matrix_multiplication/matrix_vector_4x4/build/aie_3584x1536x1.mlir.prj/aie_cdo_init.bin
Generating: /home/adam/mlir-aie/programming_examples/basic/matrix_multiplication/matrix_vector_4x4/build/aie_3584x1536x1.mlir.prj/aie_cdo_enable.bin
rm -rf _build
mkdir -p _build
cd _build &&  cmake -E env CXXFLAGS="-std=c++23 -ggdb -DDTYPE_IN=int16_t -DDTYPE_OUT=int16_t -DDTYPE_ACC=int16_t" \
	cmake /home/adam/mlir-aie/programming_examples/basic/matrix_multiplication/matrix_vector_4x4/.. -D CMAKE_C_COMPILER=gcc-13 -D CMAKE_CXX_COMPILER=g++-13 -DTARGET_NAME=matrix_vector -Dsubdir=matrix_vector
CMake Deprecation Warning at CMakeLists.txt:13 (cmake_minimum_required):
  Compatibility with CMake < 3.10 will be removed from a future version of
  CMake.

  Update the VERSION argument <min> value.  Or, use the <min>...<max> syntax
  to tell CMake that the project requires at least <min> but has been updated
  to work with policies introduced by <max> or earlier.


-- The C compiler identification is GNU 13.3.0
-- The CXX compiler identification is GNU 13.3.0
-- Detecting C compiler ABI info
-- Detecting C compiler ABI info - done
-- Check for working C compiler: /usr/bin/gcc-13 - skipped
-- Detecting C compile features
-- Detecting C compile features - done
-- Detecting CXX compiler ABI info
-- Detecting CXX compiler ABI info - done
-- Check for working CXX compiler: /usr/bin/g++-13 - skipped
-- Detecting CXX compile features
-- Detecting CXX compile features - done
-- Configuring done (0.3s)
-- Generating done (0.0s)
-- Build files have been written to: /home/adam/mlir-aie/programming_examples/basic/matrix_multiplication/matrix_vector_4x4/_build
cd _build &&  cmake --build . --config Release
gmake[1]: Entering directory '/home/adam/mlir-aie/programming_examples/basic/matrix_multiplication/matrix_vector_4x4/_build'
gmake[2]: Entering directory '/home/adam/mlir-aie/programming_examples/basic/matrix_multiplication/matrix_vector_4x4/_build'
gmake[3]: Entering directory '/home/adam/mlir-aie/programming_examples/basic/matrix_multiplication/matrix_vector_4x4/_build'
gmake[3]: Leaving directory '/home/adam/mlir-aie/programming_examples/basic/matrix_multiplication/matrix_vector_4x4/_build'
gmake[3]: Entering directory '/home/adam/mlir-aie/programming_examples/basic/matrix_multiplication/matrix_vector_4x4/_build'
[ 33%] Building CXX object CMakeFiles/matrix_vector.dir/home/adam/mlir-aie/runtime_lib/test_lib/test_utils.cpp.o
[ 66%] Building CXX object CMakeFiles/matrix_vector.dir/matrix_vector/test.cpp.o
[100%] Linking CXX executable matrix_vector
gmake[3]: Leaving directory '/home/adam/mlir-aie/programming_examples/basic/matrix_multiplication/matrix_vector_4x4/_build'
[100%] Built target matrix_vector
gmake[2]: Leaving directory '/home/adam/mlir-aie/programming_examples/basic/matrix_multiplication/matrix_vector_4x4/_build'
gmake[1]: Leaving directory '/home/adam/mlir-aie/programming_examples/basic/matrix_multiplication/matrix_vector_4x4/_build'
cp _build/matrix_vector matrix_vector.exe 
export XRT_HACK_UNSECURE_LOADING_XCLBIN=1 && \
 ./matrix_vector.exe -x build/final_3584x1536x1.xclbin -i build/insts_3584x1536x1.txt -k MLIR_AIE -M 3584 -K 1536 -N 1 -v 2 --warmup 1 --iters 1
Matrix size 3584x1536x1
Sequence instr count: 2832
Loading xclbin: build/final_3584x1536x1.xclbin
Kernel opcode: MLIR_AIE
Name: MLIR_AIE
Registering xclbin: build/final_3584x1536x1.xclbin
Getting hardware context.
Getting handle to kernel:MLIR_AIE
Writing data into buffer objects.
DTYPE_IN  = int16_t
DTYPE_OUT = int16_t
Verification tolerance 0 absolute, 0 relative.
A = 
   13457    -28205    -19666      -205     27690   ...     1142    -17068    -29328      2901     31216  
  -29798      9724    -21391     -7037      -616   ...    12253     19015    -31779    -15583     30261  
  -27185    -27058    -18100    -26436     10876   ...    11950    -25277    -22695     19736      3576  
  -23340      6832    -15019     24934    -24835   ...    22623      7961    -20902     -8833     -9951  
   10422      7551     13156    -16341     32222   ...    29876     18072    -19890    -12283    -25212  
    ...       ...       ...       ...       ...    ...     ...       ...       ...       ...       ...   
  -10740    -20677     28703     -3527    -31482   ...   -11272      9432     15922    -27013    -25023  
   -2404     29146      -359     -2881    -19094   ...    22378    -29853     -7573     -9160     17734  
  -16422     10666     -4037    -21733     27620   ...   -15468     23475    -21049    -14336      1974  
   24492     32301     18655     13218     32539   ...    29235      5495     -8409    -22921     12076  
  -24502     -7359    -24200    -12427     24225   ...   -31506     12436    -24625      1283     13932  
B = 
   19721  
  -28497  
   17809  
  -27482  
  -11666  
    ...   
  -12857  
   31809  
   22538  
   -7154  
   22164  
Running Kernel (iteration 0).
Running Kernel (iteration 1).
Verifying against reference matmul ...
Verify time: 0.00 s.

Avg NPU matmul time: 1454.00us.
Avg NPU gflops: 7.57

Min NPU matmul time: 1454.00us.
Max NPU gflops: 7.57

Max NPU matmul time: 1454.00us.
Min NPU gflops: 7.57

PASS!

rm -rf tmpTrace parse*.json trace*json trace.txt
rm -rf build _build matrix_vector.exe
mkdir -p build
python3 /home/adam/mlir-aie/programming_examples/basic/matrix_multiplication/matrix_vector_4x4/matrix_vector.py --dev npu -M 3584 -K 1792 -N 1 --dtype_in i16 --dtype_out i16 --trace_size 0 > build/aie_3584x1792x1.mlir
mkdir -p build
cd build && /home/adam/mlir-aie/ironenv/lib/python3.12/site-packages/llvm-aie/bin/clang++ -O2 -std=c++20 --target=aie2-none-unknown-elf -Wno-parentheses -Wno-attributes -Wno-macro-redefined -Wno-empty-body -DNDEBUG -I /home/adam/mlir-aie/ironenv/lib/python3.12/site-packages/mlir_aie/include  -DBIT_WIDTH=8 -DDIM_M=32 -DDIM_K=32 -c /home/adam/mlir-aie/programming_examples/basic/matrix_multiplication/matrix_vector_4x4/../../../../aie_kernels/aie2/mv.cc -o mv_32x32.o
mkdir -p build
cd build && aiecc.py --alloc-scheme=basic-sequential --aie-generate-xclbin --no-compile-host --xclbin-name=final_3584x1792x1.xclbin \
			 --no-xchesscc --no-xbridge --peano /home/adam/mlir-aie/ironenv/lib/python3.12/site-packages/llvm-aie \
			--aie-generate-npu-insts --npu-insts-name=insts_3584x1792x1.txt ../build/aie_3584x1792x1.mlir


****** Bootgen v2024.1
  **** Build date : Apr 22 2025-04:12:47
    ** Copyright 1986-2022 Xilinx, Inc. All Rights Reserved.
    ** Copyright 2022-2024 Advanced Micro Devices, Inc. All Rights Reserved.


[INFO]   : Bootimage generated successfully

Info: Embedded Metadata section is missing project.platform.device.core element, adding it.
Found xchesscc at /home/adam/libraries/vitis_aie_essential
 AIE Compilation: ━━━━━━━━━━━━━━━━━━━━━━━━━━    94% 0:00:01 0:00:01 16/17 4 Workers
Generating: /home/adam/mlir-aie/programming_examples/basic/matrix_multiplication/matrix_vector_4x4/build/aie_3584x1792x1.mlir.prj/aie_cdo_elfs.bin
Generating: /home/adam/mlir-aie/programming_examples/basic/matrix_multiplication/matrix_vector_4x4/build/aie_3584x1792x1.mlir.prj/aie_cdo_init.bin
Generating: /home/adam/mlir-aie/programming_examples/basic/matrix_multiplication/matrix_vector_4x4/build/aie_3584x1792x1.mlir.prj/aie_cdo_enable.bin
rm -rf _build
mkdir -p _build
cd _build &&  cmake -E env CXXFLAGS="-std=c++23 -ggdb -DDTYPE_IN=int16_t -DDTYPE_OUT=int16_t -DDTYPE_ACC=int16_t" \
	cmake /home/adam/mlir-aie/programming_examples/basic/matrix_multiplication/matrix_vector_4x4/.. -D CMAKE_C_COMPILER=gcc-13 -D CMAKE_CXX_COMPILER=g++-13 -DTARGET_NAME=matrix_vector -Dsubdir=matrix_vector
CMake Deprecation Warning at CMakeLists.txt:13 (cmake_minimum_required):
  Compatibility with CMake < 3.10 will be removed from a future version of
  CMake.

  Update the VERSION argument <min> value.  Or, use the <min>...<max> syntax
  to tell CMake that the project requires at least <min> but has been updated
  to work with policies introduced by <max> or earlier.


-- The C compiler identification is GNU 13.3.0
-- The CXX compiler identification is GNU 13.3.0
-- Detecting C compiler ABI info
-- Detecting C compiler ABI info - done
-- Check for working C compiler: /usr/bin/gcc-13 - skipped
-- Detecting C compile features
-- Detecting C compile features - done
-- Detecting CXX compiler ABI info
-- Detecting CXX compiler ABI info - done
-- Check for working CXX compiler: /usr/bin/g++-13 - skipped
-- Detecting CXX compile features
-- Detecting CXX compile features - done
-- Configuring done (0.3s)
-- Generating done (0.0s)
-- Build files have been written to: /home/adam/mlir-aie/programming_examples/basic/matrix_multiplication/matrix_vector_4x4/_build
cd _build &&  cmake --build . --config Release
gmake[1]: Entering directory '/home/adam/mlir-aie/programming_examples/basic/matrix_multiplication/matrix_vector_4x4/_build'
gmake[2]: Entering directory '/home/adam/mlir-aie/programming_examples/basic/matrix_multiplication/matrix_vector_4x4/_build'
gmake[3]: Entering directory '/home/adam/mlir-aie/programming_examples/basic/matrix_multiplication/matrix_vector_4x4/_build'
gmake[3]: Leaving directory '/home/adam/mlir-aie/programming_examples/basic/matrix_multiplication/matrix_vector_4x4/_build'
gmake[3]: Entering directory '/home/adam/mlir-aie/programming_examples/basic/matrix_multiplication/matrix_vector_4x4/_build'
[ 33%] Building CXX object CMakeFiles/matrix_vector.dir/home/adam/mlir-aie/runtime_lib/test_lib/test_utils.cpp.o
[ 66%] Building CXX object CMakeFiles/matrix_vector.dir/matrix_vector/test.cpp.o
[100%] Linking CXX executable matrix_vector
gmake[3]: Leaving directory '/home/adam/mlir-aie/programming_examples/basic/matrix_multiplication/matrix_vector_4x4/_build'
[100%] Built target matrix_vector
gmake[2]: Leaving directory '/home/adam/mlir-aie/programming_examples/basic/matrix_multiplication/matrix_vector_4x4/_build'
gmake[1]: Leaving directory '/home/adam/mlir-aie/programming_examples/basic/matrix_multiplication/matrix_vector_4x4/_build'
cp _build/matrix_vector matrix_vector.exe 
export XRT_HACK_UNSECURE_LOADING_XCLBIN=1 && \
 ./matrix_vector.exe -x build/final_3584x1792x1.xclbin -i build/insts_3584x1792x1.txt -k MLIR_AIE -M 3584 -K 1792 -N 1 -v 2 --warmup 1 --iters 1
Matrix size 3584x1792x1
Sequence instr count: 2832
Loading xclbin: build/final_3584x1792x1.xclbin
Kernel opcode: MLIR_AIE
Name: MLIR_AIE
Registering xclbin: build/final_3584x1792x1.xclbin
Getting hardware context.
Getting handle to kernel:MLIR_AIE
Writing data into buffer objects.
DTYPE_IN  = int16_t
DTYPE_OUT = int16_t
Verification tolerance 0 absolute, 0 relative.
A = 
   13457    -28205    -19666      -205     27690   ...   -26500     18204    -30790     16385     11310  
   -6079    -21280     23624     16276    -25475   ...   -16215     -7445     24823     -3592    -29401  
  -19727    -10493     -6400    -21983     23367   ...    -1499      2831    -18206     12888     11022  
   17017     -4003     22352       750     -3608   ...   -27285     25613    -12121    -14906     19522  
    6246      -530    -21554    -24320      8726   ...     9498    -27014    -10486    -30237     29033  
    ...       ...       ...       ...       ...    ...     ...       ...       ...       ...       ...   
   12985     -1466      5147    -32042    -29778   ...    18773    -16881      5119     16075      3669  
   31438     15530     21392    -28167    -19315   ...   -13124     23794     26838      9630     17936  
   31937    -16339     23774     25799     26834   ...   -29508    -26801      6769    -31346     31372  
  -28413     10913    -27668      2842     21933   ...    16512     29454    -32172     28768      5115  
   23603     30237       -63    -17815     -2217   ...   -23693     15272    -15889    -25407    -27660  
B = 
  -31022  
   26852  
  -22032  
   19430  
   29965  
    ...   
  -11535  
  -14952  
  -25363  
   -9741  
    8886  
Running Kernel (iteration 0).
Running Kernel (iteration 1).
Verifying against reference matmul ...
Verify time: 0.00 s.

Avg NPU matmul time: 1285.00us.
Avg NPU gflops: 10.00

Min NPU matmul time: 1285.00us.
Max NPU gflops: 10.00

Max NPU matmul time: 1285.00us.
Min NPU gflops: 10.00

PASS!

rm -rf tmpTrace parse*.json trace*json trace.txt
rm -rf build _build matrix_vector.exe
mkdir -p build
python3 /home/adam/mlir-aie/programming_examples/basic/matrix_multiplication/matrix_vector_4x4/matrix_vector.py --dev npu -M 3584 -K 2048 -N 1 --dtype_in i16 --dtype_out i16 --trace_size 0 > build/aie_3584x2048x1.mlir
mkdir -p build
cd build && /home/adam/mlir-aie/ironenv/lib/python3.12/site-packages/llvm-aie/bin/clang++ -O2 -std=c++20 --target=aie2-none-unknown-elf -Wno-parentheses -Wno-attributes -Wno-macro-redefined -Wno-empty-body -DNDEBUG -I /home/adam/mlir-aie/ironenv/lib/python3.12/site-packages/mlir_aie/include  -DBIT_WIDTH=8 -DDIM_M=32 -DDIM_K=32 -c /home/adam/mlir-aie/programming_examples/basic/matrix_multiplication/matrix_vector_4x4/../../../../aie_kernels/aie2/mv.cc -o mv_32x32.o
mkdir -p build
cd build && aiecc.py --alloc-scheme=basic-sequential --aie-generate-xclbin --no-compile-host --xclbin-name=final_3584x2048x1.xclbin \
			 --no-xchesscc --no-xbridge --peano /home/adam/mlir-aie/ironenv/lib/python3.12/site-packages/llvm-aie \
			--aie-generate-npu-insts --npu-insts-name=insts_3584x2048x1.txt ../build/aie_3584x2048x1.mlir


****** Bootgen v2024.1
  **** Build date : Apr 22 2025-04:12:47
    ** Copyright 1986-2022 Xilinx, Inc. All Rights Reserved.
    ** Copyright 2022-2024 Advanced Micro Devices, Inc. All Rights Reserved.


[INFO]   : Bootimage generated successfully

Info: Embedded Metadata section is missing project.platform.device.core element, adding it.
Found xchesscc at /home/adam/libraries/vitis_aie_essential
 AIE Compilation: ━━━━━━━━━━━━━━━━━━━━━━━━━━    94% 0:00:01 0:00:01 16/17 4 Workers
Generating: /home/adam/mlir-aie/programming_examples/basic/matrix_multiplication/matrix_vector_4x4/build/aie_3584x2048x1.mlir.prj/aie_cdo_elfs.bin
Generating: /home/adam/mlir-aie/programming_examples/basic/matrix_multiplication/matrix_vector_4x4/build/aie_3584x2048x1.mlir.prj/aie_cdo_init.bin
Generating: /home/adam/mlir-aie/programming_examples/basic/matrix_multiplication/matrix_vector_4x4/build/aie_3584x2048x1.mlir.prj/aie_cdo_enable.bin
rm -rf _build
mkdir -p _build
cd _build &&  cmake -E env CXXFLAGS="-std=c++23 -ggdb -DDTYPE_IN=int16_t -DDTYPE_OUT=int16_t -DDTYPE_ACC=int16_t" \
	cmake /home/adam/mlir-aie/programming_examples/basic/matrix_multiplication/matrix_vector_4x4/.. -D CMAKE_C_COMPILER=gcc-13 -D CMAKE_CXX_COMPILER=g++-13 -DTARGET_NAME=matrix_vector -Dsubdir=matrix_vector
CMake Deprecation Warning at CMakeLists.txt:13 (cmake_minimum_required):
  Compatibility with CMake < 3.10 will be removed from a future version of
  CMake.

  Update the VERSION argument <min> value.  Or, use the <min>...<max> syntax
  to tell CMake that the project requires at least <min> but has been updated
  to work with policies introduced by <max> or earlier.


-- The C compiler identification is GNU 13.3.0
-- The CXX compiler identification is GNU 13.3.0
-- Detecting C compiler ABI info
-- Detecting C compiler ABI info - done
-- Check for working C compiler: /usr/bin/gcc-13 - skipped
-- Detecting C compile features
-- Detecting C compile features - done
-- Detecting CXX compiler ABI info
-- Detecting CXX compiler ABI info - done
-- Check for working CXX compiler: /usr/bin/g++-13 - skipped
-- Detecting CXX compile features
-- Detecting CXX compile features - done
-- Configuring done (0.3s)
-- Generating done (0.0s)
-- Build files have been written to: /home/adam/mlir-aie/programming_examples/basic/matrix_multiplication/matrix_vector_4x4/_build
cd _build &&  cmake --build . --config Release
gmake[1]: Entering directory '/home/adam/mlir-aie/programming_examples/basic/matrix_multiplication/matrix_vector_4x4/_build'
gmake[2]: Entering directory '/home/adam/mlir-aie/programming_examples/basic/matrix_multiplication/matrix_vector_4x4/_build'
gmake[3]: Entering directory '/home/adam/mlir-aie/programming_examples/basic/matrix_multiplication/matrix_vector_4x4/_build'
gmake[3]: Leaving directory '/home/adam/mlir-aie/programming_examples/basic/matrix_multiplication/matrix_vector_4x4/_build'
gmake[3]: Entering directory '/home/adam/mlir-aie/programming_examples/basic/matrix_multiplication/matrix_vector_4x4/_build'
[ 33%] Building CXX object CMakeFiles/matrix_vector.dir/home/adam/mlir-aie/runtime_lib/test_lib/test_utils.cpp.o
[ 66%] Building CXX object CMakeFiles/matrix_vector.dir/matrix_vector/test.cpp.o
[100%] Linking CXX executable matrix_vector
gmake[3]: Leaving directory '/home/adam/mlir-aie/programming_examples/basic/matrix_multiplication/matrix_vector_4x4/_build'
[100%] Built target matrix_vector
gmake[2]: Leaving directory '/home/adam/mlir-aie/programming_examples/basic/matrix_multiplication/matrix_vector_4x4/_build'
gmake[1]: Leaving directory '/home/adam/mlir-aie/programming_examples/basic/matrix_multiplication/matrix_vector_4x4/_build'
cp _build/matrix_vector matrix_vector.exe 
export XRT_HACK_UNSECURE_LOADING_XCLBIN=1 && \
 ./matrix_vector.exe -x build/final_3584x2048x1.xclbin -i build/insts_3584x2048x1.txt -k MLIR_AIE -M 3584 -K 2048 -N 1 -v 2 --warmup 1 --iters 1
Matrix size 3584x2048x1
Sequence instr count: 2832
Loading xclbin: build/final_3584x2048x1.xclbin
Kernel opcode: MLIR_AIE
Name: MLIR_AIE
Registering xclbin: build/final_3584x2048x1.xclbin
Getting hardware context.
Getting handle to kernel:MLIR_AIE
Writing data into buffer objects.
DTYPE_IN  = int16_t
DTYPE_OUT = int16_t
Verification tolerance 0 absolute, 0 relative.
A = 
   13457    -28205    -19666      -205     27690   ...   -20578      4098    -23419     -7351    -10163  
    5010    -22765    -18207     13956    -18539   ...     9403    -21376    -24766     23857     21679  
  -28747    -14421      8350     25515     20987   ...    22623      7961    -20902     -8833     -9951  
   10422      7551     13156    -16341     32222   ...   -19013     -9651    -16592     23388     19710  
   19875     27255    -32144    -31314    -10181   ...     -138      9353    -16851        47     13122  
    ...       ...       ...       ...       ...    ...     ...       ...       ...       ...       ...   
  -21447      7407     -9550    -14917     16997   ...   -32105     29078     -4296     20157    -17850  
   -9526      4779      3146     10683     -6095   ...   -14768    -11720     24634    -14505      2904  
   15609     -2336    -25941     25720    -15927   ...    21111     10893     28159    -14779    -27769  
   27212     15200      7884     -5604     17139   ...   -22401      6309    -21986     14230      9795  
   -8964     -9392      -837      6583    -19381   ...   -19293    -31581       285     11707    -19459  
B = 
   31105  
    1683  
  -16370  
     169  
   30391  
    ...   
    9540  
   11828  
   -9531  
  -10063  
  -27572  
Running Kernel (iteration 0).
Running Kernel (iteration 1).
Verifying against reference matmul ...
Verify time: 0.00 s.

Avg NPU matmul time: 1790.00us.
Avg NPU gflops: 8.20

Min NPU matmul time: 1790.00us.
Max NPU gflops: 8.20

Max NPU matmul time: 1790.00us.
Min NPU gflops: 8.20

PASS!

rm -rf tmpTrace parse*.json trace*json trace.txt
rm -rf build _build matrix_vector.exe
mkdir -p build
python3 /home/adam/mlir-aie/programming_examples/basic/matrix_multiplication/matrix_vector_4x4/matrix_vector.py --dev npu -M 4096 -K 256 -N 1 --dtype_in i16 --dtype_out i16 --trace_size 0 > build/aie_4096x256x1.mlir
mkdir -p build
cd build && /home/adam/mlir-aie/ironenv/lib/python3.12/site-packages/llvm-aie/bin/clang++ -O2 -std=c++20 --target=aie2-none-unknown-elf -Wno-parentheses -Wno-attributes -Wno-macro-redefined -Wno-empty-body -DNDEBUG -I /home/adam/mlir-aie/ironenv/lib/python3.12/site-packages/mlir_aie/include  -DBIT_WIDTH=8 -DDIM_M=32 -DDIM_K=32 -c /home/adam/mlir-aie/programming_examples/basic/matrix_multiplication/matrix_vector_4x4/../../../../aie_kernels/aie2/mv.cc -o mv_32x32.o
mkdir -p build
cd build && aiecc.py --alloc-scheme=basic-sequential --aie-generate-xclbin --no-compile-host --xclbin-name=final_4096x256x1.xclbin \
			 --no-xchesscc --no-xbridge --peano /home/adam/mlir-aie/ironenv/lib/python3.12/site-packages/llvm-aie \
			--aie-generate-npu-insts --npu-insts-name=insts_4096x256x1.txt ../build/aie_4096x256x1.mlir


****** Bootgen v2024.1
  **** Build date : Apr 22 2025-04:12:47
    ** Copyright 1986-2022 Xilinx, Inc. All Rights Reserved.
    ** Copyright 2022-2024 Advanced Micro Devices, Inc. All Rights Reserved.


[INFO]   : Bootimage generated successfully

Info: Embedded Metadata section is missing project.platform.device.core element, adding it.
Found xchesscc at /home/adam/libraries/vitis_aie_essential
 AIE Compilation: ━━━━━━━━━━━━━━━━━━━━━━━━━━    94% 0:00:01 0:00:01 16/17 4 Workers
Generating: /home/adam/mlir-aie/programming_examples/basic/matrix_multiplication/matrix_vector_4x4/build/aie_4096x256x1.mlir.prj/aie_cdo_elfs.bin
Generating: /home/adam/mlir-aie/programming_examples/basic/matrix_multiplication/matrix_vector_4x4/build/aie_4096x256x1.mlir.prj/aie_cdo_init.bin
Generating: /home/adam/mlir-aie/programming_examples/basic/matrix_multiplication/matrix_vector_4x4/build/aie_4096x256x1.mlir.prj/aie_cdo_enable.bin
rm -rf _build
mkdir -p _build
cd _build &&  cmake -E env CXXFLAGS="-std=c++23 -ggdb -DDTYPE_IN=int16_t -DDTYPE_OUT=int16_t -DDTYPE_ACC=int16_t" \
	cmake /home/adam/mlir-aie/programming_examples/basic/matrix_multiplication/matrix_vector_4x4/.. -D CMAKE_C_COMPILER=gcc-13 -D CMAKE_CXX_COMPILER=g++-13 -DTARGET_NAME=matrix_vector -Dsubdir=matrix_vector
CMake Deprecation Warning at CMakeLists.txt:13 (cmake_minimum_required):
  Compatibility with CMake < 3.10 will be removed from a future version of
  CMake.

  Update the VERSION argument <min> value.  Or, use the <min>...<max> syntax
  to tell CMake that the project requires at least <min> but has been updated
  to work with policies introduced by <max> or earlier.


-- The C compiler identification is GNU 13.3.0
-- The CXX compiler identification is GNU 13.3.0
-- Detecting C compiler ABI info
-- Detecting C compiler ABI info - done
-- Check for working C compiler: /usr/bin/gcc-13 - skipped
-- Detecting C compile features
-- Detecting C compile features - done
-- Detecting CXX compiler ABI info
-- Detecting CXX compiler ABI info - done
-- Check for working CXX compiler: /usr/bin/g++-13 - skipped
-- Detecting CXX compile features
-- Detecting CXX compile features - done
-- Configuring done (0.3s)
-- Generating done (0.0s)
-- Build files have been written to: /home/adam/mlir-aie/programming_examples/basic/matrix_multiplication/matrix_vector_4x4/_build
cd _build &&  cmake --build . --config Release
gmake[1]: Entering directory '/home/adam/mlir-aie/programming_examples/basic/matrix_multiplication/matrix_vector_4x4/_build'
gmake[2]: Entering directory '/home/adam/mlir-aie/programming_examples/basic/matrix_multiplication/matrix_vector_4x4/_build'
gmake[3]: Entering directory '/home/adam/mlir-aie/programming_examples/basic/matrix_multiplication/matrix_vector_4x4/_build'
gmake[3]: Leaving directory '/home/adam/mlir-aie/programming_examples/basic/matrix_multiplication/matrix_vector_4x4/_build'
gmake[3]: Entering directory '/home/adam/mlir-aie/programming_examples/basic/matrix_multiplication/matrix_vector_4x4/_build'
[ 33%] Building CXX object CMakeFiles/matrix_vector.dir/home/adam/mlir-aie/runtime_lib/test_lib/test_utils.cpp.o
[ 66%] Building CXX object CMakeFiles/matrix_vector.dir/matrix_vector/test.cpp.o
[100%] Linking CXX executable matrix_vector
gmake[3]: Leaving directory '/home/adam/mlir-aie/programming_examples/basic/matrix_multiplication/matrix_vector_4x4/_build'
[100%] Built target matrix_vector
gmake[2]: Leaving directory '/home/adam/mlir-aie/programming_examples/basic/matrix_multiplication/matrix_vector_4x4/_build'
gmake[1]: Leaving directory '/home/adam/mlir-aie/programming_examples/basic/matrix_multiplication/matrix_vector_4x4/_build'
cp _build/matrix_vector matrix_vector.exe 
export XRT_HACK_UNSECURE_LOADING_XCLBIN=1 && \
 ./matrix_vector.exe -x build/final_4096x256x1.xclbin -i build/insts_4096x256x1.txt -k MLIR_AIE -M 4096 -K 256 -N 1 -v 2 --warmup 1 --iters 1
Matrix size 4096x256x1
Sequence instr count: 3236
Loading xclbin: build/final_4096x256x1.xclbin
Kernel opcode: MLIR_AIE
Name: MLIR_AIE
Registering xclbin: build/final_4096x256x1.xclbin
Getting hardware context.
Getting handle to kernel:MLIR_AIE
Writing data into buffer objects.
DTYPE_IN  = int16_t
DTYPE_OUT = int16_t
Verification tolerance 0 absolute, 0 relative.
A = 
   13457    -28205    -19666      -205     27690   ...   -15908      2818     13271     20176      1139  
  -22748    -18634    -24352    -28232     16906   ...   -26606     17471     14977     26768    -31858  
  -16861    -29938     14143      4492    -19464   ...     5846     -9503     27819    -21381       133  
  -29481     16407    -19656    -17830      3633   ...   -24288     17254    -27732     13616      9265  
    8270      7756    -21346    -28428      2391   ...   -27895     26930    -21440      6434     10718  
    ...       ...       ...       ...       ...    ...     ...       ...       ...       ...       ...   
  -28606    -29602    -18941    -20887    -31664   ...    19991     28391      2793       557    -14550  
   16130     22753    -11377     22199     26487   ...   -13359      3976     29436     19258     25413  
   13751    -17476    -21108    -20368    -23002   ...     5688    -20543     11222     19522     -1755  
  -29317     23687    -30327      -595     23696   ...    21574      3433    -16240     12947     17791  
  -17372      9543      5996     14248     -3925   ...      673    -25264      3715     30810      6623  
B = 
    8580  
    6182  
    2754  
     994  
   -2450  
    ...   
   -2134  
    5401  
  -23189  
  -13280  
  -29349  
Running Kernel (iteration 0).
Running Kernel (iteration 1).
Verifying against reference matmul ...
Verify time: 0.00 s.

Avg NPU matmul time: 548.00us.
Avg NPU gflops: 3.83

Min NPU matmul time: 548.00us.
Max NPU gflops: 3.83

Max NPU matmul time: 548.00us.
Min NPU gflops: 3.83

PASS!

rm -rf tmpTrace parse*.json trace*json trace.txt
rm -rf build _build matrix_vector.exe
mkdir -p build
python3 /home/adam/mlir-aie/programming_examples/basic/matrix_multiplication/matrix_vector_4x4/matrix_vector.py --dev npu -M 4096 -K 512 -N 1 --dtype_in i16 --dtype_out i16 --trace_size 0 > build/aie_4096x512x1.mlir
mkdir -p build
cd build && /home/adam/mlir-aie/ironenv/lib/python3.12/site-packages/llvm-aie/bin/clang++ -O2 -std=c++20 --target=aie2-none-unknown-elf -Wno-parentheses -Wno-attributes -Wno-macro-redefined -Wno-empty-body -DNDEBUG -I /home/adam/mlir-aie/ironenv/lib/python3.12/site-packages/mlir_aie/include  -DBIT_WIDTH=8 -DDIM_M=32 -DDIM_K=32 -c /home/adam/mlir-aie/programming_examples/basic/matrix_multiplication/matrix_vector_4x4/../../../../aie_kernels/aie2/mv.cc -o mv_32x32.o
mkdir -p build
cd build && aiecc.py --alloc-scheme=basic-sequential --aie-generate-xclbin --no-compile-host --xclbin-name=final_4096x512x1.xclbin \
			 --no-xchesscc --no-xbridge --peano /home/adam/mlir-aie/ironenv/lib/python3.12/site-packages/llvm-aie \
			--aie-generate-npu-insts --npu-insts-name=insts_4096x512x1.txt ../build/aie_4096x512x1.mlir


****** Bootgen v2024.1
  **** Build date : Apr 22 2025-04:12:47
    ** Copyright 1986-2022 Xilinx, Inc. All Rights Reserved.
    ** Copyright 2022-2024 Advanced Micro Devices, Inc. All Rights Reserved.


[INFO]   : Bootimage generated successfully

Info: Embedded Metadata section is missing project.platform.device.core element, adding it.
Found xchesscc at /home/adam/libraries/vitis_aie_essential
 AIE Compilation: ━━━━━━━━━━━━━━━━━━━━━━━━━━    94% 0:00:01 0:00:01 16/17 4 Workers
Generating: /home/adam/mlir-aie/programming_examples/basic/matrix_multiplication/matrix_vector_4x4/build/aie_4096x512x1.mlir.prj/aie_cdo_elfs.bin
Generating: /home/adam/mlir-aie/programming_examples/basic/matrix_multiplication/matrix_vector_4x4/build/aie_4096x512x1.mlir.prj/aie_cdo_init.bin
Generating: /home/adam/mlir-aie/programming_examples/basic/matrix_multiplication/matrix_vector_4x4/build/aie_4096x512x1.mlir.prj/aie_cdo_enable.bin
rm -rf _build
mkdir -p _build
cd _build &&  cmake -E env CXXFLAGS="-std=c++23 -ggdb -DDTYPE_IN=int16_t -DDTYPE_OUT=int16_t -DDTYPE_ACC=int16_t" \
	cmake /home/adam/mlir-aie/programming_examples/basic/matrix_multiplication/matrix_vector_4x4/.. -D CMAKE_C_COMPILER=gcc-13 -D CMAKE_CXX_COMPILER=g++-13 -DTARGET_NAME=matrix_vector -Dsubdir=matrix_vector
CMake Deprecation Warning at CMakeLists.txt:13 (cmake_minimum_required):
  Compatibility with CMake < 3.10 will be removed from a future version of
  CMake.

  Update the VERSION argument <min> value.  Or, use the <min>...<max> syntax
  to tell CMake that the project requires at least <min> but has been updated
  to work with policies introduced by <max> or earlier.


-- The C compiler identification is GNU 13.3.0
-- The CXX compiler identification is GNU 13.3.0
-- Detecting C compiler ABI info
-- Detecting C compiler ABI info - done
-- Check for working C compiler: /usr/bin/gcc-13 - skipped
-- Detecting C compile features
-- Detecting C compile features - done
-- Detecting CXX compiler ABI info
-- Detecting CXX compiler ABI info - done
-- Check for working CXX compiler: /usr/bin/g++-13 - skipped
-- Detecting CXX compile features
-- Detecting CXX compile features - done
-- Configuring done (0.2s)
-- Generating done (0.0s)
-- Build files have been written to: /home/adam/mlir-aie/programming_examples/basic/matrix_multiplication/matrix_vector_4x4/_build
cd _build &&  cmake --build . --config Release
gmake[1]: Entering directory '/home/adam/mlir-aie/programming_examples/basic/matrix_multiplication/matrix_vector_4x4/_build'
gmake[2]: Entering directory '/home/adam/mlir-aie/programming_examples/basic/matrix_multiplication/matrix_vector_4x4/_build'
gmake[3]: Entering directory '/home/adam/mlir-aie/programming_examples/basic/matrix_multiplication/matrix_vector_4x4/_build'
gmake[3]: Leaving directory '/home/adam/mlir-aie/programming_examples/basic/matrix_multiplication/matrix_vector_4x4/_build'
gmake[3]: Entering directory '/home/adam/mlir-aie/programming_examples/basic/matrix_multiplication/matrix_vector_4x4/_build'
[ 33%] Building CXX object CMakeFiles/matrix_vector.dir/home/adam/mlir-aie/runtime_lib/test_lib/test_utils.cpp.o
[ 66%] Building CXX object CMakeFiles/matrix_vector.dir/matrix_vector/test.cpp.o
[100%] Linking CXX executable matrix_vector
gmake[3]: Leaving directory '/home/adam/mlir-aie/programming_examples/basic/matrix_multiplication/matrix_vector_4x4/_build'
[100%] Built target matrix_vector
gmake[2]: Leaving directory '/home/adam/mlir-aie/programming_examples/basic/matrix_multiplication/matrix_vector_4x4/_build'
gmake[1]: Leaving directory '/home/adam/mlir-aie/programming_examples/basic/matrix_multiplication/matrix_vector_4x4/_build'
cp _build/matrix_vector matrix_vector.exe 
export XRT_HACK_UNSECURE_LOADING_XCLBIN=1 && \
 ./matrix_vector.exe -x build/final_4096x512x1.xclbin -i build/insts_4096x512x1.txt -k MLIR_AIE -M 4096 -K 512 -N 1 -v 2 --warmup 1 --iters 1
Matrix size 4096x512x1
Sequence instr count: 3236
Loading xclbin: build/final_4096x512x1.xclbin
Kernel opcode: MLIR_AIE
Name: MLIR_AIE
Registering xclbin: build/final_4096x512x1.xclbin
Getting hardware context.
Getting handle to kernel:MLIR_AIE
Writing data into buffer objects.
DTYPE_IN  = int16_t
DTYPE_OUT = int16_t
Verification tolerance 0 absolute, 0 relative.
A = 
   13457    -28205    -19666      -205     27690   ...   -26606     17471     14977     26768    -31858  
  -16861    -29938     14143      4492    -19464   ...   -24288     17254    -27732     13616      9265  
    8270      7756    -21346    -28428      2391   ...     1142    -17068    -29328      2901     31216  
  -29798      9724    -21391     -7037      -616   ...   -20578      4098    -23419     -7351    -10163  
    5010    -22765    -18207     13956    -18539   ...     4569     -7735     23942      3905    -15435  
    ...       ...       ...       ...       ...    ...     ...       ...       ...       ...       ...   
  -28856    -19007     19032      4076     27332   ...    32169    -17510     -2672      7714    -27269  
    7246     15513      9549    -19088    -10624   ...    10340     20777    -10895      8232      6084  
   19053      9274    -30828     31400    -32016   ...   -27139     24145    -32331    -26299     23246  
  -15597     30216     30073     10233     22054   ...    11096    -17540     21043      2869       769  
   -8458    -18282    -29989    -29896     15599   ...     3823     32185      3886      8569     21169  
B = 
   31547  
   18300  
   21276  
  -13234  
   13738  
    ...   
  -24264  
   10229  
   25808  
    9760  
  -13846  
Running Kernel (iteration 0).
Running Kernel (iteration 1).
Verifying against reference matmul ...
Verify time: 0.00 s.

Avg NPU matmul time: 820.00us.
Avg NPU gflops: 5.12

Min NPU matmul time: 820.00us.
Max NPU gflops: 5.12

Max NPU matmul time: 820.00us.
Min NPU gflops: 5.12

PASS!

rm -rf tmpTrace parse*.json trace*json trace.txt
rm -rf build _build matrix_vector.exe
mkdir -p build
python3 /home/adam/mlir-aie/programming_examples/basic/matrix_multiplication/matrix_vector_4x4/matrix_vector.py --dev npu -M 4096 -K 768 -N 1 --dtype_in i16 --dtype_out i16 --trace_size 0 > build/aie_4096x768x1.mlir
mkdir -p build
cd build && /home/adam/mlir-aie/ironenv/lib/python3.12/site-packages/llvm-aie/bin/clang++ -O2 -std=c++20 --target=aie2-none-unknown-elf -Wno-parentheses -Wno-attributes -Wno-macro-redefined -Wno-empty-body -DNDEBUG -I /home/adam/mlir-aie/ironenv/lib/python3.12/site-packages/mlir_aie/include  -DBIT_WIDTH=8 -DDIM_M=32 -DDIM_K=32 -c /home/adam/mlir-aie/programming_examples/basic/matrix_multiplication/matrix_vector_4x4/../../../../aie_kernels/aie2/mv.cc -o mv_32x32.o
mkdir -p build
cd build && aiecc.py --alloc-scheme=basic-sequential --aie-generate-xclbin --no-compile-host --xclbin-name=final_4096x768x1.xclbin \
			 --no-xchesscc --no-xbridge --peano /home/adam/mlir-aie/ironenv/lib/python3.12/site-packages/llvm-aie \
			--aie-generate-npu-insts --npu-insts-name=insts_4096x768x1.txt ../build/aie_4096x768x1.mlir


****** Bootgen v2024.1
  **** Build date : Apr 22 2025-04:12:47
    ** Copyright 1986-2022 Xilinx, Inc. All Rights Reserved.
    ** Copyright 2022-2024 Advanced Micro Devices, Inc. All Rights Reserved.


[INFO]   : Bootimage generated successfully

Info: Embedded Metadata section is missing project.platform.device.core element, adding it.
Found xchesscc at /home/adam/libraries/vitis_aie_essential
 AIE Compilation: ━━━━━━━━━━━━━━━━━━━━━━━━━━    94% 0:00:01 0:00:01 16/17 4 Workers
Generating: /home/adam/mlir-aie/programming_examples/basic/matrix_multiplication/matrix_vector_4x4/build/aie_4096x768x1.mlir.prj/aie_cdo_elfs.bin
Generating: /home/adam/mlir-aie/programming_examples/basic/matrix_multiplication/matrix_vector_4x4/build/aie_4096x768x1.mlir.prj/aie_cdo_init.bin
Generating: /home/adam/mlir-aie/programming_examples/basic/matrix_multiplication/matrix_vector_4x4/build/aie_4096x768x1.mlir.prj/aie_cdo_enable.bin
rm -rf _build
mkdir -p _build
cd _build &&  cmake -E env CXXFLAGS="-std=c++23 -ggdb -DDTYPE_IN=int16_t -DDTYPE_OUT=int16_t -DDTYPE_ACC=int16_t" \
	cmake /home/adam/mlir-aie/programming_examples/basic/matrix_multiplication/matrix_vector_4x4/.. -D CMAKE_C_COMPILER=gcc-13 -D CMAKE_CXX_COMPILER=g++-13 -DTARGET_NAME=matrix_vector -Dsubdir=matrix_vector
CMake Deprecation Warning at CMakeLists.txt:13 (cmake_minimum_required):
  Compatibility with CMake < 3.10 will be removed from a future version of
  CMake.

  Update the VERSION argument <min> value.  Or, use the <min>...<max> syntax
  to tell CMake that the project requires at least <min> but has been updated
  to work with policies introduced by <max> or earlier.


-- The C compiler identification is GNU 13.3.0
-- The CXX compiler identification is GNU 13.3.0
-- Detecting C compiler ABI info
-- Detecting C compiler ABI info - done
-- Check for working C compiler: /usr/bin/gcc-13 - skipped
-- Detecting C compile features
-- Detecting C compile features - done
-- Detecting CXX compiler ABI info
-- Detecting CXX compiler ABI info - done
-- Check for working CXX compiler: /usr/bin/g++-13 - skipped
-- Detecting CXX compile features
-- Detecting CXX compile features - done
-- Configuring done (0.2s)
-- Generating done (0.0s)
-- Build files have been written to: /home/adam/mlir-aie/programming_examples/basic/matrix_multiplication/matrix_vector_4x4/_build
cd _build &&  cmake --build . --config Release
gmake[1]: Entering directory '/home/adam/mlir-aie/programming_examples/basic/matrix_multiplication/matrix_vector_4x4/_build'
gmake[2]: Entering directory '/home/adam/mlir-aie/programming_examples/basic/matrix_multiplication/matrix_vector_4x4/_build'
gmake[3]: Entering directory '/home/adam/mlir-aie/programming_examples/basic/matrix_multiplication/matrix_vector_4x4/_build'
gmake[3]: Leaving directory '/home/adam/mlir-aie/programming_examples/basic/matrix_multiplication/matrix_vector_4x4/_build'
gmake[3]: Entering directory '/home/adam/mlir-aie/programming_examples/basic/matrix_multiplication/matrix_vector_4x4/_build'
[ 33%] Building CXX object CMakeFiles/matrix_vector.dir/home/adam/mlir-aie/runtime_lib/test_lib/test_utils.cpp.o
[ 66%] Building CXX object CMakeFiles/matrix_vector.dir/matrix_vector/test.cpp.o
[100%] Linking CXX executable matrix_vector
gmake[3]: Leaving directory '/home/adam/mlir-aie/programming_examples/basic/matrix_multiplication/matrix_vector_4x4/_build'
[100%] Built target matrix_vector
gmake[2]: Leaving directory '/home/adam/mlir-aie/programming_examples/basic/matrix_multiplication/matrix_vector_4x4/_build'
gmake[1]: Leaving directory '/home/adam/mlir-aie/programming_examples/basic/matrix_multiplication/matrix_vector_4x4/_build'
cp _build/matrix_vector matrix_vector.exe 
export XRT_HACK_UNSECURE_LOADING_XCLBIN=1 && \
 ./matrix_vector.exe -x build/final_4096x768x1.xclbin -i build/insts_4096x768x1.txt -k MLIR_AIE -M 4096 -K 768 -N 1 -v 2 --warmup 1 --iters 1
Matrix size 4096x768x1
Sequence instr count: 3236
Loading xclbin: build/final_4096x768x1.xclbin
Kernel opcode: MLIR_AIE
Name: MLIR_AIE
Registering xclbin: build/final_4096x768x1.xclbin
Getting hardware context.
Getting handle to kernel:MLIR_AIE
Writing data into buffer objects.
DTYPE_IN  = int16_t
DTYPE_OUT = int16_t
Verification tolerance 0 absolute, 0 relative.
A = 
   13457    -28205    -19666      -205     27690   ...     5846     -9503     27819    -21381       133  
  -29481     16407    -19656    -17830      3633   ...     1142    -17068    -29328      2901     31216  
  -29798      9724    -21391     -7037      -616   ...    21033      5350     18215     32222    -28924  
   10888    -27895     19240      6512      7256   ...    12253     19015    -31779    -15583     30261  
  -27185    -27058    -18100    -26436     10876   ...   -16984      2790    -11058     32289    -27586  
    ...       ...       ...       ...       ...    ...     ...       ...       ...       ...       ...   
  -22539    -17262     27826      2203     20649   ...    -6725     25551    -17922     -3855    -10892  
  -28362      8541    -12314    -23625     17812   ...    11705     16449     15648    -13200    -27449  
    8547       401    -21173     24096    -18143   ...    30956    -24267    -16039      1789     16056  
  -13494    -20389     -4568     -8519    -24895   ...    20578      8223    -32022     22048     -5394  
  -14575     13410      3600     11640    -10599   ...     9738    -14711     20357     25342     26304  
B = 
  -16000  
  -30945  
   -8120  
  -28648  
  -13944  
    ...   
   -5654  
    -117  
   20037  
   20883  
   13329  
Running Kernel (iteration 0).
Running Kernel (iteration 1).
Verifying against reference matmul ...
Verify time: 0.00 s.

Avg NPU matmul time: 954.00us.
Avg NPU gflops: 6.59

Min NPU matmul time: 954.00us.
Max NPU gflops: 6.59

Max NPU matmul time: 954.00us.
Min NPU gflops: 6.59

PASS!

rm -rf tmpTrace parse*.json trace*json trace.txt
rm -rf build _build matrix_vector.exe
mkdir -p build
python3 /home/adam/mlir-aie/programming_examples/basic/matrix_multiplication/matrix_vector_4x4/matrix_vector.py --dev npu -M 4096 -K 1024 -N 1 --dtype_in i16 --dtype_out i16 --trace_size 0 > build/aie_4096x1024x1.mlir
mkdir -p build
cd build && /home/adam/mlir-aie/ironenv/lib/python3.12/site-packages/llvm-aie/bin/clang++ -O2 -std=c++20 --target=aie2-none-unknown-elf -Wno-parentheses -Wno-attributes -Wno-macro-redefined -Wno-empty-body -DNDEBUG -I /home/adam/mlir-aie/ironenv/lib/python3.12/site-packages/mlir_aie/include  -DBIT_WIDTH=8 -DDIM_M=32 -DDIM_K=32 -c /home/adam/mlir-aie/programming_examples/basic/matrix_multiplication/matrix_vector_4x4/../../../../aie_kernels/aie2/mv.cc -o mv_32x32.o
mkdir -p build
cd build && aiecc.py --alloc-scheme=basic-sequential --aie-generate-xclbin --no-compile-host --xclbin-name=final_4096x1024x1.xclbin \
			 --no-xchesscc --no-xbridge --peano /home/adam/mlir-aie/ironenv/lib/python3.12/site-packages/llvm-aie \
			--aie-generate-npu-insts --npu-insts-name=insts_4096x1024x1.txt ../build/aie_4096x1024x1.mlir


****** Bootgen v2024.1
  **** Build date : Apr 22 2025-04:12:47
    ** Copyright 1986-2022 Xilinx, Inc. All Rights Reserved.
    ** Copyright 2022-2024 Advanced Micro Devices, Inc. All Rights Reserved.


[INFO]   : Bootimage generated successfully

Info: Embedded Metadata section is missing project.platform.device.core element, adding it.
Found xchesscc at /home/adam/libraries/vitis_aie_essential
 AIE Compilation: ━━━━━━━━━━━━━━━━━━━━━━━━━━    94% 0:00:01 0:00:01 16/17 4 Workers
Generating: /home/adam/mlir-aie/programming_examples/basic/matrix_multiplication/matrix_vector_4x4/build/aie_4096x1024x1.mlir.prj/aie_cdo_elfs.bin
Generating: /home/adam/mlir-aie/programming_examples/basic/matrix_multiplication/matrix_vector_4x4/build/aie_4096x1024x1.mlir.prj/aie_cdo_init.bin
Generating: /home/adam/mlir-aie/programming_examples/basic/matrix_multiplication/matrix_vector_4x4/build/aie_4096x1024x1.mlir.prj/aie_cdo_enable.bin
rm -rf _build
mkdir -p _build
cd _build &&  cmake -E env CXXFLAGS="-std=c++23 -ggdb -DDTYPE_IN=int16_t -DDTYPE_OUT=int16_t -DDTYPE_ACC=int16_t" \
	cmake /home/adam/mlir-aie/programming_examples/basic/matrix_multiplication/matrix_vector_4x4/.. -D CMAKE_C_COMPILER=gcc-13 -D CMAKE_CXX_COMPILER=g++-13 -DTARGET_NAME=matrix_vector -Dsubdir=matrix_vector
CMake Deprecation Warning at CMakeLists.txt:13 (cmake_minimum_required):
  Compatibility with CMake < 3.10 will be removed from a future version of
  CMake.

  Update the VERSION argument <min> value.  Or, use the <min>...<max> syntax
  to tell CMake that the project requires at least <min> but has been updated
  to work with policies introduced by <max> or earlier.


-- The C compiler identification is GNU 13.3.0
-- The CXX compiler identification is GNU 13.3.0
-- Detecting C compiler ABI info
-- Detecting C compiler ABI info - done
-- Check for working C compiler: /usr/bin/gcc-13 - skipped
-- Detecting C compile features
-- Detecting C compile features - done
-- Detecting CXX compiler ABI info
-- Detecting CXX compiler ABI info - done
-- Check for working CXX compiler: /usr/bin/g++-13 - skipped
-- Detecting CXX compile features
-- Detecting CXX compile features - done
-- Configuring done (0.2s)
-- Generating done (0.0s)
-- Build files have been written to: /home/adam/mlir-aie/programming_examples/basic/matrix_multiplication/matrix_vector_4x4/_build
cd _build &&  cmake --build . --config Release
gmake[1]: Entering directory '/home/adam/mlir-aie/programming_examples/basic/matrix_multiplication/matrix_vector_4x4/_build'
gmake[2]: Entering directory '/home/adam/mlir-aie/programming_examples/basic/matrix_multiplication/matrix_vector_4x4/_build'
gmake[3]: Entering directory '/home/adam/mlir-aie/programming_examples/basic/matrix_multiplication/matrix_vector_4x4/_build'
gmake[3]: Leaving directory '/home/adam/mlir-aie/programming_examples/basic/matrix_multiplication/matrix_vector_4x4/_build'
gmake[3]: Entering directory '/home/adam/mlir-aie/programming_examples/basic/matrix_multiplication/matrix_vector_4x4/_build'
[ 33%] Building CXX object CMakeFiles/matrix_vector.dir/home/adam/mlir-aie/runtime_lib/test_lib/test_utils.cpp.o
[ 66%] Building CXX object CMakeFiles/matrix_vector.dir/matrix_vector/test.cpp.o
[100%] Linking CXX executable matrix_vector
gmake[3]: Leaving directory '/home/adam/mlir-aie/programming_examples/basic/matrix_multiplication/matrix_vector_4x4/_build'
[100%] Built target matrix_vector
gmake[2]: Leaving directory '/home/adam/mlir-aie/programming_examples/basic/matrix_multiplication/matrix_vector_4x4/_build'
gmake[1]: Leaving directory '/home/adam/mlir-aie/programming_examples/basic/matrix_multiplication/matrix_vector_4x4/_build'
cp _build/matrix_vector matrix_vector.exe 
export XRT_HACK_UNSECURE_LOADING_XCLBIN=1 && \
 ./matrix_vector.exe -x build/final_4096x1024x1.xclbin -i build/insts_4096x1024x1.txt -k MLIR_AIE -M 4096 -K 1024 -N 1 -v 2 --warmup 1 --iters 1
Matrix size 4096x1024x1
Sequence instr count: 3236
Loading xclbin: build/final_4096x1024x1.xclbin
Kernel opcode: MLIR_AIE
Name: MLIR_AIE
Registering xclbin: build/final_4096x1024x1.xclbin
Getting hardware context.
Getting handle to kernel:MLIR_AIE
Writing data into buffer objects.
DTYPE_IN  = int16_t
DTYPE_OUT = int16_t
Verification tolerance 0 absolute, 0 relative.
A = 
   13457    -28205    -19666      -205     27690   ...   -24288     17254    -27732     13616      9265  
    8270      7756    -21346    -28428      2391   ...   -20578      4098    -23419     -7351    -10163  
    5010    -22765    -18207     13956    -18539   ...    12253     19015    -31779    -15583     30261  
  -27185    -27058    -18100    -26436     10876   ...     9403    -21376    -24766     23857     21679  
  -28747    -14421      8350     25515     20987   ...    -6885     29354    -15217    -14490     26568  
    ...       ...       ...       ...       ...    ...     ...       ...       ...       ...       ...   
  -31322      4813     -8759       -56     31878   ...    27269     11299     24182     30048     29518  
  -29571      1568     21587     23287     18484   ...    14565     16748     16518    -23107     12883  
    6112      4995    -19169    -24034     26546   ...    20008     11573     16601      2327    -23529  
    7374    -31958     11613    -21959    -22502   ...    14252     -1930     17882     10891     -9531  
  -27740     -1785     13764     -8006     20152   ...   -28457    -24071    -20420      -982     11357  
B = 
  -16877  
   20208  
   -1114  
   13320  
   17522  
    ...   
  -27402  
   13863  
  -29722  
   -4859  
    4833  
Running Kernel (iteration 0).
Running Kernel (iteration 1).
Verifying against reference matmul ...
Verify time: 0.00 s.

Avg NPU matmul time: 1158.00us.
Avg NPU gflops: 7.24

Min NPU matmul time: 1158.00us.
Max NPU gflops: 7.24

Max NPU matmul time: 1158.00us.
Min NPU gflops: 7.24

PASS!

rm -rf tmpTrace parse*.json trace*json trace.txt
rm -rf build _build matrix_vector.exe
mkdir -p build
python3 /home/adam/mlir-aie/programming_examples/basic/matrix_multiplication/matrix_vector_4x4/matrix_vector.py --dev npu -M 4096 -K 1280 -N 1 --dtype_in i16 --dtype_out i16 --trace_size 0 > build/aie_4096x1280x1.mlir
mkdir -p build
cd build && /home/adam/mlir-aie/ironenv/lib/python3.12/site-packages/llvm-aie/bin/clang++ -O2 -std=c++20 --target=aie2-none-unknown-elf -Wno-parentheses -Wno-attributes -Wno-macro-redefined -Wno-empty-body -DNDEBUG -I /home/adam/mlir-aie/ironenv/lib/python3.12/site-packages/mlir_aie/include  -DBIT_WIDTH=8 -DDIM_M=32 -DDIM_K=32 -c /home/adam/mlir-aie/programming_examples/basic/matrix_multiplication/matrix_vector_4x4/../../../../aie_kernels/aie2/mv.cc -o mv_32x32.o
mkdir -p build
cd build && aiecc.py --alloc-scheme=basic-sequential --aie-generate-xclbin --no-compile-host --xclbin-name=final_4096x1280x1.xclbin \
			 --no-xchesscc --no-xbridge --peano /home/adam/mlir-aie/ironenv/lib/python3.12/site-packages/llvm-aie \
			--aie-generate-npu-insts --npu-insts-name=insts_4096x1280x1.txt ../build/aie_4096x1280x1.mlir


****** Bootgen v2024.1
  **** Build date : Apr 22 2025-04:12:47
    ** Copyright 1986-2022 Xilinx, Inc. All Rights Reserved.
    ** Copyright 2022-2024 Advanced Micro Devices, Inc. All Rights Reserved.


[INFO]   : Bootimage generated successfully

Info: Embedded Metadata section is missing project.platform.device.core element, adding it.
Found xchesscc at /home/adam/libraries/vitis_aie_essential
 AIE Compilation: ━━━━━━━━━━━━━━━━━━━━━━━━━━    94% 0:00:01 0:00:01 16/17 4 Workers
Generating: /home/adam/mlir-aie/programming_examples/basic/matrix_multiplication/matrix_vector_4x4/build/aie_4096x1280x1.mlir.prj/aie_cdo_elfs.bin
Generating: /home/adam/mlir-aie/programming_examples/basic/matrix_multiplication/matrix_vector_4x4/build/aie_4096x1280x1.mlir.prj/aie_cdo_init.bin
Generating: /home/adam/mlir-aie/programming_examples/basic/matrix_multiplication/matrix_vector_4x4/build/aie_4096x1280x1.mlir.prj/aie_cdo_enable.bin
rm -rf _build
mkdir -p _build
cd _build &&  cmake -E env CXXFLAGS="-std=c++23 -ggdb -DDTYPE_IN=int16_t -DDTYPE_OUT=int16_t -DDTYPE_ACC=int16_t" \
	cmake /home/adam/mlir-aie/programming_examples/basic/matrix_multiplication/matrix_vector_4x4/.. -D CMAKE_C_COMPILER=gcc-13 -D CMAKE_CXX_COMPILER=g++-13 -DTARGET_NAME=matrix_vector -Dsubdir=matrix_vector
CMake Deprecation Warning at CMakeLists.txt:13 (cmake_minimum_required):
  Compatibility with CMake < 3.10 will be removed from a future version of
  CMake.

  Update the VERSION argument <min> value.  Or, use the <min>...<max> syntax
  to tell CMake that the project requires at least <min> but has been updated
  to work with policies introduced by <max> or earlier.


-- The C compiler identification is GNU 13.3.0
-- The CXX compiler identification is GNU 13.3.0
-- Detecting C compiler ABI info
-- Detecting C compiler ABI info - done
-- Check for working C compiler: /usr/bin/gcc-13 - skipped
-- Detecting C compile features
-- Detecting C compile features - done
-- Detecting CXX compiler ABI info
-- Detecting CXX compiler ABI info - done
-- Check for working CXX compiler: /usr/bin/g++-13 - skipped
-- Detecting CXX compile features
-- Detecting CXX compile features - done
-- Configuring done (0.2s)
-- Generating done (0.0s)
-- Build files have been written to: /home/adam/mlir-aie/programming_examples/basic/matrix_multiplication/matrix_vector_4x4/_build
cd _build &&  cmake --build . --config Release
gmake[1]: Entering directory '/home/adam/mlir-aie/programming_examples/basic/matrix_multiplication/matrix_vector_4x4/_build'
gmake[2]: Entering directory '/home/adam/mlir-aie/programming_examples/basic/matrix_multiplication/matrix_vector_4x4/_build'
gmake[3]: Entering directory '/home/adam/mlir-aie/programming_examples/basic/matrix_multiplication/matrix_vector_4x4/_build'
gmake[3]: Leaving directory '/home/adam/mlir-aie/programming_examples/basic/matrix_multiplication/matrix_vector_4x4/_build'
gmake[3]: Entering directory '/home/adam/mlir-aie/programming_examples/basic/matrix_multiplication/matrix_vector_4x4/_build'
[ 33%] Building CXX object CMakeFiles/matrix_vector.dir/home/adam/mlir-aie/runtime_lib/test_lib/test_utils.cpp.o
[ 66%] Building CXX object CMakeFiles/matrix_vector.dir/matrix_vector/test.cpp.o
[100%] Linking CXX executable matrix_vector
gmake[3]: Leaving directory '/home/adam/mlir-aie/programming_examples/basic/matrix_multiplication/matrix_vector_4x4/_build'
[100%] Built target matrix_vector
gmake[2]: Leaving directory '/home/adam/mlir-aie/programming_examples/basic/matrix_multiplication/matrix_vector_4x4/_build'
gmake[1]: Leaving directory '/home/adam/mlir-aie/programming_examples/basic/matrix_multiplication/matrix_vector_4x4/_build'
cp _build/matrix_vector matrix_vector.exe 
export XRT_HACK_UNSECURE_LOADING_XCLBIN=1 && \
 ./matrix_vector.exe -x build/final_4096x1280x1.xclbin -i build/insts_4096x1280x1.txt -k MLIR_AIE -M 4096 -K 1280 -N 1 -v 2 --warmup 1 --iters 1
Matrix size 4096x1280x1
Sequence instr count: 3236
Loading xclbin: build/final_4096x1280x1.xclbin
Kernel opcode: MLIR_AIE
Name: MLIR_AIE
Registering xclbin: build/final_4096x1280x1.xclbin
Getting hardware context.
Getting handle to kernel:MLIR_AIE
Writing data into buffer objects.
DTYPE_IN  = int16_t
DTYPE_OUT = int16_t
Verification tolerance 0 absolute, 0 relative.
A = 
   13457    -28205    -19666      -205     27690   ...   -27895     26930    -21440      6434     10718  
  -30406      5972      8420    -23045      5725   ...     4569     -7735     23942      3905    -15435  
   12793     24534     22596     29156      3283   ...   -16984      2790    -11058     32289    -27586  
   27802     20057     26289     15090     -4363   ...    -6885     29354    -15217    -14490     26568  
   22519    -24617    -27476    -16322    -16138   ...    11958     18394     -3666    -14297    -12951  
    ...       ...       ...       ...       ...    ...     ...       ...       ...       ...       ...   
  -14633     30474     14604     27459     -7061   ...   -21503     15020      1564    -14352     -7526  
  -20917    -24669    -22293    -25794    -32765   ...   -29331      9916     23055      2933    -10699  
    9748    -32164      8825    -23986      6416   ...   -18585     19415     -2975     -7054      5903  
    9732    -19015     32207     28682      5476   ...    31207     -5002     13545     19503     29329  
   14726    -11433      -211    -21632    -19669   ...    12554     13937     13081     21964     -9804  
B = 
   25458  
  -22592  
  -22540  
   31639  
   18156  
    ...   
  -12546  
   32764  
   29023  
   13111  
  -30928  
Running Kernel (iteration 0).
Running Kernel (iteration 1).
Verifying against reference matmul ...
Verify time: 0.00 s.

Avg NPU matmul time: 1124.00us.
Avg NPU gflops: 9.33

Min NPU matmul time: 1124.00us.
Max NPU gflops: 9.33

Max NPU matmul time: 1124.00us.
Min NPU gflops: 9.33

PASS!

rm -rf tmpTrace parse*.json trace*json trace.txt
rm -rf build _build matrix_vector.exe
mkdir -p build
python3 /home/adam/mlir-aie/programming_examples/basic/matrix_multiplication/matrix_vector_4x4/matrix_vector.py --dev npu -M 4096 -K 1536 -N 1 --dtype_in i16 --dtype_out i16 --trace_size 0 > build/aie_4096x1536x1.mlir
mkdir -p build
cd build && /home/adam/mlir-aie/ironenv/lib/python3.12/site-packages/llvm-aie/bin/clang++ -O2 -std=c++20 --target=aie2-none-unknown-elf -Wno-parentheses -Wno-attributes -Wno-macro-redefined -Wno-empty-body -DNDEBUG -I /home/adam/mlir-aie/ironenv/lib/python3.12/site-packages/mlir_aie/include  -DBIT_WIDTH=8 -DDIM_M=32 -DDIM_K=32 -c /home/adam/mlir-aie/programming_examples/basic/matrix_multiplication/matrix_vector_4x4/../../../../aie_kernels/aie2/mv.cc -o mv_32x32.o
mkdir -p build
cd build && aiecc.py --alloc-scheme=basic-sequential --aie-generate-xclbin --no-compile-host --xclbin-name=final_4096x1536x1.xclbin \
			 --no-xchesscc --no-xbridge --peano /home/adam/mlir-aie/ironenv/lib/python3.12/site-packages/llvm-aie \
			--aie-generate-npu-insts --npu-insts-name=insts_4096x1536x1.txt ../build/aie_4096x1536x1.mlir


****** Bootgen v2024.1
  **** Build date : Apr 22 2025-04:12:47
    ** Copyright 1986-2022 Xilinx, Inc. All Rights Reserved.
    ** Copyright 2022-2024 Advanced Micro Devices, Inc. All Rights Reserved.


[INFO]   : Bootimage generated successfully

Info: Embedded Metadata section is missing project.platform.device.core element, adding it.
Found xchesscc at /home/adam/libraries/vitis_aie_essential
 AIE Compilation: ━━━━━━━━━━━━━━━━━━━━━━━━━━    94% 0:00:01 0:00:01 16/17 4 Workers
Generating: /home/adam/mlir-aie/programming_examples/basic/matrix_multiplication/matrix_vector_4x4/build/aie_4096x1536x1.mlir.prj/aie_cdo_elfs.bin
Generating: /home/adam/mlir-aie/programming_examples/basic/matrix_multiplication/matrix_vector_4x4/build/aie_4096x1536x1.mlir.prj/aie_cdo_init.bin
Generating: /home/adam/mlir-aie/programming_examples/basic/matrix_multiplication/matrix_vector_4x4/build/aie_4096x1536x1.mlir.prj/aie_cdo_enable.bin
rm -rf _build
mkdir -p _build
cd _build &&  cmake -E env CXXFLAGS="-std=c++23 -ggdb -DDTYPE_IN=int16_t -DDTYPE_OUT=int16_t -DDTYPE_ACC=int16_t" \
	cmake /home/adam/mlir-aie/programming_examples/basic/matrix_multiplication/matrix_vector_4x4/.. -D CMAKE_C_COMPILER=gcc-13 -D CMAKE_CXX_COMPILER=g++-13 -DTARGET_NAME=matrix_vector -Dsubdir=matrix_vector
CMake Deprecation Warning at CMakeLists.txt:13 (cmake_minimum_required):
  Compatibility with CMake < 3.10 will be removed from a future version of
  CMake.

  Update the VERSION argument <min> value.  Or, use the <min>...<max> syntax
  to tell CMake that the project requires at least <min> but has been updated
  to work with policies introduced by <max> or earlier.


-- The C compiler identification is GNU 13.3.0
-- The CXX compiler identification is GNU 13.3.0
-- Detecting C compiler ABI info
-- Detecting C compiler ABI info - done
-- Check for working C compiler: /usr/bin/gcc-13 - skipped
-- Detecting C compile features
-- Detecting C compile features - done
-- Detecting CXX compiler ABI info
-- Detecting CXX compiler ABI info - done
-- Check for working CXX compiler: /usr/bin/g++-13 - skipped
-- Detecting CXX compile features
-- Detecting CXX compile features - done
-- Configuring done (0.2s)
-- Generating done (0.0s)
-- Build files have been written to: /home/adam/mlir-aie/programming_examples/basic/matrix_multiplication/matrix_vector_4x4/_build
cd _build &&  cmake --build . --config Release
gmake[1]: Entering directory '/home/adam/mlir-aie/programming_examples/basic/matrix_multiplication/matrix_vector_4x4/_build'
gmake[2]: Entering directory '/home/adam/mlir-aie/programming_examples/basic/matrix_multiplication/matrix_vector_4x4/_build'
gmake[3]: Entering directory '/home/adam/mlir-aie/programming_examples/basic/matrix_multiplication/matrix_vector_4x4/_build'
gmake[3]: Leaving directory '/home/adam/mlir-aie/programming_examples/basic/matrix_multiplication/matrix_vector_4x4/_build'
gmake[3]: Entering directory '/home/adam/mlir-aie/programming_examples/basic/matrix_multiplication/matrix_vector_4x4/_build'
[ 33%] Building CXX object CMakeFiles/matrix_vector.dir/home/adam/mlir-aie/runtime_lib/test_lib/test_utils.cpp.o
[ 66%] Building CXX object CMakeFiles/matrix_vector.dir/matrix_vector/test.cpp.o
[100%] Linking CXX executable matrix_vector
gmake[3]: Leaving directory '/home/adam/mlir-aie/programming_examples/basic/matrix_multiplication/matrix_vector_4x4/_build'
[100%] Built target matrix_vector
gmake[2]: Leaving directory '/home/adam/mlir-aie/programming_examples/basic/matrix_multiplication/matrix_vector_4x4/_build'
gmake[1]: Leaving directory '/home/adam/mlir-aie/programming_examples/basic/matrix_multiplication/matrix_vector_4x4/_build'
cp _build/matrix_vector matrix_vector.exe 
export XRT_HACK_UNSECURE_LOADING_XCLBIN=1 && \
 ./matrix_vector.exe -x build/final_4096x1536x1.xclbin -i build/insts_4096x1536x1.txt -k MLIR_AIE -M 4096 -K 1536 -N 1 -v 2 --warmup 1 --iters 1
Matrix size 4096x1536x1
Sequence instr count: 3236
Loading xclbin: build/final_4096x1536x1.xclbin
Kernel opcode: MLIR_AIE
Name: MLIR_AIE
Registering xclbin: build/final_4096x1536x1.xclbin
Getting hardware context.
Getting handle to kernel:MLIR_AIE
Writing data into buffer objects.
DTYPE_IN  = int16_t
DTYPE_OUT = int16_t
Verification tolerance 0 absolute, 0 relative.
A = 
   13457    -28205    -19666      -205     27690   ...     1142    -17068    -29328      2901     31216  
  -29798      9724    -21391     -7037      -616   ...    12253     19015    -31779    -15583     30261  
  -27185    -27058    -18100    -26436     10876   ...    11950    -25277    -22695     19736      3576  
  -23340      6832    -15019     24934    -24835   ...    22623      7961    -20902     -8833     -9951  
   10422      7551     13156    -16341     32222   ...    29876     18072    -19890    -12283    -25212  
    ...       ...       ...       ...       ...    ...     ...       ...       ...       ...       ...   
   14724     25359    -24549      1396     27761   ...    18771    -31595      8422     28703     26840  
  -20322      3304    -17715     -9658    -19996   ...   -12593    -18191     15393    -14923    -21479  
   16188     -8441    -13939    -12808     14939   ...   -26129    -10621     16093    -24314      4398  
   23209    -11935    -25860      7203    -15503   ...    -6047    -26213     13371     -6964     12521  
   17243      -171     -1991       784     18078   ...    -2888    -19151     -8608     -1301      6600  
B = 
    6553  
   10810  
   15755  
  -23653  
  -11511  
    ...   
  -30592  
   26943  
   11441  
   20170  
   31482  
Running Kernel (iteration 0).
Running Kernel (iteration 1).
Verifying against reference matmul ...
Verify time: 0.00 s.

Avg NPU matmul time: 1520.00us.
Avg NPU gflops: 8.28

Min NPU matmul time: 1520.00us.
Max NPU gflops: 8.28

Max NPU matmul time: 1520.00us.
Min NPU gflops: 8.28

PASS!

rm -rf tmpTrace parse*.json trace*json trace.txt
rm -rf build _build matrix_vector.exe
mkdir -p build
python3 /home/adam/mlir-aie/programming_examples/basic/matrix_multiplication/matrix_vector_4x4/matrix_vector.py --dev npu -M 4096 -K 1792 -N 1 --dtype_in i16 --dtype_out i16 --trace_size 0 > build/aie_4096x1792x1.mlir
mkdir -p build
cd build && /home/adam/mlir-aie/ironenv/lib/python3.12/site-packages/llvm-aie/bin/clang++ -O2 -std=c++20 --target=aie2-none-unknown-elf -Wno-parentheses -Wno-attributes -Wno-macro-redefined -Wno-empty-body -DNDEBUG -I /home/adam/mlir-aie/ironenv/lib/python3.12/site-packages/mlir_aie/include  -DBIT_WIDTH=8 -DDIM_M=32 -DDIM_K=32 -c /home/adam/mlir-aie/programming_examples/basic/matrix_multiplication/matrix_vector_4x4/../../../../aie_kernels/aie2/mv.cc -o mv_32x32.o
mkdir -p build
cd build && aiecc.py --alloc-scheme=basic-sequential --aie-generate-xclbin --no-compile-host --xclbin-name=final_4096x1792x1.xclbin \
			 --no-xchesscc --no-xbridge --peano /home/adam/mlir-aie/ironenv/lib/python3.12/site-packages/llvm-aie \
			--aie-generate-npu-insts --npu-insts-name=insts_4096x1792x1.txt ../build/aie_4096x1792x1.mlir


****** Bootgen v2024.1
  **** Build date : Apr 22 2025-04:12:47
    ** Copyright 1986-2022 Xilinx, Inc. All Rights Reserved.
    ** Copyright 2022-2024 Advanced Micro Devices, Inc. All Rights Reserved.


[INFO]   : Bootimage generated successfully

Info: Embedded Metadata section is missing project.platform.device.core element, adding it.
Found xchesscc at /home/adam/libraries/vitis_aie_essential
 AIE Compilation: ━━━━━━━━━━━━━━━━━━━━━━━━━━    94% 0:00:01 0:00:01 16/17 4 Workers
Generating: /home/adam/mlir-aie/programming_examples/basic/matrix_multiplication/matrix_vector_4x4/build/aie_4096x1792x1.mlir.prj/aie_cdo_elfs.bin
Generating: /home/adam/mlir-aie/programming_examples/basic/matrix_multiplication/matrix_vector_4x4/build/aie_4096x1792x1.mlir.prj/aie_cdo_init.bin
Generating: /home/adam/mlir-aie/programming_examples/basic/matrix_multiplication/matrix_vector_4x4/build/aie_4096x1792x1.mlir.prj/aie_cdo_enable.bin
rm -rf _build
mkdir -p _build
cd _build &&  cmake -E env CXXFLAGS="-std=c++23 -ggdb -DDTYPE_IN=int16_t -DDTYPE_OUT=int16_t -DDTYPE_ACC=int16_t" \
	cmake /home/adam/mlir-aie/programming_examples/basic/matrix_multiplication/matrix_vector_4x4/.. -D CMAKE_C_COMPILER=gcc-13 -D CMAKE_CXX_COMPILER=g++-13 -DTARGET_NAME=matrix_vector -Dsubdir=matrix_vector
CMake Deprecation Warning at CMakeLists.txt:13 (cmake_minimum_required):
  Compatibility with CMake < 3.10 will be removed from a future version of
  CMake.

  Update the VERSION argument <min> value.  Or, use the <min>...<max> syntax
  to tell CMake that the project requires at least <min> but has been updated
  to work with policies introduced by <max> or earlier.


-- The C compiler identification is GNU 13.3.0
-- The CXX compiler identification is GNU 13.3.0
-- Detecting C compiler ABI info
-- Detecting C compiler ABI info - done
-- Check for working C compiler: /usr/bin/gcc-13 - skipped
-- Detecting C compile features
-- Detecting C compile features - done
-- Detecting CXX compiler ABI info
-- Detecting CXX compiler ABI info - done
-- Check for working CXX compiler: /usr/bin/g++-13 - skipped
-- Detecting CXX compile features
-- Detecting CXX compile features - done
-- Configuring done (0.2s)
-- Generating done (0.0s)
-- Build files have been written to: /home/adam/mlir-aie/programming_examples/basic/matrix_multiplication/matrix_vector_4x4/_build
cd _build &&  cmake --build . --config Release
gmake[1]: Entering directory '/home/adam/mlir-aie/programming_examples/basic/matrix_multiplication/matrix_vector_4x4/_build'
gmake[2]: Entering directory '/home/adam/mlir-aie/programming_examples/basic/matrix_multiplication/matrix_vector_4x4/_build'
gmake[3]: Entering directory '/home/adam/mlir-aie/programming_examples/basic/matrix_multiplication/matrix_vector_4x4/_build'
gmake[3]: Leaving directory '/home/adam/mlir-aie/programming_examples/basic/matrix_multiplication/matrix_vector_4x4/_build'
gmake[3]: Entering directory '/home/adam/mlir-aie/programming_examples/basic/matrix_multiplication/matrix_vector_4x4/_build'
[ 33%] Building CXX object CMakeFiles/matrix_vector.dir/home/adam/mlir-aie/runtime_lib/test_lib/test_utils.cpp.o
[ 66%] Building CXX object CMakeFiles/matrix_vector.dir/matrix_vector/test.cpp.o
[100%] Linking CXX executable matrix_vector
gmake[3]: Leaving directory '/home/adam/mlir-aie/programming_examples/basic/matrix_multiplication/matrix_vector_4x4/_build'
[100%] Built target matrix_vector
gmake[2]: Leaving directory '/home/adam/mlir-aie/programming_examples/basic/matrix_multiplication/matrix_vector_4x4/_build'
gmake[1]: Leaving directory '/home/adam/mlir-aie/programming_examples/basic/matrix_multiplication/matrix_vector_4x4/_build'
cp _build/matrix_vector matrix_vector.exe 
export XRT_HACK_UNSECURE_LOADING_XCLBIN=1 && \
 ./matrix_vector.exe -x build/final_4096x1792x1.xclbin -i build/insts_4096x1792x1.txt -k MLIR_AIE -M 4096 -K 1792 -N 1 -v 2 --warmup 1 --iters 1
Matrix size 4096x1792x1
Sequence instr count: 3236
Loading xclbin: build/final_4096x1792x1.xclbin
Kernel opcode: MLIR_AIE
Name: MLIR_AIE
Registering xclbin: build/final_4096x1792x1.xclbin
Getting hardware context.
Getting handle to kernel:MLIR_AIE
Writing data into buffer objects.
DTYPE_IN  = int16_t
DTYPE_OUT = int16_t
Verification tolerance 0 absolute, 0 relative.
A = 
   13457    -28205    -19666      -205     27690   ...   -26500     18204    -30790     16385     11310  
   -6079    -21280     23624     16276    -25475   ...   -16215     -7445     24823     -3592    -29401  
  -19727    -10493     -6400    -21983     23367   ...    -1499      2831    -18206     12888     11022  
   17017     -4003     22352       750     -3608   ...   -27285     25613    -12121    -14906     19522  
    6246      -530    -21554    -24320      8726   ...     9498    -27014    -10486    -30237     29033  
    ...       ...       ...       ...       ...    ...     ...       ...       ...       ...       ...   
   17758    -10598     -8509    -30993     24983   ...   -10698      -222    -29092     -8777     12507  
  -21029      5751    -21090      9021     -4116   ...     6501     -3338     -5221      4998    -26391  
   -7608     31806       662    -28029     24683   ...    13280     14552      5194     16754    -24988  
   19240     29157    -13042     -3529    -24393   ...    -3170    -22395     13127    -10226      7100  
   11154     31375      9839      7677    -20992   ...   -19293    -31581       285     11707    -19459  
B = 
   31105  
    1683  
  -16370  
     169  
   30391  
    ...   
  -11814  
   31287  
    9543  
   23454  
   25339  
Running Kernel (iteration 0).
Running Kernel (iteration 1).
Verifying against reference matmul ...
Verify time: 0.00 s.

Avg NPU matmul time: 1400.00us.
Avg NPU gflops: 10.49

Min NPU matmul time: 1400.00us.
Max NPU gflops: 10.49

Max NPU matmul time: 1400.00us.
Min NPU gflops: 10.49

PASS!

rm -rf tmpTrace parse*.json trace*json trace.txt
rm -rf build _build matrix_vector.exe
mkdir -p build
python3 /home/adam/mlir-aie/programming_examples/basic/matrix_multiplication/matrix_vector_4x4/matrix_vector.py --dev npu -M 4096 -K 2048 -N 1 --dtype_in i16 --dtype_out i16 --trace_size 0 > build/aie_4096x2048x1.mlir
mkdir -p build
cd build && /home/adam/mlir-aie/ironenv/lib/python3.12/site-packages/llvm-aie/bin/clang++ -O2 -std=c++20 --target=aie2-none-unknown-elf -Wno-parentheses -Wno-attributes -Wno-macro-redefined -Wno-empty-body -DNDEBUG -I /home/adam/mlir-aie/ironenv/lib/python3.12/site-packages/mlir_aie/include  -DBIT_WIDTH=8 -DDIM_M=32 -DDIM_K=32 -c /home/adam/mlir-aie/programming_examples/basic/matrix_multiplication/matrix_vector_4x4/../../../../aie_kernels/aie2/mv.cc -o mv_32x32.o
mkdir -p build
cd build && aiecc.py --alloc-scheme=basic-sequential --aie-generate-xclbin --no-compile-host --xclbin-name=final_4096x2048x1.xclbin \
			 --no-xchesscc --no-xbridge --peano /home/adam/mlir-aie/ironenv/lib/python3.12/site-packages/llvm-aie \
			--aie-generate-npu-insts --npu-insts-name=insts_4096x2048x1.txt ../build/aie_4096x2048x1.mlir


****** Bootgen v2024.1
  **** Build date : Apr 22 2025-04:12:47
    ** Copyright 1986-2022 Xilinx, Inc. All Rights Reserved.
    ** Copyright 2022-2024 Advanced Micro Devices, Inc. All Rights Reserved.


[INFO]   : Bootimage generated successfully

Info: Embedded Metadata section is missing project.platform.device.core element, adding it.
Found xchesscc at /home/adam/libraries/vitis_aie_essential
 AIE Compilation: ━━━━━━━━━━━━━━━━━━━━━━━━━━    94% 0:00:01 0:00:01 16/17 4 Workers
Generating: /home/adam/mlir-aie/programming_examples/basic/matrix_multiplication/matrix_vector_4x4/build/aie_4096x2048x1.mlir.prj/aie_cdo_elfs.bin
Generating: /home/adam/mlir-aie/programming_examples/basic/matrix_multiplication/matrix_vector_4x4/build/aie_4096x2048x1.mlir.prj/aie_cdo_init.bin
Generating: /home/adam/mlir-aie/programming_examples/basic/matrix_multiplication/matrix_vector_4x4/build/aie_4096x2048x1.mlir.prj/aie_cdo_enable.bin
rm -rf _build
mkdir -p _build
cd _build &&  cmake -E env CXXFLAGS="-std=c++23 -ggdb -DDTYPE_IN=int16_t -DDTYPE_OUT=int16_t -DDTYPE_ACC=int16_t" \
	cmake /home/adam/mlir-aie/programming_examples/basic/matrix_multiplication/matrix_vector_4x4/.. -D CMAKE_C_COMPILER=gcc-13 -D CMAKE_CXX_COMPILER=g++-13 -DTARGET_NAME=matrix_vector -Dsubdir=matrix_vector
CMake Deprecation Warning at CMakeLists.txt:13 (cmake_minimum_required):
  Compatibility with CMake < 3.10 will be removed from a future version of
  CMake.

  Update the VERSION argument <min> value.  Or, use the <min>...<max> syntax
  to tell CMake that the project requires at least <min> but has been updated
  to work with policies introduced by <max> or earlier.


-- The C compiler identification is GNU 13.3.0
-- The CXX compiler identification is GNU 13.3.0
-- Detecting C compiler ABI info
-- Detecting C compiler ABI info - done
-- Check for working C compiler: /usr/bin/gcc-13 - skipped
-- Detecting C compile features
-- Detecting C compile features - done
-- Detecting CXX compiler ABI info
-- Detecting CXX compiler ABI info - done
-- Check for working CXX compiler: /usr/bin/g++-13 - skipped
-- Detecting CXX compile features
-- Detecting CXX compile features - done
-- Configuring done (0.2s)
-- Generating done (0.0s)
-- Build files have been written to: /home/adam/mlir-aie/programming_examples/basic/matrix_multiplication/matrix_vector_4x4/_build
cd _build &&  cmake --build . --config Release
gmake[1]: Entering directory '/home/adam/mlir-aie/programming_examples/basic/matrix_multiplication/matrix_vector_4x4/_build'
gmake[2]: Entering directory '/home/adam/mlir-aie/programming_examples/basic/matrix_multiplication/matrix_vector_4x4/_build'
gmake[3]: Entering directory '/home/adam/mlir-aie/programming_examples/basic/matrix_multiplication/matrix_vector_4x4/_build'
gmake[3]: Leaving directory '/home/adam/mlir-aie/programming_examples/basic/matrix_multiplication/matrix_vector_4x4/_build'
gmake[3]: Entering directory '/home/adam/mlir-aie/programming_examples/basic/matrix_multiplication/matrix_vector_4x4/_build'
[ 33%] Building CXX object CMakeFiles/matrix_vector.dir/home/adam/mlir-aie/runtime_lib/test_lib/test_utils.cpp.o
[ 66%] Building CXX object CMakeFiles/matrix_vector.dir/matrix_vector/test.cpp.o
[100%] Linking CXX executable matrix_vector
gmake[3]: Leaving directory '/home/adam/mlir-aie/programming_examples/basic/matrix_multiplication/matrix_vector_4x4/_build'
[100%] Built target matrix_vector
gmake[2]: Leaving directory '/home/adam/mlir-aie/programming_examples/basic/matrix_multiplication/matrix_vector_4x4/_build'
gmake[1]: Leaving directory '/home/adam/mlir-aie/programming_examples/basic/matrix_multiplication/matrix_vector_4x4/_build'
cp _build/matrix_vector matrix_vector.exe 
export XRT_HACK_UNSECURE_LOADING_XCLBIN=1 && \
 ./matrix_vector.exe -x build/final_4096x2048x1.xclbin -i build/insts_4096x2048x1.txt -k MLIR_AIE -M 4096 -K 2048 -N 1 -v 2 --warmup 1 --iters 1
Matrix size 4096x2048x1
Sequence instr count: 3236
Loading xclbin: build/final_4096x2048x1.xclbin
Kernel opcode: MLIR_AIE
Name: MLIR_AIE
Registering xclbin: build/final_4096x2048x1.xclbin
Getting hardware context.
Getting handle to kernel:MLIR_AIE
Writing data into buffer objects.
DTYPE_IN  = int16_t
DTYPE_OUT = int16_t
Verification tolerance 0 absolute, 0 relative.
A = 
   13457    -28205    -19666      -205     27690   ...   -20578      4098    -23419     -7351    -10163  
    5010    -22765    -18207     13956    -18539   ...     9403    -21376    -24766     23857     21679  
  -28747    -14421      8350     25515     20987   ...    22623      7961    -20902     -8833     -9951  
   10422      7551     13156    -16341     32222   ...   -19013     -9651    -16592     23388     19710  
   19875     27255    -32144    -31314    -10181   ...     -138      9353    -16851        47     13122  
    ...       ...       ...       ...       ...    ...     ...       ...       ...       ...       ...   
  -19514     31269    -28520     29382     30980   ...      466    -17923     18733     18902     25688  
   25390     21464      2196     24060     29213   ...    -4419    -25499    -29545     21685     17180  
  -13760    -14474     13170     18359      3009   ...    11387    -15361    -24156     31546    -27547  
   -4254      3877     31052    -14652     12866   ...    11472     16630    -15757    -11840    -17315  
   -7303    -27136     21566     21191     -2287   ...    -3656    -19692     -7147     16850     -1886  
B = 
    6989  
  -18449  
     925  
  -14449  
   15210  
    ...   
   26154  
  -28453  
   -9338  
   30630  
  -27221  
Running Kernel (iteration 0).
Running Kernel (iteration 1).
Verifying against reference matmul ...
Verify time: 0.00 s.

Avg NPU matmul time: 2155.00us.
Avg NPU gflops: 7.79

Min NPU matmul time: 2155.00us.
Max NPU gflops: 7.79

Max NPU matmul time: 2155.00us.
Min NPU gflops: 7.79

PASS!

