06030001
00000104
00000F50
00017310
00000001
0201D040
0000002C
00000800
00000000
00000000
00000000
80000000
00000000
00000000
02000000
00000081
00000018
0201D044
00000001
00000000
00000000
00000000
0201D21C
00000002
00000001
0001D020
0000002C
00010000
00000000
00000000
01000000
820007FF
0000000F
00000000
02000000
00000081
00000018
0001D024
00000000
00000000
00000000
00000000
0001D214
00000001
00000001
0001D000
0000002C
00000020
00000000
00000000
00000000
80000000
00000000
00000000
02000000
00000081
00000018
0001D004
00000002
00000000
00000000
00000003
0001D200
00000F00
00000F00
00000000
0001D204
80000000
00000001
0201D020
0000002C
00010000
00000000
00000000
01000000
820007FF
0000000F
00000000
02000000
00000081
00000018
0201D024
00000000
01C00000
00000000
00000000
0201D214
00000001
00000001
0201D000
0000002C
00000020
00000000
00000000
00000000
80000000
00000000
00000000
02000000
00000081
00000018
0201D004
00000002
00003800
00000000
00000003
0201D200
00000F00
00000F00
00000000
0201D204
80000000
00000001
0401D020
0000002C
00010000
00000000
00000000
01000000
820007FF
0000000F
00000000
02000000
00000081
00000018
0401D024
00000000
03800000
00000000
00000000
0401D214
00000001
00000001
0401D000
0000002C
00000020
00000000
00000000
00000000
80000000
00000000
00000000
02000000
00000081
00000018
0401D004
00000002
00007000
00000000
00000003
0401D200
00000F00
00000F00
00000000
0401D204
80000000
00000001
0601D020
0000002C
00010000
00000000
00000000
01000000
820007FF
0000000F
00000000
02000000
00000081
00000018
0601D024
00000000
05400000
00000000
00000000
0601D214
00000001
00000001
0601D000
0000002C
00000020
00000000
00000000
00000000
80000000
00000000
00000000
02000000
00000081
00000018
0601D004
00000002
0000A800
00000000
00000003
0601D200
00000F00
00000F00
00000000
0601D204
80000000
00000080
00000010
00000000
00010100
00000080
00000010
00010000
00010100
00000080
00000010
00020000
00010100
00000080
00000010
00030000
00010100
00000001
0201D040
0000002C
00000800
00000000
00000000
00000000
80000000
00000000
00000000
02000000
00000081
00000018
0201D044
00000001
00000000
00000000
00000000
0201D21C
00000002
00000001
0001D020
0000002C
00010000
00000000
00000000
01000000
820007FF
0000000F
00000000
02000000
00000081
00000018
0001D024
00000000
00040000
00000000
00000000
0001D214
00000001
00000001
0001D000
0000002C
00000020
00000000
00000000
00000000
80000000
00000000
00000000
02000000
00000081
00000018
0001D004
00000002
00000080
00000000
00000003
0001D200
00000F00
00000F00
00000000
0001D204
80000000
00000001
0201D020
0000002C
00010000
00000000
00000000
01000000
820007FF
0000000F
00000000
02000000
00000081
00000018
0201D024
00000000
01C40000
00000000
00000000
0201D214
00000001
00000001
0201D000
0000002C
00000020
00000000
00000000
00000000
80000000
00000000
00000000
02000000
00000081
00000018
0201D004
00000002
00003880
00000000
00000003
0201D200
00000F00
00000F00
00000000
0201D204
80000000
00000001
0401D020
0000002C
00010000
00000000
00000000
01000000
820007FF
0000000F
00000000
02000000
00000081
00000018
0401D024
00000000
03840000
00000000
00000000
0401D214
00000001
00000001
0401D000
0000002C
00000020
00000000
00000000
00000000
80000000
00000000
00000000
02000000
00000081
00000018
0401D004
00000002
00007080
00000000
00000003
0401D200
00000F00
00000F00
00000000
0401D204
80000000
00000001
0601D020
0000002C
00010000
00000000
00000000
01000000
820007FF
0000000F
00000000
02000000
00000081
00000018
0601D024
00000000
05440000
00000000
00000000
0601D214
00000001
00000001
0601D000
0000002C
00000020
00000000
00000000
00000000
80000000
00000000
00000000
02000000
00000081
00000018
0601D004
00000002
0000A880
00000000
00000003
0601D200
00000F00
00000F00
00000000
0601D204
80000000
00000080
00000010
00000000
00010100
00000080
00000010
00010000
00010100
00000080
00000010
00020000
00010100
00000080
00000010
00030000
00010100
00000001
0201D040
0000002C
00000800
00000000
00000000
00000000
80000000
00000000
00000000
02000000
00000081
00000018
0201D044
00000001
00000000
00000000
00000000
0201D21C
00000002
00000001
0001D020
0000002C
00010000
00000000
00000000
01000000
820007FF
0000000F
00000000
02000000
00000081
00000018
0001D024
00000000
00080000
00000000
00000000
0001D214
00000001
00000001
0001D000
0000002C
00000020
00000000
00000000
00000000
80000000
00000000
00000000
02000000
00000081
00000018
0001D004
00000002
00000100
00000000
00000003
0001D200
00000F00
00000F00
00000000
0001D204
80000000
00000001
0201D020
0000002C
00010000
00000000
00000000
01000000
820007FF
0000000F
00000000
02000000
00000081
00000018
0201D024
00000000
01C80000
00000000
00000000
0201D214
00000001
00000001
0201D000
0000002C
00000020
00000000
00000000
00000000
80000000
00000000
00000000
02000000
00000081
00000018
0201D004
00000002
00003900
00000000
00000003
0201D200
00000F00
00000F00
00000000
0201D204
80000000
00000001
0401D020
0000002C
00010000
00000000
00000000
01000000
820007FF
0000000F
00000000
02000000
00000081
00000018
0401D024
00000000
03880000
00000000
00000000
0401D214
00000001
00000001
0401D000
0000002C
00000020
00000000
00000000
00000000
80000000
00000000
00000000
02000000
00000081
00000018
0401D004
00000002
00007100
00000000
00000003
0401D200
00000F00
00000F00
00000000
0401D204
80000000
00000001
0601D020
0000002C
00010000
00000000
00000000
01000000
820007FF
0000000F
00000000
02000000
00000081
00000018
0601D024
00000000
05480000
00000000
00000000
0601D214
00000001
00000001
0601D000
0000002C
00000020
00000000
00000000
00000000
80000000
00000000
00000000
02000000
00000081
00000018
0601D004
00000002
0000A900
00000000
00000003
0601D200
00000F00
00000F00
00000000
0601D204
80000000
00000080
00000010
00000000
00010100
00000080
00000010
00010000
00010100
00000080
00000010
00020000
00010100
00000080
00000010
00030000
00010100
00000001
0201D040
0000002C
00000800
00000000
00000000
00000000
80000000
00000000
00000000
02000000
00000081
00000018
0201D044
00000001
00000000
00000000
00000000
0201D21C
00000002
00000001
0001D020
0000002C
00010000
00000000
00000000
01000000
820007FF
0000000F
00000000
02000000
00000081
00000018
0001D024
00000000
000C0000
00000000
00000000
0001D214
00000001
00000001
0001D000
0000002C
00000020
00000000
00000000
00000000
80000000
00000000
00000000
02000000
00000081
00000018
0001D004
00000002
00000180
00000000
00000003
0001D200
00000F00
00000F00
00000000
0001D204
80000000
00000001
0201D020
0000002C
00010000
00000000
00000000
01000000
820007FF
0000000F
00000000
02000000
00000081
00000018
0201D024
00000000
01CC0000
00000000
00000000
0201D214
00000001
00000001
0201D000
0000002C
00000020
00000000
00000000
00000000
80000000
00000000
00000000
02000000
00000081
00000018
0201D004
00000002
00003980
00000000
00000003
0201D200
00000F00
00000F00
00000000
0201D204
80000000
00000001
0401D020
0000002C
00010000
00000000
00000000
01000000
820007FF
0000000F
00000000
02000000
00000081
00000018
0401D024
00000000
038C0000
00000000
00000000
0401D214
00000001
00000001
0401D000
0000002C
00000020
00000000
00000000
00000000
80000000
00000000
00000000
02000000
00000081
00000018
0401D004
00000002
00007180
00000000
00000003
0401D200
00000F00
00000F00
00000000
0401D204
80000000
00000001
0601D020
0000002C
00010000
00000000
00000000
01000000
820007FF
0000000F
00000000
02000000
00000081
00000018
0601D024
00000000
054C0000
00000000
00000000
0601D214
00000001
00000001
0601D000
0000002C
00000020
00000000
00000000
00000000
80000000
00000000
00000000
02000000
00000081
00000018
0601D004
00000002
0000A980
00000000
00000003
0601D200
00000F00
00000F00
00000000
0601D204
80000000
00000080
00000010
00000000
00010100
00000080
00000010
00010000
00010100
00000080
00000010
00020000
00010100
00000080
00000010
00030000
00010100
00000001
0201D040
0000002C
00000800
00000000
00000000
00000000
80000000
00000000
00000000
02000000
00000081
00000018
0201D044
00000001
00000000
00000000
00000000
0201D21C
00000002
00000001
0001D020
0000002C
00010000
00000000
00000000
01000000
820007FF
0000000F
00000000
02000000
00000081
00000018
0001D024
00000000
00100000
00000000
00000000
0001D214
00000001
00000001
0001D000
0000002C
00000020
00000000
00000000
00000000
80000000
00000000
00000000
02000000
00000081
00000018
0001D004
00000002
00000200
00000000
00000003
0001D200
00000F00
00000F00
00000000
0001D204
80000000
00000001
0201D020
0000002C
00010000
00000000
00000000
01000000
820007FF
0000000F
00000000
02000000
00000081
00000018
0201D024
00000000
01D00000
00000000
00000000
0201D214
00000001
00000001
0201D000
0000002C
00000020
00000000
00000000
00000000
80000000
00000000
00000000
02000000
00000081
00000018
0201D004
00000002
00003A00
00000000
00000003
0201D200
00000F00
00000F00
00000000
0201D204
80000000
00000001
0401D020
0000002C
00010000
00000000
00000000
01000000
820007FF
0000000F
00000000
02000000
00000081
00000018
0401D024
00000000
03900000
00000000
00000000
0401D214
00000001
00000001
0401D000
0000002C
00000020
00000000
00000000
00000000
80000000
00000000
00000000
02000000
00000081
00000018
0401D004
00000002
00007200
00000000
00000003
0401D200
00000F00
00000F00
00000000
0401D204
80000000
00000001
0601D020
0000002C
00010000
00000000
00000000
01000000
820007FF
0000000F
00000000
02000000
00000081
00000018
0601D024
00000000
05500000
00000000
00000000
0601D214
00000001
00000001
0601D000
0000002C
00000020
00000000
00000000
00000000
80000000
00000000
00000000
02000000
00000081
00000018
0601D004
00000002
0000AA00
00000000
00000003
0601D200
00000F00
00000F00
00000000
0601D204
80000000
00000080
00000010
00000000
00010100
00000080
00000010
00010000
00010100
00000080
00000010
00020000
00010100
00000080
00000010
00030000
00010100
00000001
0201D040
0000002C
00000800
00000000
00000000
00000000
80000000
00000000
00000000
02000000
00000081
00000018
0201D044
00000001
00000000
00000000
00000000
0201D21C
00000002
00000001
0001D020
0000002C
00010000
00000000
00000000
01000000
820007FF
0000000F
00000000
02000000
00000081
00000018
0001D024
00000000
00140000
00000000
00000000
0001D214
00000001
00000001
0001D000
0000002C
00000020
00000000
00000000
00000000
80000000
00000000
00000000
02000000
00000081
00000018
0001D004
00000002
00000280
00000000
00000003
0001D200
00000F00
00000F00
00000000
0001D204
80000000
00000001
0201D020
0000002C
00010000
00000000
00000000
01000000
820007FF
0000000F
00000000
02000000
00000081
00000018
0201D024
00000000
01D40000
00000000
00000000
0201D214
00000001
00000001
0201D000
0000002C
00000020
00000000
00000000
00000000
80000000
00000000
00000000
02000000
00000081
00000018
0201D004
00000002
00003A80
00000000
00000003
0201D200
00000F00
00000F00
00000000
0201D204
80000000
00000001
0401D020
0000002C
00010000
00000000
00000000
01000000
820007FF
0000000F
00000000
02000000
00000081
00000018
0401D024
00000000
03940000
00000000
00000000
0401D214
00000001
00000001
0401D000
0000002C
00000020
00000000
00000000
00000000
80000000
00000000
00000000
02000000
00000081
00000018
0401D004
00000002
00007280
00000000
00000003
0401D200
00000F00
00000F00
00000000
0401D204
80000000
00000001
0601D020
0000002C
00010000
00000000
00000000
01000000
820007FF
0000000F
00000000
02000000
00000081
00000018
0601D024
00000000
05540000
00000000
00000000
0601D214
00000001
00000001
0601D000
0000002C
00000020
00000000
00000000
00000000
80000000
00000000
00000000
02000000
00000081
00000018
0601D004
00000002
0000AA80
00000000
00000003
0601D200
00000F00
00000F00
00000000
0601D204
80000000
00000080
00000010
00000000
00010100
00000080
00000010
00010000
00010100
00000080
00000010
00020000
00010100
00000080
00000010
00030000
00010100
00000001
0201D040
0000002C
00000800
00000000
00000000
00000000
80000000
00000000
00000000
02000000
00000081
00000018
0201D044
00000001
00000000
00000000
00000000
0201D21C
00000002
00000001
0001D020
0000002C
00010000
00000000
00000000
01000000
820007FF
0000000F
00000000
02000000
00000081
00000018
0001D024
00000000
00180000
00000000
00000000
0001D214
00000001
00000001
0001D000
0000002C
00000020
00000000
00000000
00000000
80000000
00000000
00000000
02000000
00000081
00000018
0001D004
00000002
00000300
00000000
00000003
0001D200
00000F00
00000F00
00000000
0001D204
80000000
00000001
0201D020
0000002C
00010000
00000000
00000000
01000000
820007FF
0000000F
00000000
02000000
00000081
00000018
0201D024
00000000
01D80000
00000000
00000000
0201D214
00000001
00000001
0201D000
0000002C
00000020
00000000
00000000
00000000
80000000
00000000
00000000
02000000
00000081
00000018
0201D004
00000002
00003B00
00000000
00000003
0201D200
00000F00
00000F00
00000000
0201D204
80000000
00000001
0401D020
0000002C
00010000
00000000
00000000
01000000
820007FF
0000000F
00000000
02000000
00000081
00000018
0401D024
00000000
03980000
00000000
00000000
0401D214
00000001
00000001
0401D000
0000002C
00000020
00000000
00000000
00000000
80000000
00000000
00000000
02000000
00000081
00000018
0401D004
00000002
00007300
00000000
00000003
0401D200
00000F00
00000F00
00000000
0401D204
80000000
00000001
0601D020
0000002C
00010000
00000000
00000000
01000000
820007FF
0000000F
00000000
02000000
00000081
00000018
0601D024
00000000
05580000
00000000
00000000
0601D214
00000001
00000001
0601D000
0000002C
00000020
00000000
00000000
00000000
80000000
00000000
00000000
02000000
00000081
00000018
0601D004
00000002
0000AB00
00000000
00000003
0601D200
00000F00
00000F00
00000000
0601D204
80000000
00000080
00000010
00000000
00010100
00000080
00000010
00010000
00010100
00000080
00000010
00020000
00010100
00000080
00000010
00030000
00010100
00000001
0201D040
0000002C
00000800
00000000
00000000
00000000
80000000
00000000
00000000
02000000
00000081
00000018
0201D044
00000001
00000000
00000000
00000000
0201D21C
00000002
00000001
0001D020
0000002C
00010000
00000000
00000000
01000000
820007FF
0000000F
00000000
02000000
00000081
00000018
0001D024
00000000
001C0000
00000000
00000000
0001D214
00000001
00000001
0001D000
0000002C
00000020
00000000
00000000
00000000
80000000
00000000
00000000
02000000
00000081
00000018
0001D004
00000002
00000380
00000000
00000003
0001D200
00000F00
00000F00
00000000
0001D204
80000000
00000001
0201D020
0000002C
00010000
00000000
00000000
01000000
820007FF
0000000F
00000000
02000000
00000081
00000018
0201D024
00000000
01DC0000
00000000
00000000
0201D214
00000001
00000001
0201D000
0000002C
00000020
00000000
00000000
00000000
80000000
00000000
00000000
02000000
00000081
00000018
0201D004
00000002
00003B80
00000000
00000003
0201D200
00000F00
00000F00
00000000
0201D204
80000000
00000001
0401D020
0000002C
00010000
00000000
00000000
01000000
820007FF
0000000F
00000000
02000000
00000081
00000018
0401D024
00000000
039C0000
00000000
00000000
0401D214
00000001
00000001
0401D000
0000002C
00000020
00000000
00000000
00000000
80000000
00000000
00000000
02000000
00000081
00000018
0401D004
00000002
00007380
00000000
00000003
0401D200
00000F00
00000F00
00000000
0401D204
80000000
00000001
0601D020
0000002C
00010000
00000000
00000000
01000000
820007FF
0000000F
00000000
02000000
00000081
00000018
0601D024
00000000
055C0000
00000000
00000000
0601D214
00000001
00000001
0601D000
0000002C
00000020
00000000
00000000
00000000
80000000
00000000
00000000
02000000
00000081
00000018
0601D004
00000002
0000AB80
00000000
00000003
0601D200
00000F00
00000F00
00000000
0601D204
80000000
00000080
00000010
00000000
00010100
00000080
00000010
00010000
00010100
00000080
00000010
00020000
00010100
00000080
00000010
00030000
00010100
00000001
0201D040
0000002C
00000800
00000000
00000000
00000000
80000000
00000000
00000000
02000000
00000081
00000018
0201D044
00000001
00000000
00000000
00000000
0201D21C
00000002
00000001
0001D020
0000002C
00010000
00000000
00000000
01000000
820007FF
0000000F
00000000
02000000
00000081
00000018
0001D024
00000000
00200000
00000000
00000000
0001D214
00000001
00000001
0001D000
0000002C
00000020
00000000
00000000
00000000
80000000
00000000
00000000
02000000
00000081
00000018
0001D004
00000002
00000400
00000000
00000003
0001D200
00000F00
00000F00
00000000
0001D204
80000000
00000001
0201D020
0000002C
00010000
00000000
00000000
01000000
820007FF
0000000F
00000000
02000000
00000081
00000018
0201D024
00000000
01E00000
00000000
00000000
0201D214
00000001
00000001
0201D000
0000002C
00000020
00000000
00000000
00000000
80000000
00000000
00000000
02000000
00000081
00000018
0201D004
00000002
00003C00
00000000
00000003
0201D200
00000F00
00000F00
00000000
0201D204
80000000
00000001
0401D020
0000002C
00010000
00000000
00000000
01000000
820007FF
0000000F
00000000
02000000
00000081
00000018
0401D024
00000000
03A00000
00000000
00000000
0401D214
00000001
00000001
0401D000
0000002C
00000020
00000000
00000000
00000000
80000000
00000000
00000000
02000000
00000081
00000018
0401D004
00000002
00007400
00000000
00000003
0401D200
00000F00
00000F00
00000000
0401D204
80000000
00000001
0601D020
0000002C
00010000
00000000
00000000
01000000
820007FF
0000000F
00000000
02000000
00000081
00000018
0601D024
00000000
05600000
00000000
00000000
0601D214
00000001
00000001
0601D000
0000002C
00000020
00000000
00000000
00000000
80000000
00000000
00000000
02000000
00000081
00000018
0601D004
00000002
0000AC00
00000000
00000003
0601D200
00000F00
00000F00
00000000
0601D204
80000000
00000080
00000010
00000000
00010100
00000080
00000010
00010000
00010100
00000080
00000010
00020000
00010100
00000080
00000010
00030000
00010100
00000001
0201D040
0000002C
00000800
00000000
00000000
00000000
80000000
00000000
00000000
02000000
00000081
00000018
0201D044
00000001
00000000
00000000
00000000
0201D21C
00000002
00000001
0001D020
0000002C
00010000
00000000
00000000
01000000
820007FF
0000000F
00000000
02000000
00000081
00000018
0001D024
00000000
00240000
00000000
00000000
0001D214
00000001
00000001
0001D000
0000002C
00000020
00000000
00000000
00000000
80000000
00000000
00000000
02000000
00000081
00000018
0001D004
00000002
00000480
00000000
00000003
0001D200
00000F00
00000F00
00000000
0001D204
80000000
00000001
0201D020
0000002C
00010000
00000000
00000000
01000000
820007FF
0000000F
00000000
02000000
00000081
00000018
0201D024
00000000
01E40000
00000000
00000000
0201D214
00000001
00000001
0201D000
0000002C
00000020
00000000
00000000
00000000
80000000
00000000
00000000
02000000
00000081
00000018
0201D004
00000002
00003C80
00000000
00000003
0201D200
00000F00
00000F00
00000000
0201D204
80000000
00000001
0401D020
0000002C
00010000
00000000
00000000
01000000
820007FF
0000000F
00000000
02000000
00000081
00000018
0401D024
00000000
03A40000
00000000
00000000
0401D214
00000001
00000001
0401D000
0000002C
00000020
00000000
00000000
00000000
80000000
00000000
00000000
02000000
00000081
00000018
0401D004
00000002
00007480
00000000
00000003
0401D200
00000F00
00000F00
00000000
0401D204
80000000
00000001
0601D020
0000002C
00010000
00000000
00000000
01000000
820007FF
0000000F
00000000
02000000
00000081
00000018
0601D024
00000000
05640000
00000000
00000000
0601D214
00000001
00000001
0601D000
0000002C
00000020
00000000
00000000
00000000
80000000
00000000
00000000
02000000
00000081
00000018
0601D004
00000002
0000AC80
00000000
00000003
0601D200
00000F00
00000F00
00000000
0601D204
80000000
00000080
00000010
00000000
00010100
00000080
00000010
00010000
00010100
00000080
00000010
00020000
00010100
00000080
00000010
00030000
00010100
00000001
0201D040
0000002C
00000800
00000000
00000000
00000000
80000000
00000000
00000000
02000000
00000081
00000018
0201D044
00000001
00000000
00000000
00000000
0201D21C
00000002
00000001
0001D020
0000002C
00010000
00000000
00000000
01000000
820007FF
0000000F
00000000
02000000
00000081
00000018
0001D024
00000000
00280000
00000000
00000000
0001D214
00000001
00000001
0001D000
0000002C
00000020
00000000
00000000
00000000
80000000
00000000
00000000
02000000
00000081
00000018
0001D004
00000002
00000500
00000000
00000003
0001D200
00000F00
00000F00
00000000
0001D204
80000000
00000001
0201D020
0000002C
00010000
00000000
00000000
01000000
820007FF
0000000F
00000000
02000000
00000081
00000018
0201D024
00000000
01E80000
00000000
00000000
0201D214
00000001
00000001
0201D000
0000002C
00000020
00000000
00000000
00000000
80000000
00000000
00000000
02000000
00000081
00000018
0201D004
00000002
00003D00
00000000
00000003
0201D200
00000F00
00000F00
00000000
0201D204
80000000
00000001
0401D020
0000002C
00010000
00000000
00000000
01000000
820007FF
0000000F
00000000
02000000
00000081
00000018
0401D024
00000000
03A80000
00000000
00000000
0401D214
00000001
00000001
0401D000
0000002C
00000020
00000000
00000000
00000000
80000000
00000000
00000000
02000000
00000081
00000018
0401D004
00000002
00007500
00000000
00000003
0401D200
00000F00
00000F00
00000000
0401D204
80000000
00000001
0601D020
0000002C
00010000
00000000
00000000
01000000
820007FF
0000000F
00000000
02000000
00000081
00000018
0601D024
00000000
05680000
00000000
00000000
0601D214
00000001
00000001
0601D000
0000002C
00000020
00000000
00000000
00000000
80000000
00000000
00000000
02000000
00000081
00000018
0601D004
00000002
0000AD00
00000000
00000003
0601D200
00000F00
00000F00
00000000
0601D204
80000000
00000080
00000010
00000000
00010100
00000080
00000010
00010000
00010100
00000080
00000010
00020000
00010100
00000080
00000010
00030000
00010100
00000001
0201D040
0000002C
00000800
00000000
00000000
00000000
80000000
00000000
00000000
02000000
00000081
00000018
0201D044
00000001
00000000
00000000
00000000
0201D21C
00000002
00000001
0001D020
0000002C
00010000
00000000
00000000
01000000
820007FF
0000000F
00000000
02000000
00000081
00000018
0001D024
00000000
002C0000
00000000
00000000
0001D214
00000001
00000001
0001D000
0000002C
00000020
00000000
00000000
00000000
80000000
00000000
00000000
02000000
00000081
00000018
0001D004
00000002
00000580
00000000
00000003
0001D200
00000F00
00000F00
00000000
0001D204
80000000
00000001
0201D020
0000002C
00010000
00000000
00000000
01000000
820007FF
0000000F
00000000
02000000
00000081
00000018
0201D024
00000000
01EC0000
00000000
00000000
0201D214
00000001
00000001
0201D000
0000002C
00000020
00000000
00000000
00000000
80000000
00000000
00000000
02000000
00000081
00000018
0201D004
00000002
00003D80
00000000
00000003
0201D200
00000F00
00000F00
00000000
0201D204
80000000
00000001
0401D020
0000002C
00010000
00000000
00000000
01000000
820007FF
0000000F
00000000
02000000
00000081
00000018
0401D024
00000000
03AC0000
00000000
00000000
0401D214
00000001
00000001
0401D000
0000002C
00000020
00000000
00000000
00000000
80000000
00000000
00000000
02000000
00000081
00000018
0401D004
00000002
00007580
00000000
00000003
0401D200
00000F00
00000F00
00000000
0401D204
80000000
00000001
0601D020
0000002C
00010000
00000000
00000000
01000000
820007FF
0000000F
00000000
02000000
00000081
00000018
0601D024
00000000
056C0000
00000000
00000000
0601D214
00000001
00000001
0601D000
0000002C
00000020
00000000
00000000
00000000
80000000
00000000
00000000
02000000
00000081
00000018
0601D004
00000002
0000AD80
00000000
00000003
0601D200
00000F00
00000F00
00000000
0601D204
80000000
00000080
00000010
00000000
00010100
00000080
00000010
00010000
00010100
00000080
00000010
00020000
00010100
00000080
00000010
00030000
00010100
00000001
0201D040
0000002C
00000800
00000000
00000000
00000000
80000000
00000000
00000000
02000000
00000081
00000018
0201D044
00000001
00000000
00000000
00000000
0201D21C
00000002
00000001
0001D020
0000002C
00010000
00000000
00000000
01000000
820007FF
0000000F
00000000
02000000
00000081
00000018
0001D024
00000000
00300000
00000000
00000000
0001D214
00000001
00000001
0001D000
0000002C
00000020
00000000
00000000
00000000
80000000
00000000
00000000
02000000
00000081
00000018
0001D004
00000002
00000600
00000000
00000003
0001D200
00000F00
00000F00
00000000
0001D204
80000000
00000001
0201D020
0000002C
00010000
00000000
00000000
01000000
820007FF
0000000F
00000000
02000000
00000081
00000018
0201D024
00000000
01F00000
00000000
00000000
0201D214
00000001
00000001
0201D000
0000002C
00000020
00000000
00000000
00000000
80000000
00000000
00000000
02000000
00000081
00000018
0201D004
00000002
00003E00
00000000
00000003
0201D200
00000F00
00000F00
00000000
0201D204
80000000
00000001
0401D020
0000002C
00010000
00000000
00000000
01000000
820007FF
0000000F
00000000
02000000
00000081
00000018
0401D024
00000000
03B00000
00000000
00000000
0401D214
00000001
00000001
0401D000
0000002C
00000020
00000000
00000000
00000000
80000000
00000000
00000000
02000000
00000081
00000018
0401D004
00000002
00007600
00000000
00000003
0401D200
00000F00
00000F00
00000000
0401D204
80000000
00000001
0601D020
0000002C
00010000
00000000
00000000
01000000
820007FF
0000000F
00000000
02000000
00000081
00000018
0601D024
00000000
05700000
00000000
00000000
0601D214
00000001
00000001
0601D000
0000002C
00000020
00000000
00000000
00000000
80000000
00000000
00000000
02000000
00000081
00000018
0601D004
00000002
0000AE00
00000000
00000003
0601D200
00000F00
00000F00
00000000
0601D204
80000000
00000080
00000010
00000000
00010100
00000080
00000010
00010000
00010100
00000080
00000010
00020000
00010100
00000080
00000010
00030000
00010100
00000001
0201D040
0000002C
00000800
00000000
00000000
00000000
80000000
00000000
00000000
02000000
00000081
00000018
0201D044
00000001
00000000
00000000
00000000
0201D21C
00000002
00000001
0001D020
0000002C
00010000
00000000
00000000
01000000
820007FF
0000000F
00000000
02000000
00000081
00000018
0001D024
00000000
00340000
00000000
00000000
0001D214
00000001
00000001
0001D000
0000002C
00000020
00000000
00000000
00000000
80000000
00000000
00000000
02000000
00000081
00000018
0001D004
00000002
00000680
00000000
00000003
0001D200
00000F00
00000F00
00000000
0001D204
80000000
00000001
0201D020
0000002C
00010000
00000000
00000000
01000000
820007FF
0000000F
00000000
02000000
00000081
00000018
0201D024
00000000
01F40000
00000000
00000000
0201D214
00000001
00000001
0201D000
0000002C
00000020
00000000
00000000
00000000
80000000
00000000
00000000
02000000
00000081
00000018
0201D004
00000002
00003E80
00000000
00000003
0201D200
00000F00
00000F00
00000000
0201D204
80000000
00000001
0401D020
0000002C
00010000
00000000
00000000
01000000
820007FF
0000000F
00000000
02000000
00000081
00000018
0401D024
00000000
03B40000
00000000
00000000
0401D214
00000001
00000001
0401D000
0000002C
00000020
00000000
00000000
00000000
80000000
00000000
00000000
02000000
00000081
00000018
0401D004
00000002
00007680
00000000
00000003
0401D200
00000F00
00000F00
00000000
0401D204
80000000
00000001
0601D020
0000002C
00010000
00000000
00000000
01000000
820007FF
0000000F
00000000
02000000
00000081
00000018
0601D024
00000000
05740000
00000000
00000000
0601D214
00000001
00000001
0601D000
0000002C
00000020
00000000
00000000
00000000
80000000
00000000
00000000
02000000
00000081
00000018
0601D004
00000002
0000AE80
00000000
00000003
0601D200
00000F00
00000F00
00000000
0601D204
80000000
00000080
00000010
00000000
00010100
00000080
00000010
00010000
00010100
00000080
00000010
00020000
00010100
00000080
00000010
00030000
00010100
00000001
0201D040
0000002C
00000800
00000000
00000000
00000000
80000000
00000000
00000000
02000000
00000081
00000018
0201D044
00000001
00000000
00000000
00000000
0201D21C
00000002
00000001
0001D020
0000002C
00010000
00000000
00000000
01000000
820007FF
0000000F
00000000
02000000
00000081
00000018
0001D024
00000000
00380000
00000000
00000000
0001D214
00000001
00000001
0001D000
0000002C
00000020
00000000
00000000
00000000
80000000
00000000
00000000
02000000
00000081
00000018
0001D004
00000002
00000700
00000000
00000003
0001D200
00000F00
00000F00
00000000
0001D204
80000000
00000001
0201D020
0000002C
00010000
00000000
00000000
01000000
820007FF
0000000F
00000000
02000000
00000081
00000018
0201D024
00000000
01F80000
00000000
00000000
0201D214
00000001
00000001
0201D000
0000002C
00000020
00000000
00000000
00000000
80000000
00000000
00000000
02000000
00000081
00000018
0201D004
00000002
00003F00
00000000
00000003
0201D200
00000F00
00000F00
00000000
0201D204
80000000
00000001
0401D020
0000002C
00010000
00000000
00000000
01000000
820007FF
0000000F
00000000
02000000
00000081
00000018
0401D024
00000000
03B80000
00000000
00000000
0401D214
00000001
00000001
0401D000
0000002C
00000020
00000000
00000000
00000000
80000000
00000000
00000000
02000000
00000081
00000018
0401D004
00000002
00007700
00000000
00000003
0401D200
00000F00
00000F00
00000000
0401D204
80000000
00000001
0601D020
0000002C
00010000
00000000
00000000
01000000
820007FF
0000000F
00000000
02000000
00000081
00000018
0601D024
00000000
05780000
00000000
00000000
0601D214
00000001
00000001
0601D000
0000002C
00000020
00000000
00000000
00000000
80000000
00000000
00000000
02000000
00000081
00000018
0601D004
00000002
0000AF00
00000000
00000003
0601D200
00000F00
00000F00
00000000
0601D204
80000000
00000080
00000010
00000000
00010100
00000080
00000010
00010000
00010100
00000080
00000010
00020000
00010100
00000080
00000010
00030000
00010100
00000001
0201D040
0000002C
00000800
00000000
00000000
00000000
80000000
00000000
00000000
02000000
00000081
00000018
0201D044
00000001
00000000
00000000
00000000
0201D21C
00000002
00000001
0001D020
0000002C
00010000
00000000
00000000
01000000
820007FF
0000000F
00000000
02000000
00000081
00000018
0001D024
00000000
003C0000
00000000
00000000
0001D214
00000001
00000001
0001D000
0000002C
00000020
00000000
00000000
00000000
80000000
00000000
00000000
02000000
00000081
00000018
0001D004
00000002
00000780
00000000
00000003
0001D200
00000F00
00000F00
00000000
0001D204
80000000
00000001
0201D020
0000002C
00010000
00000000
00000000
01000000
820007FF
0000000F
00000000
02000000
00000081
00000018
0201D024
00000000
01FC0000
00000000
00000000
0201D214
00000001
00000001
0201D000
0000002C
00000020
00000000
00000000
00000000
80000000
00000000
00000000
02000000
00000081
00000018
0201D004
00000002
00003F80
00000000
00000003
0201D200
00000F00
00000F00
00000000
0201D204
80000000
00000001
0401D020
0000002C
00010000
00000000
00000000
01000000
820007FF
0000000F
00000000
02000000
00000081
00000018
0401D024
00000000
03BC0000
00000000
00000000
0401D214
00000001
00000001
0401D000
0000002C
00000020
00000000
00000000
00000000
80000000
00000000
00000000
02000000
00000081
00000018
0401D004
00000002
00007780
00000000
00000003
0401D200
00000F00
00000F00
00000000
0401D204
80000000
00000001
0601D020
0000002C
00010000
00000000
00000000
01000000
820007FF
0000000F
00000000
02000000
00000081
00000018
0601D024
00000000
057C0000
00000000
00000000
0601D214
00000001
00000001
0601D000
0000002C
00000020
00000000
00000000
00000000
80000000
00000000
00000000
02000000
00000081
00000018
0601D004
00000002
0000AF80
00000000
00000003
0601D200
00000F00
00000F00
00000000
0601D204
80000000
00000080
00000010
00000000
00010100
00000080
00000010
00010000
00010100
00000080
00000010
00020000
00010100
00000080
00000010
00030000
00010100
00000001
0201D040
0000002C
00000800
00000000
00000000
00000000
80000000
00000000
00000000
02000000
00000081
00000018
0201D044
00000001
00000000
00000000
00000000
0201D21C
00000002
00000001
0001D020
0000002C
00010000
00000000
00000000
01000000
820007FF
0000000F
00000000
02000000
00000081
00000018
0001D024
00000000
00400000
00000000
00000000
0001D214
00000001
00000001
0001D000
0000002C
00000020
00000000
00000000
00000000
80000000
00000000
00000000
02000000
00000081
00000018
0001D004
00000002
00000800
00000000
00000003
0001D200
00000F00
00000F00
00000000
0001D204
80000000
00000001
0201D020
0000002C
00010000
00000000
00000000
01000000
820007FF
0000000F
00000000
02000000
00000081
00000018
0201D024
00000000
02000000
00000000
00000000
0201D214
00000001
00000001
0201D000
0000002C
00000020
00000000
00000000
00000000
80000000
00000000
00000000
02000000
00000081
00000018
0201D004
00000002
00004000
00000000
00000003
0201D200
00000F00
00000F00
00000000
0201D204
80000000
00000001
0401D020
0000002C
00010000
00000000
00000000
01000000
820007FF
0000000F
00000000
02000000
00000081
00000018
0401D024
00000000
03C00000
00000000
00000000
0401D214
00000001
00000001
0401D000
0000002C
00000020
00000000
00000000
00000000
80000000
00000000
00000000
02000000
00000081
00000018
0401D004
00000002
00007800
00000000
00000003
0401D200
00000F00
00000F00
00000000
0401D204
80000000
00000001
0601D020
0000002C
00010000
00000000
00000000
01000000
820007FF
0000000F
00000000
02000000
00000081
00000018
0601D024
00000000
05800000
00000000
00000000
0601D214
00000001
00000001
0601D000
0000002C
00000020
00000000
00000000
00000000
80000000
00000000
00000000
02000000
00000081
00000018
0601D004
00000002
0000B000
00000000
00000003
0601D200
00000F00
00000F00
00000000
0601D204
80000000
00000080
00000010
00000000
00010100
00000080
00000010
00010000
00010100
00000080
00000010
00020000
00010100
00000080
00000010
00030000
00010100
00000001
0201D040
0000002C
00000800
00000000
00000000
00000000
80000000
00000000
00000000
02000000
00000081
00000018
0201D044
00000001
00000000
00000000
00000000
0201D21C
00000002
00000001
0001D020
0000002C
00010000
00000000
00000000
01000000
820007FF
0000000F
00000000
02000000
00000081
00000018
0001D024
00000000
00440000
00000000
00000000
0001D214
00000001
00000001
0001D000
0000002C
00000020
00000000
00000000
00000000
80000000
00000000
00000000
02000000
00000081
00000018
0001D004
00000002
00000880
00000000
00000003
0001D200
00000F00
00000F00
00000000
0001D204
80000000
00000001
0201D020
0000002C
00010000
00000000
00000000
01000000
820007FF
0000000F
00000000
02000000
00000081
00000018
0201D024
00000000
02040000
00000000
00000000
0201D214
00000001
00000001
0201D000
0000002C
00000020
00000000
00000000
00000000
80000000
00000000
00000000
02000000
00000081
00000018
0201D004
00000002
00004080
00000000
00000003
0201D200
00000F00
00000F00
00000000
0201D204
80000000
00000001
0401D020
0000002C
00010000
00000000
00000000
01000000
820007FF
0000000F
00000000
02000000
00000081
00000018
0401D024
00000000
03C40000
00000000
00000000
0401D214
00000001
00000001
0401D000
0000002C
00000020
00000000
00000000
00000000
80000000
00000000
00000000
02000000
00000081
00000018
0401D004
00000002
00007880
00000000
00000003
0401D200
00000F00
00000F00
00000000
0401D204
80000000
00000001
0601D020
0000002C
00010000
00000000
00000000
01000000
820007FF
0000000F
00000000
02000000
00000081
00000018
0601D024
00000000
05840000
00000000
00000000
0601D214
00000001
00000001
0601D000
0000002C
00000020
00000000
00000000
00000000
80000000
00000000
00000000
02000000
00000081
00000018
0601D004
00000002
0000B080
00000000
00000003
0601D200
00000F00
00000F00
00000000
0601D204
80000000
00000080
00000010
00000000
00010100
00000080
00000010
00010000
00010100
00000080
00000010
00020000
00010100
00000080
00000010
00030000
00010100
00000001
0201D040
0000002C
00000800
00000000
00000000
00000000
80000000
00000000
00000000
02000000
00000081
00000018
0201D044
00000001
00000000
00000000
00000000
0201D21C
00000002
00000001
0001D020
0000002C
00010000
00000000
00000000
01000000
820007FF
0000000F
00000000
02000000
00000081
00000018
0001D024
00000000
00480000
00000000
00000000
0001D214
00000001
00000001
0001D000
0000002C
00000020
00000000
00000000
00000000
80000000
00000000
00000000
02000000
00000081
00000018
0001D004
00000002
00000900
00000000
00000003
0001D200
00000F00
00000F00
00000000
0001D204
80000000
00000001
0201D020
0000002C
00010000
00000000
00000000
01000000
820007FF
0000000F
00000000
02000000
00000081
00000018
0201D024
00000000
02080000
00000000
00000000
0201D214
00000001
00000001
0201D000
0000002C
00000020
00000000
00000000
00000000
80000000
00000000
00000000
02000000
00000081
00000018
0201D004
00000002
00004100
00000000
00000003
0201D200
00000F00
00000F00
00000000
0201D204
80000000
00000001
0401D020
0000002C
00010000
00000000
00000000
01000000
820007FF
0000000F
00000000
02000000
00000081
00000018
0401D024
00000000
03C80000
00000000
00000000
0401D214
00000001
00000001
0401D000
0000002C
00000020
00000000
00000000
00000000
80000000
00000000
00000000
02000000
00000081
00000018
0401D004
00000002
00007900
00000000
00000003
0401D200
00000F00
00000F00
00000000
0401D204
80000000
00000001
0601D020
0000002C
00010000
00000000
00000000
01000000
820007FF
0000000F
00000000
02000000
00000081
00000018
0601D024
00000000
05880000
00000000
00000000
0601D214
00000001
00000001
0601D000
0000002C
00000020
00000000
00000000
00000000
80000000
00000000
00000000
02000000
00000081
00000018
0601D004
00000002
0000B100
00000000
00000003
0601D200
00000F00
00000F00
00000000
0601D204
80000000
00000080
00000010
00000000
00010100
00000080
00000010
00010000
00010100
00000080
00000010
00020000
00010100
00000080
00000010
00030000
00010100
00000001
0201D040
0000002C
00000800
00000000
00000000
00000000
80000000
00000000
00000000
02000000
00000081
00000018
0201D044
00000001
00000000
00000000
00000000
0201D21C
00000002
00000001
0001D020
0000002C
00010000
00000000
00000000
01000000
820007FF
0000000F
00000000
02000000
00000081
00000018
0001D024
00000000
004C0000
00000000
00000000
0001D214
00000001
00000001
0001D000
0000002C
00000020
00000000
00000000
00000000
80000000
00000000
00000000
02000000
00000081
00000018
0001D004
00000002
00000980
00000000
00000003
0001D200
00000F00
00000F00
00000000
0001D204
80000000
00000001
0201D020
0000002C
00010000
00000000
00000000
01000000
820007FF
0000000F
00000000
02000000
00000081
00000018
0201D024
00000000
020C0000
00000000
00000000
0201D214
00000001
00000001
0201D000
0000002C
00000020
00000000
00000000
00000000
80000000
00000000
00000000
02000000
00000081
00000018
0201D004
00000002
00004180
00000000
00000003
0201D200
00000F00
00000F00
00000000
0201D204
80000000
00000001
0401D020
0000002C
00010000
00000000
00000000
01000000
820007FF
0000000F
00000000
02000000
00000081
00000018
0401D024
00000000
03CC0000
00000000
00000000
0401D214
00000001
00000001
0401D000
0000002C
00000020
00000000
00000000
00000000
80000000
00000000
00000000
02000000
00000081
00000018
0401D004
00000002
00007980
00000000
00000003
0401D200
00000F00
00000F00
00000000
0401D204
80000000
00000001
0601D020
0000002C
00010000
00000000
00000000
01000000
820007FF
0000000F
00000000
02000000
00000081
00000018
0601D024
00000000
058C0000
00000000
00000000
0601D214
00000001
00000001
0601D000
0000002C
00000020
00000000
00000000
00000000
80000000
00000000
00000000
02000000
00000081
00000018
0601D004
00000002
0000B180
00000000
00000003
0601D200
00000F00
00000F00
00000000
0601D204
80000000
00000080
00000010
00000000
00010100
00000080
00000010
00010000
00010100
00000080
00000010
00020000
00010100
00000080
00000010
00030000
00010100
00000001
0201D040
0000002C
00000800
00000000
00000000
00000000
80000000
00000000
00000000
02000000
00000081
00000018
0201D044
00000001
00000000
00000000
00000000
0201D21C
00000002
00000001
0001D020
0000002C
00010000
00000000
00000000
01000000
820007FF
0000000F
00000000
02000000
00000081
00000018
0001D024
00000000
00500000
00000000
00000000
0001D214
00000001
00000001
0001D000
0000002C
00000020
00000000
00000000
00000000
80000000
00000000
00000000
02000000
00000081
00000018
0001D004
00000002
00000A00
00000000
00000003
0001D200
00000F00
00000F00
00000000
0001D204
80000000
00000001
0201D020
0000002C
00010000
00000000
00000000
01000000
820007FF
0000000F
00000000
02000000
00000081
00000018
0201D024
00000000
02100000
00000000
00000000
0201D214
00000001
00000001
0201D000
0000002C
00000020
00000000
00000000
00000000
80000000
00000000
00000000
02000000
00000081
00000018
0201D004
00000002
00004200
00000000
00000003
0201D200
00000F00
00000F00
00000000
0201D204
80000000
00000001
0401D020
0000002C
00010000
00000000
00000000
01000000
820007FF
0000000F
00000000
02000000
00000081
00000018
0401D024
00000000
03D00000
00000000
00000000
0401D214
00000001
00000001
0401D000
0000002C
00000020
00000000
00000000
00000000
80000000
00000000
00000000
02000000
00000081
00000018
0401D004
00000002
00007A00
00000000
00000003
0401D200
00000F00
00000F00
00000000
0401D204
80000000
00000001
0601D020
0000002C
00010000
00000000
00000000
01000000
820007FF
0000000F
00000000
02000000
00000081
00000018
0601D024
00000000
05900000
00000000
00000000
0601D214
00000001
00000001
0601D000
0000002C
00000020
00000000
00000000
00000000
80000000
00000000
00000000
02000000
00000081
00000018
0601D004
00000002
0000B200
00000000
00000003
0601D200
00000F00
00000F00
00000000
0601D204
80000000
00000080
00000010
00000000
00010100
00000080
00000010
00010000
00010100
00000080
00000010
00020000
00010100
00000080
00000010
00030000
00010100
00000001
0201D040
0000002C
00000800
00000000
00000000
00000000
80000000
00000000
00000000
02000000
00000081
00000018
0201D044
00000001
00000000
00000000
00000000
0201D21C
00000002
00000001
0001D020
0000002C
00010000
00000000
00000000
01000000
820007FF
0000000F
00000000
02000000
00000081
00000018
0001D024
00000000
00540000
00000000
00000000
0001D214
00000001
00000001
0001D000
0000002C
00000020
00000000
00000000
00000000
80000000
00000000
00000000
02000000
00000081
00000018
0001D004
00000002
00000A80
00000000
00000003
0001D200
00000F00
00000F00
00000000
0001D204
80000000
00000001
0201D020
0000002C
00010000
00000000
00000000
01000000
820007FF
0000000F
00000000
02000000
00000081
00000018
0201D024
00000000
02140000
00000000
00000000
0201D214
00000001
00000001
0201D000
0000002C
00000020
00000000
00000000
00000000
80000000
00000000
00000000
02000000
00000081
00000018
0201D004
00000002
00004280
00000000
00000003
0201D200
00000F00
00000F00
00000000
0201D204
80000000
00000001
0401D020
0000002C
00010000
00000000
00000000
01000000
820007FF
0000000F
00000000
02000000
00000081
00000018
0401D024
00000000
03D40000
00000000
00000000
0401D214
00000001
00000001
0401D000
0000002C
00000020
00000000
00000000
00000000
80000000
00000000
00000000
02000000
00000081
00000018
0401D004
00000002
00007A80
00000000
00000003
0401D200
00000F00
00000F00
00000000
0401D204
80000000
00000001
0601D020
0000002C
00010000
00000000
00000000
01000000
820007FF
0000000F
00000000
02000000
00000081
00000018
0601D024
00000000
05940000
00000000
00000000
0601D214
00000001
00000001
0601D000
0000002C
00000020
00000000
00000000
00000000
80000000
00000000
00000000
02000000
00000081
00000018
0601D004
00000002
0000B280
00000000
00000003
0601D200
00000F00
00000F00
00000000
0601D204
80000000
00000080
00000010
00000000
00010100
00000080
00000010
00010000
00010100
00000080
00000010
00020000
00010100
00000080
00000010
00030000
00010100
00000001
0201D040
0000002C
00000800
00000000
00000000
00000000
80000000
00000000
00000000
02000000
00000081
00000018
0201D044
00000001
00000000
00000000
00000000
0201D21C
00000002
00000001
0001D020
0000002C
00010000
00000000
00000000
01000000
820007FF
0000000F
00000000
02000000
00000081
00000018
0001D024
00000000
00580000
00000000
00000000
0001D214
00000001
00000001
0001D000
0000002C
00000020
00000000
00000000
00000000
80000000
00000000
00000000
02000000
00000081
00000018
0001D004
00000002
00000B00
00000000
00000003
0001D200
00000F00
00000F00
00000000
0001D204
80000000
00000001
0201D020
0000002C
00010000
00000000
00000000
01000000
820007FF
0000000F
00000000
02000000
00000081
00000018
0201D024
00000000
02180000
00000000
00000000
0201D214
00000001
00000001
0201D000
0000002C
00000020
00000000
00000000
00000000
80000000
00000000
00000000
02000000
00000081
00000018
0201D004
00000002
00004300
00000000
00000003
0201D200
00000F00
00000F00
00000000
0201D204
80000000
00000001
0401D020
0000002C
00010000
00000000
00000000
01000000
820007FF
0000000F
00000000
02000000
00000081
00000018
0401D024
00000000
03D80000
00000000
00000000
0401D214
00000001
00000001
0401D000
0000002C
00000020
00000000
00000000
00000000
80000000
00000000
00000000
02000000
00000081
00000018
0401D004
00000002
00007B00
00000000
00000003
0401D200
00000F00
00000F00
00000000
0401D204
80000000
00000001
0601D020
0000002C
00010000
00000000
00000000
01000000
820007FF
0000000F
00000000
02000000
00000081
00000018
0601D024
00000000
05980000
00000000
00000000
0601D214
00000001
00000001
0601D000
0000002C
00000020
00000000
00000000
00000000
80000000
00000000
00000000
02000000
00000081
00000018
0601D004
00000002
0000B300
00000000
00000003
0601D200
00000F00
00000F00
00000000
0601D204
80000000
00000080
00000010
00000000
00010100
00000080
00000010
00010000
00010100
00000080
00000010
00020000
00010100
00000080
00000010
00030000
00010100
00000001
0201D040
0000002C
00000800
00000000
00000000
00000000
80000000
00000000
00000000
02000000
00000081
00000018
0201D044
00000001
00000000
00000000
00000000
0201D21C
00000002
00000001
0001D020
0000002C
00010000
00000000
00000000
01000000
820007FF
0000000F
00000000
02000000
00000081
00000018
0001D024
00000000
005C0000
00000000
00000000
0001D214
00000001
00000001
0001D000
0000002C
00000020
00000000
00000000
00000000
80000000
00000000
00000000
02000000
00000081
00000018
0001D004
00000002
00000B80
00000000
00000003
0001D200
00000F00
00000F00
00000000
0001D204
80000000
00000001
0201D020
0000002C
00010000
00000000
00000000
01000000
820007FF
0000000F
00000000
02000000
00000081
00000018
0201D024
00000000
021C0000
00000000
00000000
0201D214
00000001
00000001
0201D000
0000002C
00000020
00000000
00000000
00000000
80000000
00000000
00000000
02000000
00000081
00000018
0201D004
00000002
00004380
00000000
00000003
0201D200
00000F00
00000F00
00000000
0201D204
80000000
00000001
0401D020
0000002C
00010000
00000000
00000000
01000000
820007FF
0000000F
00000000
02000000
00000081
00000018
0401D024
00000000
03DC0000
00000000
00000000
0401D214
00000001
00000001
0401D000
0000002C
00000020
00000000
00000000
00000000
80000000
00000000
00000000
02000000
00000081
00000018
0401D004
00000002
00007B80
00000000
00000003
0401D200
00000F00
00000F00
00000000
0401D204
80000000
00000001
0601D020
0000002C
00010000
00000000
00000000
01000000
820007FF
0000000F
00000000
02000000
00000081
00000018
0601D024
00000000
059C0000
00000000
00000000
0601D214
00000001
00000001
0601D000
0000002C
00000020
00000000
00000000
00000000
80000000
00000000
00000000
02000000
00000081
00000018
0601D004
00000002
0000B380
00000000
00000003
0601D200
00000F00
00000F00
00000000
0601D204
80000000
00000080
00000010
00000000
00010100
00000080
00000010
00010000
00010100
00000080
00000010
00020000
00010100
00000080
00000010
00030000
00010100
00000001
0201D040
0000002C
00000800
00000000
00000000
00000000
80000000
00000000
00000000
02000000
00000081
00000018
0201D044
00000001
00000000
00000000
00000000
0201D21C
00000002
00000001
0001D020
0000002C
00010000
00000000
00000000
01000000
820007FF
0000000F
00000000
02000000
00000081
00000018
0001D024
00000000
00600000
00000000
00000000
0001D214
00000001
00000001
0001D000
0000002C
00000020
00000000
00000000
00000000
80000000
00000000
00000000
02000000
00000081
00000018
0001D004
00000002
00000C00
00000000
00000003
0001D200
00000F00
00000F00
00000000
0001D204
80000000
00000001
0201D020
0000002C
00010000
00000000
00000000
01000000
820007FF
0000000F
00000000
02000000
00000081
00000018
0201D024
00000000
02200000
00000000
00000000
0201D214
00000001
00000001
0201D000
0000002C
00000020
00000000
00000000
00000000
80000000
00000000
00000000
02000000
00000081
00000018
0201D004
00000002
00004400
00000000
00000003
0201D200
00000F00
00000F00
00000000
0201D204
80000000
00000001
0401D020
0000002C
00010000
00000000
00000000
01000000
820007FF
0000000F
00000000
02000000
00000081
00000018
0401D024
00000000
03E00000
00000000
00000000
0401D214
00000001
00000001
0401D000
0000002C
00000020
00000000
00000000
00000000
80000000
00000000
00000000
02000000
00000081
00000018
0401D004
00000002
00007C00
00000000
00000003
0401D200
00000F00
00000F00
00000000
0401D204
80000000
00000001
0601D020
0000002C
00010000
00000000
00000000
01000000
820007FF
0000000F
00000000
02000000
00000081
00000018
0601D024
00000000
05A00000
00000000
00000000
0601D214
00000001
00000001
0601D000
0000002C
00000020
00000000
00000000
00000000
80000000
00000000
00000000
02000000
00000081
00000018
0601D004
00000002
0000B400
00000000
00000003
0601D200
00000F00
00000F00
00000000
0601D204
80000000
00000080
00000010
00000000
00010100
00000080
00000010
00010000
00010100
00000080
00000010
00020000
00010100
00000080
00000010
00030000
00010100
00000001
0201D040
0000002C
00000800
00000000
00000000
00000000
80000000
00000000
00000000
02000000
00000081
00000018
0201D044
00000001
00000000
00000000
00000000
0201D21C
00000002
00000001
0001D020
0000002C
00010000
00000000
00000000
01000000
820007FF
0000000F
00000000
02000000
00000081
00000018
0001D024
00000000
00640000
00000000
00000000
0001D214
00000001
00000001
0001D000
0000002C
00000020
00000000
00000000
00000000
80000000
00000000
00000000
02000000
00000081
00000018
0001D004
00000002
00000C80
00000000
00000003
0001D200
00000F00
00000F00
00000000
0001D204
80000000
00000001
0201D020
0000002C
00010000
00000000
00000000
01000000
820007FF
0000000F
00000000
02000000
00000081
00000018
0201D024
00000000
02240000
00000000
00000000
0201D214
00000001
00000001
0201D000
0000002C
00000020
00000000
00000000
00000000
80000000
00000000
00000000
02000000
00000081
00000018
0201D004
00000002
00004480
00000000
00000003
0201D200
00000F00
00000F00
00000000
0201D204
80000000
00000001
0401D020
0000002C
00010000
00000000
00000000
01000000
820007FF
0000000F
00000000
02000000
00000081
00000018
0401D024
00000000
03E40000
00000000
00000000
0401D214
00000001
00000001
0401D000
0000002C
00000020
00000000
00000000
00000000
80000000
00000000
00000000
02000000
00000081
00000018
0401D004
00000002
00007C80
00000000
00000003
0401D200
00000F00
00000F00
00000000
0401D204
80000000
00000001
0601D020
0000002C
00010000
00000000
00000000
01000000
820007FF
0000000F
00000000
02000000
00000081
00000018
0601D024
00000000
05A40000
00000000
00000000
0601D214
00000001
00000001
0601D000
0000002C
00000020
00000000
00000000
00000000
80000000
00000000
00000000
02000000
00000081
00000018
0601D004
00000002
0000B480
00000000
00000003
0601D200
00000F00
00000F00
00000000
0601D204
80000000
00000080
00000010
00000000
00010100
00000080
00000010
00010000
00010100
00000080
00000010
00020000
00010100
00000080
00000010
00030000
00010100
00000001
0201D040
0000002C
00000800
00000000
00000000
00000000
80000000
00000000
00000000
02000000
00000081
00000018
0201D044
00000001
00000000
00000000
00000000
0201D21C
00000002
00000001
0001D020
0000002C
00010000
00000000
00000000
01000000
820007FF
0000000F
00000000
02000000
00000081
00000018
0001D024
00000000
00680000
00000000
00000000
0001D214
00000001
00000001
0001D000
0000002C
00000020
00000000
00000000
00000000
80000000
00000000
00000000
02000000
00000081
00000018
0001D004
00000002
00000D00
00000000
00000003
0001D200
00000F00
00000F00
00000000
0001D204
80000000
00000001
0201D020
0000002C
00010000
00000000
00000000
01000000
820007FF
0000000F
00000000
02000000
00000081
00000018
0201D024
00000000
02280000
00000000
00000000
0201D214
00000001
00000001
0201D000
0000002C
00000020
00000000
00000000
00000000
80000000
00000000
00000000
02000000
00000081
00000018
0201D004
00000002
00004500
00000000
00000003
0201D200
00000F00
00000F00
00000000
0201D204
80000000
00000001
0401D020
0000002C
00010000
00000000
00000000
01000000
820007FF
0000000F
00000000
02000000
00000081
00000018
0401D024
00000000
03E80000
00000000
00000000
0401D214
00000001
00000001
0401D000
0000002C
00000020
00000000
00000000
00000000
80000000
00000000
00000000
02000000
00000081
00000018
0401D004
00000002
00007D00
00000000
00000003
0401D200
00000F00
00000F00
00000000
0401D204
80000000
00000001
0601D020
0000002C
00010000
00000000
00000000
01000000
820007FF
0000000F
00000000
02000000
00000081
00000018
0601D024
00000000
05A80000
00000000
00000000
0601D214
00000001
00000001
0601D000
0000002C
00000020
00000000
00000000
00000000
80000000
00000000
00000000
02000000
00000081
00000018
0601D004
00000002
0000B500
00000000
00000003
0601D200
00000F00
00000F00
00000000
0601D204
80000000
00000080
00000010
00000000
00010100
00000080
00000010
00010000
00010100
00000080
00000010
00020000
00010100
00000080
00000010
00030000
00010100
00000001
0201D040
0000002C
00000800
00000000
00000000
00000000
80000000
00000000
00000000
02000000
00000081
00000018
0201D044
00000001
00000000
00000000
00000000
0201D21C
00000002
00000001
0001D020
0000002C
00010000
00000000
00000000
01000000
820007FF
0000000F
00000000
02000000
00000081
00000018
0001D024
00000000
006C0000
00000000
00000000
0001D214
00000001
00000001
0001D000
0000002C
00000020
00000000
00000000
00000000
80000000
00000000
00000000
02000000
00000081
00000018
0001D004
00000002
00000D80
00000000
00000003
0001D200
00000F00
00000F00
00000000
0001D204
80000000
00000001
0201D020
0000002C
00010000
00000000
00000000
01000000
820007FF
0000000F
00000000
02000000
00000081
00000018
0201D024
00000000
022C0000
00000000
00000000
0201D214
00000001
00000001
0201D000
0000002C
00000020
00000000
00000000
00000000
80000000
00000000
00000000
02000000
00000081
00000018
0201D004
00000002
00004580
00000000
00000003
0201D200
00000F00
00000F00
00000000
0201D204
80000000
00000001
0401D020
0000002C
00010000
00000000
00000000
01000000
820007FF
0000000F
00000000
02000000
00000081
00000018
0401D024
00000000
03EC0000
00000000
00000000
0401D214
00000001
00000001
0401D000
0000002C
00000020
00000000
00000000
00000000
80000000
00000000
00000000
02000000
00000081
00000018
0401D004
00000002
00007D80
00000000
00000003
0401D200
00000F00
00000F00
00000000
0401D204
80000000
00000001
0601D020
0000002C
00010000
00000000
00000000
01000000
820007FF
0000000F
00000000
02000000
00000081
00000018
0601D024
00000000
05AC0000
00000000
00000000
0601D214
00000001
00000001
0601D000
0000002C
00000020
00000000
00000000
00000000
80000000
00000000
00000000
02000000
00000081
00000018
0601D004
00000002
0000B580
00000000
00000003
0601D200
00000F00
00000F00
00000000
0601D204
80000000
00000080
00000010
00000000
00010100
00000080
00000010
00010000
00010100
00000080
00000010
00020000
00010100
00000080
00000010
00030000
00010100
00000001
0201D040
0000002C
00000800
00000000
00000000
00000000
80000000
00000000
00000000
02000000
00000081
00000018
0201D044
00000001
00000000
00000000
00000000
0201D21C
00000002
00000001
0001D020
0000002C
00010000
00000000
00000000
01000000
820007FF
0000000F
00000000
02000000
00000081
00000018
0001D024
00000000
00700000
00000000
00000000
0001D214
00000001
00000001
0001D000
0000002C
00000020
00000000
00000000
00000000
80000000
00000000
00000000
02000000
00000081
00000018
0001D004
00000002
00000E00
00000000
00000003
0001D200
00000F00
00000F00
00000000
0001D204
80000000
00000001
0201D020
0000002C
00010000
00000000
00000000
01000000
820007FF
0000000F
00000000
02000000
00000081
00000018
0201D024
00000000
02300000
00000000
00000000
0201D214
00000001
00000001
0201D000
0000002C
00000020
00000000
00000000
00000000
80000000
00000000
00000000
02000000
00000081
00000018
0201D004
00000002
00004600
00000000
00000003
0201D200
00000F00
00000F00
00000000
0201D204
80000000
00000001
0401D020
0000002C
00010000
00000000
00000000
01000000
820007FF
0000000F
00000000
02000000
00000081
00000018
0401D024
00000000
03F00000
00000000
00000000
0401D214
00000001
00000001
0401D000
0000002C
00000020
00000000
00000000
00000000
80000000
00000000
00000000
02000000
00000081
00000018
0401D004
00000002
00007E00
00000000
00000003
0401D200
00000F00
00000F00
00000000
0401D204
80000000
00000001
0601D020
0000002C
00010000
00000000
00000000
01000000
820007FF
0000000F
00000000
02000000
00000081
00000018
0601D024
00000000
05B00000
00000000
00000000
0601D214
00000001
00000001
0601D000
0000002C
00000020
00000000
00000000
00000000
80000000
00000000
00000000
02000000
00000081
00000018
0601D004
00000002
0000B600
00000000
00000003
0601D200
00000F00
00000F00
00000000
0601D204
80000000
00000080
00000010
00000000
00010100
00000080
00000010
00010000
00010100
00000080
00000010
00020000
00010100
00000080
00000010
00030000
00010100
00000001
0201D040
0000002C
00000800
00000000
00000000
00000000
80000000
00000000
00000000
02000000
00000081
00000018
0201D044
00000001
00000000
00000000
00000000
0201D21C
00000002
00000001
0001D020
0000002C
00010000
00000000
00000000
01000000
820007FF
0000000F
00000000
02000000
00000081
00000018
0001D024
00000000
00740000
00000000
00000000
0001D214
00000001
00000001
0001D000
0000002C
00000020
00000000
00000000
00000000
80000000
00000000
00000000
02000000
00000081
00000018
0001D004
00000002
00000E80
00000000
00000003
0001D200
00000F00
00000F00
00000000
0001D204
80000000
00000001
0201D020
0000002C
00010000
00000000
00000000
01000000
820007FF
0000000F
00000000
02000000
00000081
00000018
0201D024
00000000
02340000
00000000
00000000
0201D214
00000001
00000001
0201D000
0000002C
00000020
00000000
00000000
00000000
80000000
00000000
00000000
02000000
00000081
00000018
0201D004
00000002
00004680
00000000
00000003
0201D200
00000F00
00000F00
00000000
0201D204
80000000
00000001
0401D020
0000002C
00010000
00000000
00000000
01000000
820007FF
0000000F
00000000
02000000
00000081
00000018
0401D024
00000000
03F40000
00000000
00000000
0401D214
00000001
00000001
0401D000
0000002C
00000020
00000000
00000000
00000000
80000000
00000000
00000000
02000000
00000081
00000018
0401D004
00000002
00007E80
00000000
00000003
0401D200
00000F00
00000F00
00000000
0401D204
80000000
00000001
0601D020
0000002C
00010000
00000000
00000000
01000000
820007FF
0000000F
00000000
02000000
00000081
00000018
0601D024
00000000
05B40000
00000000
00000000
0601D214
00000001
00000001
0601D000
0000002C
00000020
00000000
00000000
00000000
80000000
00000000
00000000
02000000
00000081
00000018
0601D004
00000002
0000B680
00000000
00000003
0601D200
00000F00
00000F00
00000000
0601D204
80000000
00000080
00000010
00000000
00010100
00000080
00000010
00010000
00010100
00000080
00000010
00020000
00010100
00000080
00000010
00030000
00010100
00000001
0201D040
0000002C
00000800
00000000
00000000
00000000
80000000
00000000
00000000
02000000
00000081
00000018
0201D044
00000001
00000000
00000000
00000000
0201D21C
00000002
00000001
0001D020
0000002C
00010000
00000000
00000000
01000000
820007FF
0000000F
00000000
02000000
00000081
00000018
0001D024
00000000
00780000
00000000
00000000
0001D214
00000001
00000001
0001D000
0000002C
00000020
00000000
00000000
00000000
80000000
00000000
00000000
02000000
00000081
00000018
0001D004
00000002
00000F00
00000000
00000003
0001D200
00000F00
00000F00
00000000
0001D204
80000000
00000001
0201D020
0000002C
00010000
00000000
00000000
01000000
820007FF
0000000F
00000000
02000000
00000081
00000018
0201D024
00000000
02380000
00000000
00000000
0201D214
00000001
00000001
0201D000
0000002C
00000020
00000000
00000000
00000000
80000000
00000000
00000000
02000000
00000081
00000018
0201D004
00000002
00004700
00000000
00000003
0201D200
00000F00
00000F00
00000000
0201D204
80000000
00000001
0401D020
0000002C
00010000
00000000
00000000
01000000
820007FF
0000000F
00000000
02000000
00000081
00000018
0401D024
00000000
03F80000
00000000
00000000
0401D214
00000001
00000001
0401D000
0000002C
00000020
00000000
00000000
00000000
80000000
00000000
00000000
02000000
00000081
00000018
0401D004
00000002
00007F00
00000000
00000003
0401D200
00000F00
00000F00
00000000
0401D204
80000000
00000001
0601D020
0000002C
00010000
00000000
00000000
01000000
820007FF
0000000F
00000000
02000000
00000081
00000018
0601D024
00000000
05B80000
00000000
00000000
0601D214
00000001
00000001
0601D000
0000002C
00000020
00000000
00000000
00000000
80000000
00000000
00000000
02000000
00000081
00000018
0601D004
00000002
0000B700
00000000
00000003
0601D200
00000F00
00000F00
00000000
0601D204
80000000
00000080
00000010
00000000
00010100
00000080
00000010
00010000
00010100
00000080
00000010
00020000
00010100
00000080
00000010
00030000
00010100
00000001
0201D040
0000002C
00000800
00000000
00000000
00000000
80000000
00000000
00000000
02000000
00000081
00000018
0201D044
00000001
00000000
00000000
00000000
0201D21C
00000002
00000001
0001D020
0000002C
00010000
00000000
00000000
01000000
820007FF
0000000F
00000000
02000000
00000081
00000018
0001D024
00000000
007C0000
00000000
00000000
0001D214
00000001
00000001
0001D000
0000002C
00000020
00000000
00000000
00000000
80000000
00000000
00000000
02000000
00000081
00000018
0001D004
00000002
00000F80
00000000
00000003
0001D200
00000F00
00000F00
00000000
0001D204
80000000
00000001
0201D020
0000002C
00010000
00000000
00000000
01000000
820007FF
0000000F
00000000
02000000
00000081
00000018
0201D024
00000000
023C0000
00000000
00000000
0201D214
00000001
00000001
0201D000
0000002C
00000020
00000000
00000000
00000000
80000000
00000000
00000000
02000000
00000081
00000018
0201D004
00000002
00004780
00000000
00000003
0201D200
00000F00
00000F00
00000000
0201D204
80000000
00000001
0401D020
0000002C
00010000
00000000
00000000
01000000
820007FF
0000000F
00000000
02000000
00000081
00000018
0401D024
00000000
03FC0000
00000000
00000000
0401D214
00000001
00000001
0401D000
0000002C
00000020
00000000
00000000
00000000
80000000
00000000
00000000
02000000
00000081
00000018
0401D004
00000002
00007F80
00000000
00000003
0401D200
00000F00
00000F00
00000000
0401D204
80000000
00000001
0601D020
0000002C
00010000
00000000
00000000
01000000
820007FF
0000000F
00000000
02000000
00000081
00000018
0601D024
00000000
05BC0000
00000000
00000000
0601D214
00000001
00000001
0601D000
0000002C
00000020
00000000
00000000
00000000
80000000
00000000
00000000
02000000
00000081
00000018
0601D004
00000002
0000B780
00000000
00000003
0601D200
00000F00
00000F00
00000000
0601D204
80000000
00000080
00000010
00000000
00010100
00000080
00000010
00010000
00010100
00000080
00000010
00020000
00010100
00000080
00000010
00030000
00010100
00000001
0201D040
0000002C
00000800
00000000
00000000
00000000
80000000
00000000
00000000
02000000
00000081
00000018
0201D044
00000001
00000000
00000000
00000000
0201D21C
00000002
00000001
0001D020
0000002C
00010000
00000000
00000000
01000000
820007FF
0000000F
00000000
02000000
00000081
00000018
0001D024
00000000
00800000
00000000
00000000
0001D214
00000001
00000001
0001D000
0000002C
00000020
00000000
00000000
00000000
80000000
00000000
00000000
02000000
00000081
00000018
0001D004
00000002
00001000
00000000
00000003
0001D200
00000F00
00000F00
00000000
0001D204
80000000
00000001
0201D020
0000002C
00010000
00000000
00000000
01000000
820007FF
0000000F
00000000
02000000
00000081
00000018
0201D024
00000000
02400000
00000000
00000000
0201D214
00000001
00000001
0201D000
0000002C
00000020
00000000
00000000
00000000
80000000
00000000
00000000
02000000
00000081
00000018
0201D004
00000002
00004800
00000000
00000003
0201D200
00000F00
00000F00
00000000
0201D204
80000000
00000001
0401D020
0000002C
00010000
00000000
00000000
01000000
820007FF
0000000F
00000000
02000000
00000081
00000018
0401D024
00000000
04000000
00000000
00000000
0401D214
00000001
00000001
0401D000
0000002C
00000020
00000000
00000000
00000000
80000000
00000000
00000000
02000000
00000081
00000018
0401D004
00000002
00008000
00000000
00000003
0401D200
00000F00
00000F00
00000000
0401D204
80000000
00000001
0601D020
0000002C
00010000
00000000
00000000
01000000
820007FF
0000000F
00000000
02000000
00000081
00000018
0601D024
00000000
05C00000
00000000
00000000
0601D214
00000001
00000001
0601D000
0000002C
00000020
00000000
00000000
00000000
80000000
00000000
00000000
02000000
00000081
00000018
0601D004
00000002
0000B800
00000000
00000003
0601D200
00000F00
00000F00
00000000
0601D204
80000000
00000080
00000010
00000000
00010100
00000080
00000010
00010000
00010100
00000080
00000010
00020000
00010100
00000080
00000010
00030000
00010100
00000001
0201D040
0000002C
00000800
00000000
00000000
00000000
80000000
00000000
00000000
02000000
00000081
00000018
0201D044
00000001
00000000
00000000
00000000
0201D21C
00000002
00000001
0001D020
0000002C
00010000
00000000
00000000
01000000
820007FF
0000000F
00000000
02000000
00000081
00000018
0001D024
00000000
00840000
00000000
00000000
0001D214
00000001
00000001
0001D000
0000002C
00000020
00000000
00000000
00000000
80000000
00000000
00000000
02000000
00000081
00000018
0001D004
00000002
00001080
00000000
00000003
0001D200
00000F00
00000F00
00000000
0001D204
80000000
00000001
0201D020
0000002C
00010000
00000000
00000000
01000000
820007FF
0000000F
00000000
02000000
00000081
00000018
0201D024
00000000
02440000
00000000
00000000
0201D214
00000001
00000001
0201D000
0000002C
00000020
00000000
00000000
00000000
80000000
00000000
00000000
02000000
00000081
00000018
0201D004
00000002
00004880
00000000
00000003
0201D200
00000F00
00000F00
00000000
0201D204
80000000
00000001
0401D020
0000002C
00010000
00000000
00000000
01000000
820007FF
0000000F
00000000
02000000
00000081
00000018
0401D024
00000000
04040000
00000000
00000000
0401D214
00000001
00000001
0401D000
0000002C
00000020
00000000
00000000
00000000
80000000
00000000
00000000
02000000
00000081
00000018
0401D004
00000002
00008080
00000000
00000003
0401D200
00000F00
00000F00
00000000
0401D204
80000000
00000001
0601D020
0000002C
00010000
00000000
00000000
01000000
820007FF
0000000F
00000000
02000000
00000081
00000018
0601D024
00000000
05C40000
00000000
00000000
0601D214
00000001
00000001
0601D000
0000002C
00000020
00000000
00000000
00000000
80000000
00000000
00000000
02000000
00000081
00000018
0601D004
00000002
0000B880
00000000
00000003
0601D200
00000F00
00000F00
00000000
0601D204
80000000
00000080
00000010
00000000
00010100
00000080
00000010
00010000
00010100
00000080
00000010
00020000
00010100
00000080
00000010
00030000
00010100
00000001
0201D040
0000002C
00000800
00000000
00000000
00000000
80000000
00000000
00000000
02000000
00000081
00000018
0201D044
00000001
00000000
00000000
00000000
0201D21C
00000002
00000001
0001D020
0000002C
00010000
00000000
00000000
01000000
820007FF
0000000F
00000000
02000000
00000081
00000018
0001D024
00000000
00880000
00000000
00000000
0001D214
00000001
00000001
0001D000
0000002C
00000020
00000000
00000000
00000000
80000000
00000000
00000000
02000000
00000081
00000018
0001D004
00000002
00001100
00000000
00000003
0001D200
00000F00
00000F00
00000000
0001D204
80000000
00000001
0201D020
0000002C
00010000
00000000
00000000
01000000
820007FF
0000000F
00000000
02000000
00000081
00000018
0201D024
00000000
02480000
00000000
00000000
0201D214
00000001
00000001
0201D000
0000002C
00000020
00000000
00000000
00000000
80000000
00000000
00000000
02000000
00000081
00000018
0201D004
00000002
00004900
00000000
00000003
0201D200
00000F00
00000F00
00000000
0201D204
80000000
00000001
0401D020
0000002C
00010000
00000000
00000000
01000000
820007FF
0000000F
00000000
02000000
00000081
00000018
0401D024
00000000
04080000
00000000
00000000
0401D214
00000001
00000001
0401D000
0000002C
00000020
00000000
00000000
00000000
80000000
00000000
00000000
02000000
00000081
00000018
0401D004
00000002
00008100
00000000
00000003
0401D200
00000F00
00000F00
00000000
0401D204
80000000
00000001
0601D020
0000002C
00010000
00000000
00000000
01000000
820007FF
0000000F
00000000
02000000
00000081
00000018
0601D024
00000000
05C80000
00000000
00000000
0601D214
00000001
00000001
0601D000
0000002C
00000020
00000000
00000000
00000000
80000000
00000000
00000000
02000000
00000081
00000018
0601D004
00000002
0000B900
00000000
00000003
0601D200
00000F00
00000F00
00000000
0601D204
80000000
00000080
00000010
00000000
00010100
00000080
00000010
00010000
00010100
00000080
00000010
00020000
00010100
00000080
00000010
00030000
00010100
00000001
0201D040
0000002C
00000800
00000000
00000000
00000000
80000000
00000000
00000000
02000000
00000081
00000018
0201D044
00000001
00000000
00000000
00000000
0201D21C
00000002
00000001
0001D020
0000002C
00010000
00000000
00000000
01000000
820007FF
0000000F
00000000
02000000
00000081
00000018
0001D024
00000000
008C0000
00000000
00000000
0001D214
00000001
00000001
0001D000
0000002C
00000020
00000000
00000000
00000000
80000000
00000000
00000000
02000000
00000081
00000018
0001D004
00000002
00001180
00000000
00000003
0001D200
00000F00
00000F00
00000000
0001D204
80000000
00000001
0201D020
0000002C
00010000
00000000
00000000
01000000
820007FF
0000000F
00000000
02000000
00000081
00000018
0201D024
00000000
024C0000
00000000
00000000
0201D214
00000001
00000001
0201D000
0000002C
00000020
00000000
00000000
00000000
80000000
00000000
00000000
02000000
00000081
00000018
0201D004
00000002
00004980
00000000
00000003
0201D200
00000F00
00000F00
00000000
0201D204
80000000
00000001
0401D020
0000002C
00010000
00000000
00000000
01000000
820007FF
0000000F
00000000
02000000
00000081
00000018
0401D024
00000000
040C0000
00000000
00000000
0401D214
00000001
00000001
0401D000
0000002C
00000020
00000000
00000000
00000000
80000000
00000000
00000000
02000000
00000081
00000018
0401D004
00000002
00008180
00000000
00000003
0401D200
00000F00
00000F00
00000000
0401D204
80000000
00000001
0601D020
0000002C
00010000
00000000
00000000
01000000
820007FF
0000000F
00000000
02000000
00000081
00000018
0601D024
00000000
05CC0000
00000000
00000000
0601D214
00000001
00000001
0601D000
0000002C
00000020
00000000
00000000
00000000
80000000
00000000
00000000
02000000
00000081
00000018
0601D004
00000002
0000B980
00000000
00000003
0601D200
00000F00
00000F00
00000000
0601D204
80000000
00000080
00000010
00000000
00010100
00000080
00000010
00010000
00010100
00000080
00000010
00020000
00010100
00000080
00000010
00030000
00010100
00000001
0201D040
0000002C
00000800
00000000
00000000
00000000
80000000
00000000
00000000
02000000
00000081
00000018
0201D044
00000001
00000000
00000000
00000000
0201D21C
00000002
00000001
0001D020
0000002C
00010000
00000000
00000000
01000000
820007FF
0000000F
00000000
02000000
00000081
00000018
0001D024
00000000
00900000
00000000
00000000
0001D214
00000001
00000001
0001D000
0000002C
00000020
00000000
00000000
00000000
80000000
00000000
00000000
02000000
00000081
00000018
0001D004
00000002
00001200
00000000
00000003
0001D200
00000F00
00000F00
00000000
0001D204
80000000
00000001
0201D020
0000002C
00010000
00000000
00000000
01000000
820007FF
0000000F
00000000
02000000
00000081
00000018
0201D024
00000000
02500000
00000000
00000000
0201D214
00000001
00000001
0201D000
0000002C
00000020
00000000
00000000
00000000
80000000
00000000
00000000
02000000
00000081
00000018
0201D004
00000002
00004A00
00000000
00000003
0201D200
00000F00
00000F00
00000000
0201D204
80000000
00000001
0401D020
0000002C
00010000
00000000
00000000
01000000
820007FF
0000000F
00000000
02000000
00000081
00000018
0401D024
00000000
04100000
00000000
00000000
0401D214
00000001
00000001
0401D000
0000002C
00000020
00000000
00000000
00000000
80000000
00000000
00000000
02000000
00000081
00000018
0401D004
00000002
00008200
00000000
00000003
0401D200
00000F00
00000F00
00000000
0401D204
80000000
00000001
0601D020
0000002C
00010000
00000000
00000000
01000000
820007FF
0000000F
00000000
02000000
00000081
00000018
0601D024
00000000
05D00000
00000000
00000000
0601D214
00000001
00000001
0601D000
0000002C
00000020
00000000
00000000
00000000
80000000
00000000
00000000
02000000
00000081
00000018
0601D004
00000002
0000BA00
00000000
00000003
0601D200
00000F00
00000F00
00000000
0601D204
80000000
00000080
00000010
00000000
00010100
00000080
00000010
00010000
00010100
00000080
00000010
00020000
00010100
00000080
00000010
00030000
00010100
00000001
0201D040
0000002C
00000800
00000000
00000000
00000000
80000000
00000000
00000000
02000000
00000081
00000018
0201D044
00000001
00000000
00000000
00000000
0201D21C
00000002
00000001
0001D020
0000002C
00010000
00000000
00000000
01000000
820007FF
0000000F
00000000
02000000
00000081
00000018
0001D024
00000000
00940000
00000000
00000000
0001D214
00000001
00000001
0001D000
0000002C
00000020
00000000
00000000
00000000
80000000
00000000
00000000
02000000
00000081
00000018
0001D004
00000002
00001280
00000000
00000003
0001D200
00000F00
00000F00
00000000
0001D204
80000000
00000001
0201D020
0000002C
00010000
00000000
00000000
01000000
820007FF
0000000F
00000000
02000000
00000081
00000018
0201D024
00000000
02540000
00000000
00000000
0201D214
00000001
00000001
0201D000
0000002C
00000020
00000000
00000000
00000000
80000000
00000000
00000000
02000000
00000081
00000018
0201D004
00000002
00004A80
00000000
00000003
0201D200
00000F00
00000F00
00000000
0201D204
80000000
00000001
0401D020
0000002C
00010000
00000000
00000000
01000000
820007FF
0000000F
00000000
02000000
00000081
00000018
0401D024
00000000
04140000
00000000
00000000
0401D214
00000001
00000001
0401D000
0000002C
00000020
00000000
00000000
00000000
80000000
00000000
00000000
02000000
00000081
00000018
0401D004
00000002
00008280
00000000
00000003
0401D200
00000F00
00000F00
00000000
0401D204
80000000
00000001
0601D020
0000002C
00010000
00000000
00000000
01000000
820007FF
0000000F
00000000
02000000
00000081
00000018
0601D024
00000000
05D40000
00000000
00000000
0601D214
00000001
00000001
0601D000
0000002C
00000020
00000000
00000000
00000000
80000000
00000000
00000000
02000000
00000081
00000018
0601D004
00000002
0000BA80
00000000
00000003
0601D200
00000F00
00000F00
00000000
0601D204
80000000
00000080
00000010
00000000
00010100
00000080
00000010
00010000
00010100
00000080
00000010
00020000
00010100
00000080
00000010
00030000
00010100
00000001
0201D040
0000002C
00000800
00000000
00000000
00000000
80000000
00000000
00000000
02000000
00000081
00000018
0201D044
00000001
00000000
00000000
00000000
0201D21C
00000002
00000001
0001D020
0000002C
00010000
00000000
00000000
01000000
820007FF
0000000F
00000000
02000000
00000081
00000018
0001D024
00000000
00980000
00000000
00000000
0001D214
00000001
00000001
0001D000
0000002C
00000020
00000000
00000000
00000000
80000000
00000000
00000000
02000000
00000081
00000018
0001D004
00000002
00001300
00000000
00000003
0001D200
00000F00
00000F00
00000000
0001D204
80000000
00000001
0201D020
0000002C
00010000
00000000
00000000
01000000
820007FF
0000000F
00000000
02000000
00000081
00000018
0201D024
00000000
02580000
00000000
00000000
0201D214
00000001
00000001
0201D000
0000002C
00000020
00000000
00000000
00000000
80000000
00000000
00000000
02000000
00000081
00000018
0201D004
00000002
00004B00
00000000
00000003
0201D200
00000F00
00000F00
00000000
0201D204
80000000
00000001
0401D020
0000002C
00010000
00000000
00000000
01000000
820007FF
0000000F
00000000
02000000
00000081
00000018
0401D024
00000000
04180000
00000000
00000000
0401D214
00000001
00000001
0401D000
0000002C
00000020
00000000
00000000
00000000
80000000
00000000
00000000
02000000
00000081
00000018
0401D004
00000002
00008300
00000000
00000003
0401D200
00000F00
00000F00
00000000
0401D204
80000000
00000001
0601D020
0000002C
00010000
00000000
00000000
01000000
820007FF
0000000F
00000000
02000000
00000081
00000018
0601D024
00000000
05D80000
00000000
00000000
0601D214
00000001
00000001
0601D000
0000002C
00000020
00000000
00000000
00000000
80000000
00000000
00000000
02000000
00000081
00000018
0601D004
00000002
0000BB00
00000000
00000003
0601D200
00000F00
00000F00
00000000
0601D204
80000000
00000080
00000010
00000000
00010100
00000080
00000010
00010000
00010100
00000080
00000010
00020000
00010100
00000080
00000010
00030000
00010100
00000001
0201D040
0000002C
00000800
00000000
00000000
00000000
80000000
00000000
00000000
02000000
00000081
00000018
0201D044
00000001
00000000
00000000
00000000
0201D21C
00000002
00000001
0001D020
0000002C
00010000
00000000
00000000
01000000
820007FF
0000000F
00000000
02000000
00000081
00000018
0001D024
00000000
009C0000
00000000
00000000
0001D214
00000001
00000001
0001D000
0000002C
00000020
00000000
00000000
00000000
80000000
00000000
00000000
02000000
00000081
00000018
0001D004
00000002
00001380
00000000
00000003
0001D200
00000F00
00000F00
00000000
0001D204
80000000
00000001
0201D020
0000002C
00010000
00000000
00000000
01000000
820007FF
0000000F
00000000
02000000
00000081
00000018
0201D024
00000000
025C0000
00000000
00000000
0201D214
00000001
00000001
0201D000
0000002C
00000020
00000000
00000000
00000000
80000000
00000000
00000000
02000000
00000081
00000018
0201D004
00000002
00004B80
00000000
00000003
0201D200
00000F00
00000F00
00000000
0201D204
80000000
00000001
0401D020
0000002C
00010000
00000000
00000000
01000000
820007FF
0000000F
00000000
02000000
00000081
00000018
0401D024
00000000
041C0000
00000000
00000000
0401D214
00000001
00000001
0401D000
0000002C
00000020
00000000
00000000
00000000
80000000
00000000
00000000
02000000
00000081
00000018
0401D004
00000002
00008380
00000000
00000003
0401D200
00000F00
00000F00
00000000
0401D204
80000000
00000001
0601D020
0000002C
00010000
00000000
00000000
01000000
820007FF
0000000F
00000000
02000000
00000081
00000018
0601D024
00000000
05DC0000
00000000
00000000
0601D214
00000001
00000001
0601D000
0000002C
00000020
00000000
00000000
00000000
80000000
00000000
00000000
02000000
00000081
00000018
0601D004
00000002
0000BB80
00000000
00000003
0601D200
00000F00
00000F00
00000000
0601D204
80000000
00000080
00000010
00000000
00010100
00000080
00000010
00010000
00010100
00000080
00000010
00020000
00010100
00000080
00000010
00030000
00010100
00000001
0201D040
0000002C
00000800
00000000
00000000
00000000
80000000
00000000
00000000
02000000
00000081
00000018
0201D044
00000001
00000000
00000000
00000000
0201D21C
00000002
00000001
0001D020
0000002C
00010000
00000000
00000000
01000000
820007FF
0000000F
00000000
02000000
00000081
00000018
0001D024
00000000
00A00000
00000000
00000000
0001D214
00000001
00000001
0001D000
0000002C
00000020
00000000
00000000
00000000
80000000
00000000
00000000
02000000
00000081
00000018
0001D004
00000002
00001400
00000000
00000003
0001D200
00000F00
00000F00
00000000
0001D204
80000000
00000001
0201D020
0000002C
00010000
00000000
00000000
01000000
820007FF
0000000F
00000000
02000000
00000081
00000018
0201D024
00000000
02600000
00000000
00000000
0201D214
00000001
00000001
0201D000
0000002C
00000020
00000000
00000000
00000000
80000000
00000000
00000000
02000000
00000081
00000018
0201D004
00000002
00004C00
00000000
00000003
0201D200
00000F00
00000F00
00000000
0201D204
80000000
00000001
0401D020
0000002C
00010000
00000000
00000000
01000000
820007FF
0000000F
00000000
02000000
00000081
00000018
0401D024
00000000
04200000
00000000
00000000
0401D214
00000001
00000001
0401D000
0000002C
00000020
00000000
00000000
00000000
80000000
00000000
00000000
02000000
00000081
00000018
0401D004
00000002
00008400
00000000
00000003
0401D200
00000F00
00000F00
00000000
0401D204
80000000
00000001
0601D020
0000002C
00010000
00000000
00000000
01000000
820007FF
0000000F
00000000
02000000
00000081
00000018
0601D024
00000000
05E00000
00000000
00000000
0601D214
00000001
00000001
0601D000
0000002C
00000020
00000000
00000000
00000000
80000000
00000000
00000000
02000000
00000081
00000018
0601D004
00000002
0000BC00
00000000
00000003
0601D200
00000F00
00000F00
00000000
0601D204
80000000
00000080
00000010
00000000
00010100
00000080
00000010
00010000
00010100
00000080
00000010
00020000
00010100
00000080
00000010
00030000
00010100
00000001
0201D040
0000002C
00000800
00000000
00000000
00000000
80000000
00000000
00000000
02000000
00000081
00000018
0201D044
00000001
00000000
00000000
00000000
0201D21C
00000002
00000001
0001D020
0000002C
00010000
00000000
00000000
01000000
820007FF
0000000F
00000000
02000000
00000081
00000018
0001D024
00000000
00A40000
00000000
00000000
0001D214
00000001
00000001
0001D000
0000002C
00000020
00000000
00000000
00000000
80000000
00000000
00000000
02000000
00000081
00000018
0001D004
00000002
00001480
00000000
00000003
0001D200
00000F00
00000F00
00000000
0001D204
80000000
00000001
0201D020
0000002C
00010000
00000000
00000000
01000000
820007FF
0000000F
00000000
02000000
00000081
00000018
0201D024
00000000
02640000
00000000
00000000
0201D214
00000001
00000001
0201D000
0000002C
00000020
00000000
00000000
00000000
80000000
00000000
00000000
02000000
00000081
00000018
0201D004
00000002
00004C80
00000000
00000003
0201D200
00000F00
00000F00
00000000
0201D204
80000000
00000001
0401D020
0000002C
00010000
00000000
00000000
01000000
820007FF
0000000F
00000000
02000000
00000081
00000018
0401D024
00000000
04240000
00000000
00000000
0401D214
00000001
00000001
0401D000
0000002C
00000020
00000000
00000000
00000000
80000000
00000000
00000000
02000000
00000081
00000018
0401D004
00000002
00008480
00000000
00000003
0401D200
00000F00
00000F00
00000000
0401D204
80000000
00000001
0601D020
0000002C
00010000
00000000
00000000
01000000
820007FF
0000000F
00000000
02000000
00000081
00000018
0601D024
00000000
05E40000
00000000
00000000
0601D214
00000001
00000001
0601D000
0000002C
00000020
00000000
00000000
00000000
80000000
00000000
00000000
02000000
00000081
00000018
0601D004
00000002
0000BC80
00000000
00000003
0601D200
00000F00
00000F00
00000000
0601D204
80000000
00000080
00000010
00000000
00010100
00000080
00000010
00010000
00010100
00000080
00000010
00020000
00010100
00000080
00000010
00030000
00010100
00000001
0201D040
0000002C
00000800
00000000
00000000
00000000
80000000
00000000
00000000
02000000
00000081
00000018
0201D044
00000001
00000000
00000000
00000000
0201D21C
00000002
00000001
0001D020
0000002C
00010000
00000000
00000000
01000000
820007FF
0000000F
00000000
02000000
00000081
00000018
0001D024
00000000
00A80000
00000000
00000000
0001D214
00000001
00000001
0001D000
0000002C
00000020
00000000
00000000
00000000
80000000
00000000
00000000
02000000
00000081
00000018
0001D004
00000002
00001500
00000000
00000003
0001D200
00000F00
00000F00
00000000
0001D204
80000000
00000001
0201D020
0000002C
00010000
00000000
00000000
01000000
820007FF
0000000F
00000000
02000000
00000081
00000018
0201D024
00000000
02680000
00000000
00000000
0201D214
00000001
00000001
0201D000
0000002C
00000020
00000000
00000000
00000000
80000000
00000000
00000000
02000000
00000081
00000018
0201D004
00000002
00004D00
00000000
00000003
0201D200
00000F00
00000F00
00000000
0201D204
80000000
00000001
0401D020
0000002C
00010000
00000000
00000000
01000000
820007FF
0000000F
00000000
02000000
00000081
00000018
0401D024
00000000
04280000
00000000
00000000
0401D214
00000001
00000001
0401D000
0000002C
00000020
00000000
00000000
00000000
80000000
00000000
00000000
02000000
00000081
00000018
0401D004
00000002
00008500
00000000
00000003
0401D200
00000F00
00000F00
00000000
0401D204
80000000
00000001
0601D020
0000002C
00010000
00000000
00000000
01000000
820007FF
0000000F
00000000
02000000
00000081
00000018
0601D024
00000000
05E80000
00000000
00000000
0601D214
00000001
00000001
0601D000
0000002C
00000020
00000000
00000000
00000000
80000000
00000000
00000000
02000000
00000081
00000018
0601D004
00000002
0000BD00
00000000
00000003
0601D200
00000F00
00000F00
00000000
0601D204
80000000
00000080
00000010
00000000
00010100
00000080
00000010
00010000
00010100
00000080
00000010
00020000
00010100
00000080
00000010
00030000
00010100
00000001
0201D040
0000002C
00000800
00000000
00000000
00000000
80000000
00000000
00000000
02000000
00000081
00000018
0201D044
00000001
00000000
00000000
00000000
0201D21C
00000002
00000001
0001D020
0000002C
00010000
00000000
00000000
01000000
820007FF
0000000F
00000000
02000000
00000081
00000018
0001D024
00000000
00AC0000
00000000
00000000
0001D214
00000001
00000001
0001D000
0000002C
00000020
00000000
00000000
00000000
80000000
00000000
00000000
02000000
00000081
00000018
0001D004
00000002
00001580
00000000
00000003
0001D200
00000F00
00000F00
00000000
0001D204
80000000
00000001
0201D020
0000002C
00010000
00000000
00000000
01000000
820007FF
0000000F
00000000
02000000
00000081
00000018
0201D024
00000000
026C0000
00000000
00000000
0201D214
00000001
00000001
0201D000
0000002C
00000020
00000000
00000000
00000000
80000000
00000000
00000000
02000000
00000081
00000018
0201D004
00000002
00004D80
00000000
00000003
0201D200
00000F00
00000F00
00000000
0201D204
80000000
00000001
0401D020
0000002C
00010000
00000000
00000000
01000000
820007FF
0000000F
00000000
02000000
00000081
00000018
0401D024
00000000
042C0000
00000000
00000000
0401D214
00000001
00000001
0401D000
0000002C
00000020
00000000
00000000
00000000
80000000
00000000
00000000
02000000
00000081
00000018
0401D004
00000002
00008580
00000000
00000003
0401D200
00000F00
00000F00
00000000
0401D204
80000000
00000001
0601D020
0000002C
00010000
00000000
00000000
01000000
820007FF
0000000F
00000000
02000000
00000081
00000018
0601D024
00000000
05EC0000
00000000
00000000
0601D214
00000001
00000001
0601D000
0000002C
00000020
00000000
00000000
00000000
80000000
00000000
00000000
02000000
00000081
00000018
0601D004
00000002
0000BD80
00000000
00000003
0601D200
00000F00
00000F00
00000000
0601D204
80000000
00000080
00000010
00000000
00010100
00000080
00000010
00010000
00010100
00000080
00000010
00020000
00010100
00000080
00000010
00030000
00010100
00000001
0201D040
0000002C
00000800
00000000
00000000
00000000
80000000
00000000
00000000
02000000
00000081
00000018
0201D044
00000001
00000000
00000000
00000000
0201D21C
00000002
00000001
0001D020
0000002C
00010000
00000000
00000000
01000000
820007FF
0000000F
00000000
02000000
00000081
00000018
0001D024
00000000
00B00000
00000000
00000000
0001D214
00000001
00000001
0001D000
0000002C
00000020
00000000
00000000
00000000
80000000
00000000
00000000
02000000
00000081
00000018
0001D004
00000002
00001600
00000000
00000003
0001D200
00000F00
00000F00
00000000
0001D204
80000000
00000001
0201D020
0000002C
00010000
00000000
00000000
01000000
820007FF
0000000F
00000000
02000000
00000081
00000018
0201D024
00000000
02700000
00000000
00000000
0201D214
00000001
00000001
0201D000
0000002C
00000020
00000000
00000000
00000000
80000000
00000000
00000000
02000000
00000081
00000018
0201D004
00000002
00004E00
00000000
00000003
0201D200
00000F00
00000F00
00000000
0201D204
80000000
00000001
0401D020
0000002C
00010000
00000000
00000000
01000000
820007FF
0000000F
00000000
02000000
00000081
00000018
0401D024
00000000
04300000
00000000
00000000
0401D214
00000001
00000001
0401D000
0000002C
00000020
00000000
00000000
00000000
80000000
00000000
00000000
02000000
00000081
00000018
0401D004
00000002
00008600
00000000
00000003
0401D200
00000F00
00000F00
00000000
0401D204
80000000
00000001
0601D020
0000002C
00010000
00000000
00000000
01000000
820007FF
0000000F
00000000
02000000
00000081
00000018
0601D024
00000000
05F00000
00000000
00000000
0601D214
00000001
00000001
0601D000
0000002C
00000020
00000000
00000000
00000000
80000000
00000000
00000000
02000000
00000081
00000018
0601D004
00000002
0000BE00
00000000
00000003
0601D200
00000F00
00000F00
00000000
0601D204
80000000
00000080
00000010
00000000
00010100
00000080
00000010
00010000
00010100
00000080
00000010
00020000
00010100
00000080
00000010
00030000
00010100
00000001
0201D040
0000002C
00000800
00000000
00000000
00000000
80000000
00000000
00000000
02000000
00000081
00000018
0201D044
00000001
00000000
00000000
00000000
0201D21C
00000002
00000001
0001D020
0000002C
00010000
00000000
00000000
01000000
820007FF
0000000F
00000000
02000000
00000081
00000018
0001D024
00000000
00B40000
00000000
00000000
0001D214
00000001
00000001
0001D000
0000002C
00000020
00000000
00000000
00000000
80000000
00000000
00000000
02000000
00000081
00000018
0001D004
00000002
00001680
00000000
00000003
0001D200
00000F00
00000F00
00000000
0001D204
80000000
00000001
0201D020
0000002C
00010000
00000000
00000000
01000000
820007FF
0000000F
00000000
02000000
00000081
00000018
0201D024
00000000
02740000
00000000
00000000
0201D214
00000001
00000001
0201D000
0000002C
00000020
00000000
00000000
00000000
80000000
00000000
00000000
02000000
00000081
00000018
0201D004
00000002
00004E80
00000000
00000003
0201D200
00000F00
00000F00
00000000
0201D204
80000000
00000001
0401D020
0000002C
00010000
00000000
00000000
01000000
820007FF
0000000F
00000000
02000000
00000081
00000018
0401D024
00000000
04340000
00000000
00000000
0401D214
00000001
00000001
0401D000
0000002C
00000020
00000000
00000000
00000000
80000000
00000000
00000000
02000000
00000081
00000018
0401D004
00000002
00008680
00000000
00000003
0401D200
00000F00
00000F00
00000000
0401D204
80000000
00000001
0601D020
0000002C
00010000
00000000
00000000
01000000
820007FF
0000000F
00000000
02000000
00000081
00000018
0601D024
00000000
05F40000
00000000
00000000
0601D214
00000001
00000001
0601D000
0000002C
00000020
00000000
00000000
00000000
80000000
00000000
00000000
02000000
00000081
00000018
0601D004
00000002
0000BE80
00000000
00000003
0601D200
00000F00
00000F00
00000000
0601D204
80000000
00000080
00000010
00000000
00010100
00000080
00000010
00010000
00010100
00000080
00000010
00020000
00010100
00000080
00000010
00030000
00010100
00000001
0201D040
0000002C
00000800
00000000
00000000
00000000
80000000
00000000
00000000
02000000
00000081
00000018
0201D044
00000001
00000000
00000000
00000000
0201D21C
00000002
00000001
0001D020
0000002C
00010000
00000000
00000000
01000000
820007FF
0000000F
00000000
02000000
00000081
00000018
0001D024
00000000
00B80000
00000000
00000000
0001D214
00000001
00000001
0001D000
0000002C
00000020
00000000
00000000
00000000
80000000
00000000
00000000
02000000
00000081
00000018
0001D004
00000002
00001700
00000000
00000003
0001D200
00000F00
00000F00
00000000
0001D204
80000000
00000001
0201D020
0000002C
00010000
00000000
00000000
01000000
820007FF
0000000F
00000000
02000000
00000081
00000018
0201D024
00000000
02780000
00000000
00000000
0201D214
00000001
00000001
0201D000
0000002C
00000020
00000000
00000000
00000000
80000000
00000000
00000000
02000000
00000081
00000018
0201D004
00000002
00004F00
00000000
00000003
0201D200
00000F00
00000F00
00000000
0201D204
80000000
00000001
0401D020
0000002C
00010000
00000000
00000000
01000000
820007FF
0000000F
00000000
02000000
00000081
00000018
0401D024
00000000
04380000
00000000
00000000
0401D214
00000001
00000001
0401D000
0000002C
00000020
00000000
00000000
00000000
80000000
00000000
00000000
02000000
00000081
00000018
0401D004
00000002
00008700
00000000
00000003
0401D200
00000F00
00000F00
00000000
0401D204
80000000
00000001
0601D020
0000002C
00010000
00000000
00000000
01000000
820007FF
0000000F
00000000
02000000
00000081
00000018
0601D024
00000000
05F80000
00000000
00000000
0601D214
00000001
00000001
0601D000
0000002C
00000020
00000000
00000000
00000000
80000000
00000000
00000000
02000000
00000081
00000018
0601D004
00000002
0000BF00
00000000
00000003
0601D200
00000F00
00000F00
00000000
0601D204
80000000
00000080
00000010
00000000
00010100
00000080
00000010
00010000
00010100
00000080
00000010
00020000
00010100
00000080
00000010
00030000
00010100
00000001
0201D040
0000002C
00000800
00000000
00000000
00000000
80000000
00000000
00000000
02000000
00000081
00000018
0201D044
00000001
00000000
00000000
00000000
0201D21C
00000002
00000001
0001D020
0000002C
00010000
00000000
00000000
01000000
820007FF
0000000F
00000000
02000000
00000081
00000018
0001D024
00000000
00BC0000
00000000
00000000
0001D214
00000001
00000001
0001D000
0000002C
00000020
00000000
00000000
00000000
80000000
00000000
00000000
02000000
00000081
00000018
0001D004
00000002
00001780
00000000
00000003
0001D200
00000F00
00000F00
00000000
0001D204
80000000
00000001
0201D020
0000002C
00010000
00000000
00000000
01000000
820007FF
0000000F
00000000
02000000
00000081
00000018
0201D024
00000000
027C0000
00000000
00000000
0201D214
00000001
00000001
0201D000
0000002C
00000020
00000000
00000000
00000000
80000000
00000000
00000000
02000000
00000081
00000018
0201D004
00000002
00004F80
00000000
00000003
0201D200
00000F00
00000F00
00000000
0201D204
80000000
00000001
0401D020
0000002C
00010000
00000000
00000000
01000000
820007FF
0000000F
00000000
02000000
00000081
00000018
0401D024
00000000
043C0000
00000000
00000000
0401D214
00000001
00000001
0401D000
0000002C
00000020
00000000
00000000
00000000
80000000
00000000
00000000
02000000
00000081
00000018
0401D004
00000002
00008780
00000000
00000003
0401D200
00000F00
00000F00
00000000
0401D204
80000000
00000001
0601D020
0000002C
00010000
00000000
00000000
01000000
820007FF
0000000F
00000000
02000000
00000081
00000018
0601D024
00000000
05FC0000
00000000
00000000
0601D214
00000001
00000001
0601D000
0000002C
00000020
00000000
00000000
00000000
80000000
00000000
00000000
02000000
00000081
00000018
0601D004
00000002
0000BF80
00000000
00000003
0601D200
00000F00
00000F00
00000000
0601D204
80000000
00000080
00000010
00000000
00010100
00000080
00000010
00010000
00010100
00000080
00000010
00020000
00010100
00000080
00000010
00030000
00010100
00000001
0201D040
0000002C
00000800
00000000
00000000
00000000
80000000
00000000
00000000
02000000
00000081
00000018
0201D044
00000001
00000000
00000000
00000000
0201D21C
00000002
00000001
0001D020
0000002C
00010000
00000000
00000000
01000000
820007FF
0000000F
00000000
02000000
00000081
00000018
0001D024
00000000
00C00000
00000000
00000000
0001D214
00000001
00000001
0001D000
0000002C
00000020
00000000
00000000
00000000
80000000
00000000
00000000
02000000
00000081
00000018
0001D004
00000002
00001800
00000000
00000003
0001D200
00000F00
00000F00
00000000
0001D204
80000000
00000001
0201D020
0000002C
00010000
00000000
00000000
01000000
820007FF
0000000F
00000000
02000000
00000081
00000018
0201D024
00000000
02800000
00000000
00000000
0201D214
00000001
00000001
0201D000
0000002C
00000020
00000000
00000000
00000000
80000000
00000000
00000000
02000000
00000081
00000018
0201D004
00000002
00005000
00000000
00000003
0201D200
00000F00
00000F00
00000000
0201D204
80000000
00000001
0401D020
0000002C
00010000
00000000
00000000
01000000
820007FF
0000000F
00000000
02000000
00000081
00000018
0401D024
00000000
04400000
00000000
00000000
0401D214
00000001
00000001
0401D000
0000002C
00000020
00000000
00000000
00000000
80000000
00000000
00000000
02000000
00000081
00000018
0401D004
00000002
00008800
00000000
00000003
0401D200
00000F00
00000F00
00000000
0401D204
80000000
00000001
0601D020
0000002C
00010000
00000000
00000000
01000000
820007FF
0000000F
00000000
02000000
00000081
00000018
0601D024
00000000
06000000
00000000
00000000
0601D214
00000001
00000001
0601D000
0000002C
00000020
00000000
00000000
00000000
80000000
00000000
00000000
02000000
00000081
00000018
0601D004
00000002
0000C000
00000000
00000003
0601D200
00000F00
00000F00
00000000
0601D204
80000000
00000080
00000010
00000000
00010100
00000080
00000010
00010000
00010100
00000080
00000010
00020000
00010100
00000080
00000010
00030000
00010100
00000001
0201D040
0000002C
00000800
00000000
00000000
00000000
80000000
00000000
00000000
02000000
00000081
00000018
0201D044
00000001
00000000
00000000
00000000
0201D21C
00000002
00000001
0001D020
0000002C
00010000
00000000
00000000
01000000
820007FF
0000000F
00000000
02000000
00000081
00000018
0001D024
00000000
00C40000
00000000
00000000
0001D214
00000001
00000001
0001D000
0000002C
00000020
00000000
00000000
00000000
80000000
00000000
00000000
02000000
00000081
00000018
0001D004
00000002
00001880
00000000
00000003
0001D200
00000F00
00000F00
00000000
0001D204
80000000
00000001
0201D020
0000002C
00010000
00000000
00000000
01000000
820007FF
0000000F
00000000
02000000
00000081
00000018
0201D024
00000000
02840000
00000000
00000000
0201D214
00000001
00000001
0201D000
0000002C
00000020
00000000
00000000
00000000
80000000
00000000
00000000
02000000
00000081
00000018
0201D004
00000002
00005080
00000000
00000003
0201D200
00000F00
00000F00
00000000
0201D204
80000000
00000001
0401D020
0000002C
00010000
00000000
00000000
01000000
820007FF
0000000F
00000000
02000000
00000081
00000018
0401D024
00000000
04440000
00000000
00000000
0401D214
00000001
00000001
0401D000
0000002C
00000020
00000000
00000000
00000000
80000000
00000000
00000000
02000000
00000081
00000018
0401D004
00000002
00008880
00000000
00000003
0401D200
00000F00
00000F00
00000000
0401D204
80000000
00000001
0601D020
0000002C
00010000
00000000
00000000
01000000
820007FF
0000000F
00000000
02000000
00000081
00000018
0601D024
00000000
06040000
00000000
00000000
0601D214
00000001
00000001
0601D000
0000002C
00000020
00000000
00000000
00000000
80000000
00000000
00000000
02000000
00000081
00000018
0601D004
00000002
0000C080
00000000
00000003
0601D200
00000F00
00000F00
00000000
0601D204
80000000
00000080
00000010
00000000
00010100
00000080
00000010
00010000
00010100
00000080
00000010
00020000
00010100
00000080
00000010
00030000
00010100
00000001
0201D040
0000002C
00000800
00000000
00000000
00000000
80000000
00000000
00000000
02000000
00000081
00000018
0201D044
00000001
00000000
00000000
00000000
0201D21C
00000002
00000001
0001D020
0000002C
00010000
00000000
00000000
01000000
820007FF
0000000F
00000000
02000000
00000081
00000018
0001D024
00000000
00C80000
00000000
00000000
0001D214
00000001
00000001
0001D000
0000002C
00000020
00000000
00000000
00000000
80000000
00000000
00000000
02000000
00000081
00000018
0001D004
00000002
00001900
00000000
00000003
0001D200
00000F00
00000F00
00000000
0001D204
80000000
00000001
0201D020
0000002C
00010000
00000000
00000000
01000000
820007FF
0000000F
00000000
02000000
00000081
00000018
0201D024
00000000
02880000
00000000
00000000
0201D214
00000001
00000001
0201D000
0000002C
00000020
00000000
00000000
00000000
80000000
00000000
00000000
02000000
00000081
00000018
0201D004
00000002
00005100
00000000
00000003
0201D200
00000F00
00000F00
00000000
0201D204
80000000
00000001
0401D020
0000002C
00010000
00000000
00000000
01000000
820007FF
0000000F
00000000
02000000
00000081
00000018
0401D024
00000000
04480000
00000000
00000000
0401D214
00000001
00000001
0401D000
0000002C
00000020
00000000
00000000
00000000
80000000
00000000
00000000
02000000
00000081
00000018
0401D004
00000002
00008900
00000000
00000003
0401D200
00000F00
00000F00
00000000
0401D204
80000000
00000001
0601D020
0000002C
00010000
00000000
00000000
01000000
820007FF
0000000F
00000000
02000000
00000081
00000018
0601D024
00000000
06080000
00000000
00000000
0601D214
00000001
00000001
0601D000
0000002C
00000020
00000000
00000000
00000000
80000000
00000000
00000000
02000000
00000081
00000018
0601D004
00000002
0000C100
00000000
00000003
0601D200
00000F00
00000F00
00000000
0601D204
80000000
00000080
00000010
00000000
00010100
00000080
00000010
00010000
00010100
00000080
00000010
00020000
00010100
00000080
00000010
00030000
00010100
00000001
0201D040
0000002C
00000800
00000000
00000000
00000000
80000000
00000000
00000000
02000000
00000081
00000018
0201D044
00000001
00000000
00000000
00000000
0201D21C
00000002
00000001
0001D020
0000002C
00010000
00000000
00000000
01000000
820007FF
0000000F
00000000
02000000
00000081
00000018
0001D024
00000000
00CC0000
00000000
00000000
0001D214
00000001
00000001
0001D000
0000002C
00000020
00000000
00000000
00000000
80000000
00000000
00000000
02000000
00000081
00000018
0001D004
00000002
00001980
00000000
00000003
0001D200
00000F00
00000F00
00000000
0001D204
80000000
00000001
0201D020
0000002C
00010000
00000000
00000000
01000000
820007FF
0000000F
00000000
02000000
00000081
00000018
0201D024
00000000
028C0000
00000000
00000000
0201D214
00000001
00000001
0201D000
0000002C
00000020
00000000
00000000
00000000
80000000
00000000
00000000
02000000
00000081
00000018
0201D004
00000002
00005180
00000000
00000003
0201D200
00000F00
00000F00
00000000
0201D204
80000000
00000001
0401D020
0000002C
00010000
00000000
00000000
01000000
820007FF
0000000F
00000000
02000000
00000081
00000018
0401D024
00000000
044C0000
00000000
00000000
0401D214
00000001
00000001
0401D000
0000002C
00000020
00000000
00000000
00000000
80000000
00000000
00000000
02000000
00000081
00000018
0401D004
00000002
00008980
00000000
00000003
0401D200
00000F00
00000F00
00000000
0401D204
80000000
00000001
0601D020
0000002C
00010000
00000000
00000000
01000000
820007FF
0000000F
00000000
02000000
00000081
00000018
0601D024
00000000
060C0000
00000000
00000000
0601D214
00000001
00000001
0601D000
0000002C
00000020
00000000
00000000
00000000
80000000
00000000
00000000
02000000
00000081
00000018
0601D004
00000002
0000C180
00000000
00000003
0601D200
00000F00
00000F00
00000000
0601D204
80000000
00000080
00000010
00000000
00010100
00000080
00000010
00010000
00010100
00000080
00000010
00020000
00010100
00000080
00000010
00030000
00010100
00000001
0201D040
0000002C
00000800
00000000
00000000
00000000
80000000
00000000
00000000
02000000
00000081
00000018
0201D044
00000001
00000000
00000000
00000000
0201D21C
00000002
00000001
0001D020
0000002C
00010000
00000000
00000000
01000000
820007FF
0000000F
00000000
02000000
00000081
00000018
0001D024
00000000
00D00000
00000000
00000000
0001D214
00000001
00000001
0001D000
0000002C
00000020
00000000
00000000
00000000
80000000
00000000
00000000
02000000
00000081
00000018
0001D004
00000002
00001A00
00000000
00000003
0001D200
00000F00
00000F00
00000000
0001D204
80000000
00000001
0201D020
0000002C
00010000
00000000
00000000
01000000
820007FF
0000000F
00000000
02000000
00000081
00000018
0201D024
00000000
02900000
00000000
00000000
0201D214
00000001
00000001
0201D000
0000002C
00000020
00000000
00000000
00000000
80000000
00000000
00000000
02000000
00000081
00000018
0201D004
00000002
00005200
00000000
00000003
0201D200
00000F00
00000F00
00000000
0201D204
80000000
00000001
0401D020
0000002C
00010000
00000000
00000000
01000000
820007FF
0000000F
00000000
02000000
00000081
00000018
0401D024
00000000
04500000
00000000
00000000
0401D214
00000001
00000001
0401D000
0000002C
00000020
00000000
00000000
00000000
80000000
00000000
00000000
02000000
00000081
00000018
0401D004
00000002
00008A00
00000000
00000003
0401D200
00000F00
00000F00
00000000
0401D204
80000000
00000001
0601D020
0000002C
00010000
00000000
00000000
01000000
820007FF
0000000F
00000000
02000000
00000081
00000018
0601D024
00000000
06100000
00000000
00000000
0601D214
00000001
00000001
0601D000
0000002C
00000020
00000000
00000000
00000000
80000000
00000000
00000000
02000000
00000081
00000018
0601D004
00000002
0000C200
00000000
00000003
0601D200
00000F00
00000F00
00000000
0601D204
80000000
00000080
00000010
00000000
00010100
00000080
00000010
00010000
00010100
00000080
00000010
00020000
00010100
00000080
00000010
00030000
00010100
00000001
0201D040
0000002C
00000800
00000000
00000000
00000000
80000000
00000000
00000000
02000000
00000081
00000018
0201D044
00000001
00000000
00000000
00000000
0201D21C
00000002
00000001
0001D020
0000002C
00010000
00000000
00000000
01000000
820007FF
0000000F
00000000
02000000
00000081
00000018
0001D024
00000000
00D40000
00000000
00000000
0001D214
00000001
00000001
0001D000
0000002C
00000020
00000000
00000000
00000000
80000000
00000000
00000000
02000000
00000081
00000018
0001D004
00000002
00001A80
00000000
00000003
0001D200
00000F00
00000F00
00000000
0001D204
80000000
00000001
0201D020
0000002C
00010000
00000000
00000000
01000000
820007FF
0000000F
00000000
02000000
00000081
00000018
0201D024
00000000
02940000
00000000
00000000
0201D214
00000001
00000001
0201D000
0000002C
00000020
00000000
00000000
00000000
80000000
00000000
00000000
02000000
00000081
00000018
0201D004
00000002
00005280
00000000
00000003
0201D200
00000F00
00000F00
00000000
0201D204
80000000
00000001
0401D020
0000002C
00010000
00000000
00000000
01000000
820007FF
0000000F
00000000
02000000
00000081
00000018
0401D024
00000000
04540000
00000000
00000000
0401D214
00000001
00000001
0401D000
0000002C
00000020
00000000
00000000
00000000
80000000
00000000
00000000
02000000
00000081
00000018
0401D004
00000002
00008A80
00000000
00000003
0401D200
00000F00
00000F00
00000000
0401D204
80000000
00000001
0601D020
0000002C
00010000
00000000
00000000
01000000
820007FF
0000000F
00000000
02000000
00000081
00000018
0601D024
00000000
06140000
00000000
00000000
0601D214
00000001
00000001
0601D000
0000002C
00000020
00000000
00000000
00000000
80000000
00000000
00000000
02000000
00000081
00000018
0601D004
00000002
0000C280
00000000
00000003
0601D200
00000F00
00000F00
00000000
0601D204
80000000
00000080
00000010
00000000
00010100
00000080
00000010
00010000
00010100
00000080
00000010
00020000
00010100
00000080
00000010
00030000
00010100
00000001
0201D040
0000002C
00000800
00000000
00000000
00000000
80000000
00000000
00000000
02000000
00000081
00000018
0201D044
00000001
00000000
00000000
00000000
0201D21C
00000002
00000001
0001D020
0000002C
00010000
00000000
00000000
01000000
820007FF
0000000F
00000000
02000000
00000081
00000018
0001D024
00000000
00D80000
00000000
00000000
0001D214
00000001
00000001
0001D000
0000002C
00000020
00000000
00000000
00000000
80000000
00000000
00000000
02000000
00000081
00000018
0001D004
00000002
00001B00
00000000
00000003
0001D200
00000F00
00000F00
00000000
0001D204
80000000
00000001
0201D020
0000002C
00010000
00000000
00000000
01000000
820007FF
0000000F
00000000
02000000
00000081
00000018
0201D024
00000000
02980000
00000000
00000000
0201D214
00000001
00000001
0201D000
0000002C
00000020
00000000
00000000
00000000
80000000
00000000
00000000
02000000
00000081
00000018
0201D004
00000002
00005300
00000000
00000003
0201D200
00000F00
00000F00
00000000
0201D204
80000000
00000001
0401D020
0000002C
00010000
00000000
00000000
01000000
820007FF
0000000F
00000000
02000000
00000081
00000018
0401D024
00000000
04580000
00000000
00000000
0401D214
00000001
00000001
0401D000
0000002C
00000020
00000000
00000000
00000000
80000000
00000000
00000000
02000000
00000081
00000018
0401D004
00000002
00008B00
00000000
00000003
0401D200
00000F00
00000F00
00000000
0401D204
80000000
00000001
0601D020
0000002C
00010000
00000000
00000000
01000000
820007FF
0000000F
00000000
02000000
00000081
00000018
0601D024
00000000
06180000
00000000
00000000
0601D214
00000001
00000001
0601D000
0000002C
00000020
00000000
00000000
00000000
80000000
00000000
00000000
02000000
00000081
00000018
0601D004
00000002
0000C300
00000000
00000003
0601D200
00000F00
00000F00
00000000
0601D204
80000000
00000080
00000010
00000000
00010100
00000080
00000010
00010000
00010100
00000080
00000010
00020000
00010100
00000080
00000010
00030000
00010100
00000001
0201D040
0000002C
00000800
00000000
00000000
00000000
80000000
00000000
00000000
02000000
00000081
00000018
0201D044
00000001
00000000
00000000
00000000
0201D21C
00000002
00000001
0001D020
0000002C
00010000
00000000
00000000
01000000
820007FF
0000000F
00000000
02000000
00000081
00000018
0001D024
00000000
00DC0000
00000000
00000000
0001D214
00000001
00000001
0001D000
0000002C
00000020
00000000
00000000
00000000
80000000
00000000
00000000
02000000
00000081
00000018
0001D004
00000002
00001B80
00000000
00000003
0001D200
00000F00
00000F00
00000000
0001D204
80000000
00000001
0201D020
0000002C
00010000
00000000
00000000
01000000
820007FF
0000000F
00000000
02000000
00000081
00000018
0201D024
00000000
029C0000
00000000
00000000
0201D214
00000001
00000001
0201D000
0000002C
00000020
00000000
00000000
00000000
80000000
00000000
00000000
02000000
00000081
00000018
0201D004
00000002
00005380
00000000
00000003
0201D200
00000F00
00000F00
00000000
0201D204
80000000
00000001
0401D020
0000002C
00010000
00000000
00000000
01000000
820007FF
0000000F
00000000
02000000
00000081
00000018
0401D024
00000000
045C0000
00000000
00000000
0401D214
00000001
00000001
0401D000
0000002C
00000020
00000000
00000000
00000000
80000000
00000000
00000000
02000000
00000081
00000018
0401D004
00000002
00008B80
00000000
00000003
0401D200
00000F00
00000F00
00000000
0401D204
80000000
00000001
0601D020
0000002C
00010000
00000000
00000000
01000000
820007FF
0000000F
00000000
02000000
00000081
00000018
0601D024
00000000
061C0000
00000000
00000000
0601D214
00000001
00000001
0601D000
0000002C
00000020
00000000
00000000
00000000
80000000
00000000
00000000
02000000
00000081
00000018
0601D004
00000002
0000C380
00000000
00000003
0601D200
00000F00
00000F00
00000000
0601D204
80000000
00000080
00000010
00000000
00010100
00000080
00000010
00010000
00010100
00000080
00000010
00020000
00010100
00000080
00000010
00030000
00010100
00000001
0201D040
0000002C
00000800
00000000
00000000
00000000
80000000
00000000
00000000
02000000
00000081
00000018
0201D044
00000001
00000000
00000000
00000000
0201D21C
00000002
00000001
0001D020
0000002C
00010000
00000000
00000000
01000000
820007FF
0000000F
00000000
02000000
00000081
00000018
0001D024
00000000
00E00000
00000000
00000000
0001D214
00000001
00000001
0001D000
0000002C
00000020
00000000
00000000
00000000
80000000
00000000
00000000
02000000
00000081
00000018
0001D004
00000002
00001C00
00000000
00000003
0001D200
00000F00
00000F00
00000000
0001D204
80000000
00000001
0201D020
0000002C
00010000
00000000
00000000
01000000
820007FF
0000000F
00000000
02000000
00000081
00000018
0201D024
00000000
02A00000
00000000
00000000
0201D214
00000001
00000001
0201D000
0000002C
00000020
00000000
00000000
00000000
80000000
00000000
00000000
02000000
00000081
00000018
0201D004
00000002
00005400
00000000
00000003
0201D200
00000F00
00000F00
00000000
0201D204
80000000
00000001
0401D020
0000002C
00010000
00000000
00000000
01000000
820007FF
0000000F
00000000
02000000
00000081
00000018
0401D024
00000000
04600000
00000000
00000000
0401D214
00000001
00000001
0401D000
0000002C
00000020
00000000
00000000
00000000
80000000
00000000
00000000
02000000
00000081
00000018
0401D004
00000002
00008C00
00000000
00000003
0401D200
00000F00
00000F00
00000000
0401D204
80000000
00000001
0601D020
0000002C
00010000
00000000
00000000
01000000
820007FF
0000000F
00000000
02000000
00000081
00000018
0601D024
00000000
06200000
00000000
00000000
0601D214
00000001
00000001
0601D000
0000002C
00000020
00000000
00000000
00000000
80000000
00000000
00000000
02000000
00000081
00000018
0601D004
00000002
0000C400
00000000
00000003
0601D200
00000F00
00000F00
00000000
0601D204
80000000
00000080
00000010
00000000
00010100
00000080
00000010
00010000
00010100
00000080
00000010
00020000
00010100
00000080
00000010
00030000
00010100
00000001
0201D040
0000002C
00000800
00000000
00000000
00000000
80000000
00000000
00000000
02000000
00000081
00000018
0201D044
00000001
00000000
00000000
00000000
0201D21C
00000002
00000001
0001D020
0000002C
00010000
00000000
00000000
01000000
820007FF
0000000F
00000000
02000000
00000081
00000018
0001D024
00000000
00E40000
00000000
00000000
0001D214
00000001
00000001
0001D000
0000002C
00000020
00000000
00000000
00000000
80000000
00000000
00000000
02000000
00000081
00000018
0001D004
00000002
00001C80
00000000
00000003
0001D200
00000F00
00000F00
00000000
0001D204
80000000
00000001
0201D020
0000002C
00010000
00000000
00000000
01000000
820007FF
0000000F
00000000
02000000
00000081
00000018
0201D024
00000000
02A40000
00000000
00000000
0201D214
00000001
00000001
0201D000
0000002C
00000020
00000000
00000000
00000000
80000000
00000000
00000000
02000000
00000081
00000018
0201D004
00000002
00005480
00000000
00000003
0201D200
00000F00
00000F00
00000000
0201D204
80000000
00000001
0401D020
0000002C
00010000
00000000
00000000
01000000
820007FF
0000000F
00000000
02000000
00000081
00000018
0401D024
00000000
04640000
00000000
00000000
0401D214
00000001
00000001
0401D000
0000002C
00000020
00000000
00000000
00000000
80000000
00000000
00000000
02000000
00000081
00000018
0401D004
00000002
00008C80
00000000
00000003
0401D200
00000F00
00000F00
00000000
0401D204
80000000
00000001
0601D020
0000002C
00010000
00000000
00000000
01000000
820007FF
0000000F
00000000
02000000
00000081
00000018
0601D024
00000000
06240000
00000000
00000000
0601D214
00000001
00000001
0601D000
0000002C
00000020
00000000
00000000
00000000
80000000
00000000
00000000
02000000
00000081
00000018
0601D004
00000002
0000C480
00000000
00000003
0601D200
00000F00
00000F00
00000000
0601D204
80000000
00000080
00000010
00000000
00010100
00000080
00000010
00010000
00010100
00000080
00000010
00020000
00010100
00000080
00000010
00030000
00010100
00000001
0201D040
0000002C
00000800
00000000
00000000
00000000
80000000
00000000
00000000
02000000
00000081
00000018
0201D044
00000001
00000000
00000000
00000000
0201D21C
00000002
00000001
0001D020
0000002C
00010000
00000000
00000000
01000000
820007FF
0000000F
00000000
02000000
00000081
00000018
0001D024
00000000
00E80000
00000000
00000000
0001D214
00000001
00000001
0001D000
0000002C
00000020
00000000
00000000
00000000
80000000
00000000
00000000
02000000
00000081
00000018
0001D004
00000002
00001D00
00000000
00000003
0001D200
00000F00
00000F00
00000000
0001D204
80000000
00000001
0201D020
0000002C
00010000
00000000
00000000
01000000
820007FF
0000000F
00000000
02000000
00000081
00000018
0201D024
00000000
02A80000
00000000
00000000
0201D214
00000001
00000001
0201D000
0000002C
00000020
00000000
00000000
00000000
80000000
00000000
00000000
02000000
00000081
00000018
0201D004
00000002
00005500
00000000
00000003
0201D200
00000F00
00000F00
00000000
0201D204
80000000
00000001
0401D020
0000002C
00010000
00000000
00000000
01000000
820007FF
0000000F
00000000
02000000
00000081
00000018
0401D024
00000000
04680000
00000000
00000000
0401D214
00000001
00000001
0401D000
0000002C
00000020
00000000
00000000
00000000
80000000
00000000
00000000
02000000
00000081
00000018
0401D004
00000002
00008D00
00000000
00000003
0401D200
00000F00
00000F00
00000000
0401D204
80000000
00000001
0601D020
0000002C
00010000
00000000
00000000
01000000
820007FF
0000000F
00000000
02000000
00000081
00000018
0601D024
00000000
06280000
00000000
00000000
0601D214
00000001
00000001
0601D000
0000002C
00000020
00000000
00000000
00000000
80000000
00000000
00000000
02000000
00000081
00000018
0601D004
00000002
0000C500
00000000
00000003
0601D200
00000F00
00000F00
00000000
0601D204
80000000
00000080
00000010
00000000
00010100
00000080
00000010
00010000
00010100
00000080
00000010
00020000
00010100
00000080
00000010
00030000
00010100
00000001
0201D040
0000002C
00000800
00000000
00000000
00000000
80000000
00000000
00000000
02000000
00000081
00000018
0201D044
00000001
00000000
00000000
00000000
0201D21C
00000002
00000001
0001D020
0000002C
00010000
00000000
00000000
01000000
820007FF
0000000F
00000000
02000000
00000081
00000018
0001D024
00000000
00EC0000
00000000
00000000
0001D214
00000001
00000001
0001D000
0000002C
00000020
00000000
00000000
00000000
80000000
00000000
00000000
02000000
00000081
00000018
0001D004
00000002
00001D80
00000000
00000003
0001D200
00000F00
00000F00
00000000
0001D204
80000000
00000001
0201D020
0000002C
00010000
00000000
00000000
01000000
820007FF
0000000F
00000000
02000000
00000081
00000018
0201D024
00000000
02AC0000
00000000
00000000
0201D214
00000001
00000001
0201D000
0000002C
00000020
00000000
00000000
00000000
80000000
00000000
00000000
02000000
00000081
00000018
0201D004
00000002
00005580
00000000
00000003
0201D200
00000F00
00000F00
00000000
0201D204
80000000
00000001
0401D020
0000002C
00010000
00000000
00000000
01000000
820007FF
0000000F
00000000
02000000
00000081
00000018
0401D024
00000000
046C0000
00000000
00000000
0401D214
00000001
00000001
0401D000
0000002C
00000020
00000000
00000000
00000000
80000000
00000000
00000000
02000000
00000081
00000018
0401D004
00000002
00008D80
00000000
00000003
0401D200
00000F00
00000F00
00000000
0401D204
80000000
00000001
0601D020
0000002C
00010000
00000000
00000000
01000000
820007FF
0000000F
00000000
02000000
00000081
00000018
0601D024
00000000
062C0000
00000000
00000000
0601D214
00000001
00000001
0601D000
0000002C
00000020
00000000
00000000
00000000
80000000
00000000
00000000
02000000
00000081
00000018
0601D004
00000002
0000C580
00000000
00000003
0601D200
00000F00
00000F00
00000000
0601D204
80000000
00000080
00000010
00000000
00010100
00000080
00000010
00010000
00010100
00000080
00000010
00020000
00010100
00000080
00000010
00030000
00010100
00000001
0201D040
0000002C
00000800
00000000
00000000
00000000
80000000
00000000
00000000
02000000
00000081
00000018
0201D044
00000001
00000000
00000000
00000000
0201D21C
00000002
00000001
0001D020
0000002C
00010000
00000000
00000000
01000000
820007FF
0000000F
00000000
02000000
00000081
00000018
0001D024
00000000
00F00000
00000000
00000000
0001D214
00000001
00000001
0001D000
0000002C
00000020
00000000
00000000
00000000
80000000
00000000
00000000
02000000
00000081
00000018
0001D004
00000002
00001E00
00000000
00000003
0001D200
00000F00
00000F00
00000000
0001D204
80000000
00000001
0201D020
0000002C
00010000
00000000
00000000
01000000
820007FF
0000000F
00000000
02000000
00000081
00000018
0201D024
00000000
02B00000
00000000
00000000
0201D214
00000001
00000001
0201D000
0000002C
00000020
00000000
00000000
00000000
80000000
00000000
00000000
02000000
00000081
00000018
0201D004
00000002
00005600
00000000
00000003
0201D200
00000F00
00000F00
00000000
0201D204
80000000
00000001
0401D020
0000002C
00010000
00000000
00000000
01000000
820007FF
0000000F
00000000
02000000
00000081
00000018
0401D024
00000000
04700000
00000000
00000000
0401D214
00000001
00000001
0401D000
0000002C
00000020
00000000
00000000
00000000
80000000
00000000
00000000
02000000
00000081
00000018
0401D004
00000002
00008E00
00000000
00000003
0401D200
00000F00
00000F00
00000000
0401D204
80000000
00000001
0601D020
0000002C
00010000
00000000
00000000
01000000
820007FF
0000000F
00000000
02000000
00000081
00000018
0601D024
00000000
06300000
00000000
00000000
0601D214
00000001
00000001
0601D000
0000002C
00000020
00000000
00000000
00000000
80000000
00000000
00000000
02000000
00000081
00000018
0601D004
00000002
0000C600
00000000
00000003
0601D200
00000F00
00000F00
00000000
0601D204
80000000
00000080
00000010
00000000
00010100
00000080
00000010
00010000
00010100
00000080
00000010
00020000
00010100
00000080
00000010
00030000
00010100
00000001
0201D040
0000002C
00000800
00000000
00000000
00000000
80000000
00000000
00000000
02000000
00000081
00000018
0201D044
00000001
00000000
00000000
00000000
0201D21C
00000002
00000001
0001D020
0000002C
00010000
00000000
00000000
01000000
820007FF
0000000F
00000000
02000000
00000081
00000018
0001D024
00000000
00F40000
00000000
00000000
0001D214
00000001
00000001
0001D000
0000002C
00000020
00000000
00000000
00000000
80000000
00000000
00000000
02000000
00000081
00000018
0001D004
00000002
00001E80
00000000
00000003
0001D200
00000F00
00000F00
00000000
0001D204
80000000
00000001
0201D020
0000002C
00010000
00000000
00000000
01000000
820007FF
0000000F
00000000
02000000
00000081
00000018
0201D024
00000000
02B40000
00000000
00000000
0201D214
00000001
00000001
0201D000
0000002C
00000020
00000000
00000000
00000000
80000000
00000000
00000000
02000000
00000081
00000018
0201D004
00000002
00005680
00000000
00000003
0201D200
00000F00
00000F00
00000000
0201D204
80000000
00000001
0401D020
0000002C
00010000
00000000
00000000
01000000
820007FF
0000000F
00000000
02000000
00000081
00000018
0401D024
00000000
04740000
00000000
00000000
0401D214
00000001
00000001
0401D000
0000002C
00000020
00000000
00000000
00000000
80000000
00000000
00000000
02000000
00000081
00000018
0401D004
00000002
00008E80
00000000
00000003
0401D200
00000F00
00000F00
00000000
0401D204
80000000
00000001
0601D020
0000002C
00010000
00000000
00000000
01000000
820007FF
0000000F
00000000
02000000
00000081
00000018
0601D024
00000000
06340000
00000000
00000000
0601D214
00000001
00000001
0601D000
0000002C
00000020
00000000
00000000
00000000
80000000
00000000
00000000
02000000
00000081
00000018
0601D004
00000002
0000C680
00000000
00000003
0601D200
00000F00
00000F00
00000000
0601D204
80000000
00000080
00000010
00000000
00010100
00000080
00000010
00010000
00010100
00000080
00000010
00020000
00010100
00000080
00000010
00030000
00010100
00000001
0201D040
0000002C
00000800
00000000
00000000
00000000
80000000
00000000
00000000
02000000
00000081
00000018
0201D044
00000001
00000000
00000000
00000000
0201D21C
00000002
00000001
0001D020
0000002C
00010000
00000000
00000000
01000000
820007FF
0000000F
00000000
02000000
00000081
00000018
0001D024
00000000
00F80000
00000000
00000000
0001D214
00000001
00000001
0001D000
0000002C
00000020
00000000
00000000
00000000
80000000
00000000
00000000
02000000
00000081
00000018
0001D004
00000002
00001F00
00000000
00000003
0001D200
00000F00
00000F00
00000000
0001D204
80000000
00000001
0201D020
0000002C
00010000
00000000
00000000
01000000
820007FF
0000000F
00000000
02000000
00000081
00000018
0201D024
00000000
02B80000
00000000
00000000
0201D214
00000001
00000001
0201D000
0000002C
00000020
00000000
00000000
00000000
80000000
00000000
00000000
02000000
00000081
00000018
0201D004
00000002
00005700
00000000
00000003
0201D200
00000F00
00000F00
00000000
0201D204
80000000
00000001
0401D020
0000002C
00010000
00000000
00000000
01000000
820007FF
0000000F
00000000
02000000
00000081
00000018
0401D024
00000000
04780000
00000000
00000000
0401D214
00000001
00000001
0401D000
0000002C
00000020
00000000
00000000
00000000
80000000
00000000
00000000
02000000
00000081
00000018
0401D004
00000002
00008F00
00000000
00000003
0401D200
00000F00
00000F00
00000000
0401D204
80000000
00000001
0601D020
0000002C
00010000
00000000
00000000
01000000
820007FF
0000000F
00000000
02000000
00000081
00000018
0601D024
00000000
06380000
00000000
00000000
0601D214
00000001
00000001
0601D000
0000002C
00000020
00000000
00000000
00000000
80000000
00000000
00000000
02000000
00000081
00000018
0601D004
00000002
0000C700
00000000
00000003
0601D200
00000F00
00000F00
00000000
0601D204
80000000
00000080
00000010
00000000
00010100
00000080
00000010
00010000
00010100
00000080
00000010
00020000
00010100
00000080
00000010
00030000
00010100
00000001
0201D040
0000002C
00000800
00000000
00000000
00000000
80000000
00000000
00000000
02000000
00000081
00000018
0201D044
00000001
00000000
00000000
00000000
0201D21C
00000002
00000001
0001D020
0000002C
00010000
00000000
00000000
01000000
820007FF
0000000F
00000000
02000000
00000081
00000018
0001D024
00000000
00FC0000
00000000
00000000
0001D214
00000001
00000001
0001D000
0000002C
00000020
00000000
00000000
00000000
80000000
00000000
00000000
02000000
00000081
00000018
0001D004
00000002
00001F80
00000000
00000003
0001D200
00000F00
00000F00
00000000
0001D204
80000000
00000001
0201D020
0000002C
00010000
00000000
00000000
01000000
820007FF
0000000F
00000000
02000000
00000081
00000018
0201D024
00000000
02BC0000
00000000
00000000
0201D214
00000001
00000001
0201D000
0000002C
00000020
00000000
00000000
00000000
80000000
00000000
00000000
02000000
00000081
00000018
0201D004
00000002
00005780
00000000
00000003
0201D200
00000F00
00000F00
00000000
0201D204
80000000
00000001
0401D020
0000002C
00010000
00000000
00000000
01000000
820007FF
0000000F
00000000
02000000
00000081
00000018
0401D024
00000000
047C0000
00000000
00000000
0401D214
00000001
00000001
0401D000
0000002C
00000020
00000000
00000000
00000000
80000000
00000000
00000000
02000000
00000081
00000018
0401D004
00000002
00008F80
00000000
00000003
0401D200
00000F00
00000F00
00000000
0401D204
80000000
00000001
0601D020
0000002C
00010000
00000000
00000000
01000000
820007FF
0000000F
00000000
02000000
00000081
00000018
0601D024
00000000
063C0000
00000000
00000000
0601D214
00000001
00000001
0601D000
0000002C
00000020
00000000
00000000
00000000
80000000
00000000
00000000
02000000
00000081
00000018
0601D004
00000002
0000C780
00000000
00000003
0601D200
00000F00
00000F00
00000000
0601D204
80000000
00000080
00000010
00000000
00010100
00000080
00000010
00010000
00010100
00000080
00000010
00020000
00010100
00000080
00000010
00030000
00010100
00000001
0201D040
0000002C
00000800
00000000
00000000
00000000
80000000
00000000
00000000
02000000
00000081
00000018
0201D044
00000001
00000000
00000000
00000000
0201D21C
00000002
00000001
0001D020
0000002C
00010000
00000000
00000000
01000000
820007FF
0000000F
00000000
02000000
00000081
00000018
0001D024
00000000
01000000
00000000
00000000
0001D214
00000001
00000001
0001D000
0000002C
00000020
00000000
00000000
00000000
80000000
00000000
00000000
02000000
00000081
00000018
0001D004
00000002
00002000
00000000
00000003
0001D200
00000F00
00000F00
00000000
0001D204
80000000
00000001
0201D020
0000002C
00010000
00000000
00000000
01000000
820007FF
0000000F
00000000
02000000
00000081
00000018
0201D024
00000000
02C00000
00000000
00000000
0201D214
00000001
00000001
0201D000
0000002C
00000020
00000000
00000000
00000000
80000000
00000000
00000000
02000000
00000081
00000018
0201D004
00000002
00005800
00000000
00000003
0201D200
00000F00
00000F00
00000000
0201D204
80000000
00000001
0401D020
0000002C
00010000
00000000
00000000
01000000
820007FF
0000000F
00000000
02000000
00000081
00000018
0401D024
00000000
04800000
00000000
00000000
0401D214
00000001
00000001
0401D000
0000002C
00000020
00000000
00000000
00000000
80000000
00000000
00000000
02000000
00000081
00000018
0401D004
00000002
00009000
00000000
00000003
0401D200
00000F00
00000F00
00000000
0401D204
80000000
00000001
0601D020
0000002C
00010000
00000000
00000000
01000000
820007FF
0000000F
00000000
02000000
00000081
00000018
0601D024
00000000
06400000
00000000
00000000
0601D214
00000001
00000001
0601D000
0000002C
00000020
00000000
00000000
00000000
80000000
00000000
00000000
02000000
00000081
00000018
0601D004
00000002
0000C800
00000000
00000003
0601D200
00000F00
00000F00
00000000
0601D204
80000000
00000080
00000010
00000000
00010100
00000080
00000010
00010000
00010100
00000080
00000010
00020000
00010100
00000080
00000010
00030000
00010100
00000001
0201D040
0000002C
00000800
00000000
00000000
00000000
80000000
00000000
00000000
02000000
00000081
00000018
0201D044
00000001
00000000
00000000
00000000
0201D21C
00000002
00000001
0001D020
0000002C
00010000
00000000
00000000
01000000
820007FF
0000000F
00000000
02000000
00000081
00000018
0001D024
00000000
01040000
00000000
00000000
0001D214
00000001
00000001
0001D000
0000002C
00000020
00000000
00000000
00000000
80000000
00000000
00000000
02000000
00000081
00000018
0001D004
00000002
00002080
00000000
00000003
0001D200
00000F00
00000F00
00000000
0001D204
80000000
00000001
0201D020
0000002C
00010000
00000000
00000000
01000000
820007FF
0000000F
00000000
02000000
00000081
00000018
0201D024
00000000
02C40000
00000000
00000000
0201D214
00000001
00000001
0201D000
0000002C
00000020
00000000
00000000
00000000
80000000
00000000
00000000
02000000
00000081
00000018
0201D004
00000002
00005880
00000000
00000003
0201D200
00000F00
00000F00
00000000
0201D204
80000000
00000001
0401D020
0000002C
00010000
00000000
00000000
01000000
820007FF
0000000F
00000000
02000000
00000081
00000018
0401D024
00000000
04840000
00000000
00000000
0401D214
00000001
00000001
0401D000
0000002C
00000020
00000000
00000000
00000000
80000000
00000000
00000000
02000000
00000081
00000018
0401D004
00000002
00009080
00000000
00000003
0401D200
00000F00
00000F00
00000000
0401D204
80000000
00000001
0601D020
0000002C
00010000
00000000
00000000
01000000
820007FF
0000000F
00000000
02000000
00000081
00000018
0601D024
00000000
06440000
00000000
00000000
0601D214
00000001
00000001
0601D000
0000002C
00000020
00000000
00000000
00000000
80000000
00000000
00000000
02000000
00000081
00000018
0601D004
00000002
0000C880
00000000
00000003
0601D200
00000F00
00000F00
00000000
0601D204
80000000
00000080
00000010
00000000
00010100
00000080
00000010
00010000
00010100
00000080
00000010
00020000
00010100
00000080
00000010
00030000
00010100
00000001
0201D040
0000002C
00000800
00000000
00000000
00000000
80000000
00000000
00000000
02000000
00000081
00000018
0201D044
00000001
00000000
00000000
00000000
0201D21C
00000002
00000001
0001D020
0000002C
00010000
00000000
00000000
01000000
820007FF
0000000F
00000000
02000000
00000081
00000018
0001D024
00000000
01080000
00000000
00000000
0001D214
00000001
00000001
0001D000
0000002C
00000020
00000000
00000000
00000000
80000000
00000000
00000000
02000000
00000081
00000018
0001D004
00000002
00002100
00000000
00000003
0001D200
00000F00
00000F00
00000000
0001D204
80000000
00000001
0201D020
0000002C
00010000
00000000
00000000
01000000
820007FF
0000000F
00000000
02000000
00000081
00000018
0201D024
00000000
02C80000
00000000
00000000
0201D214
00000001
00000001
0201D000
0000002C
00000020
00000000
00000000
00000000
80000000
00000000
00000000
02000000
00000081
00000018
0201D004
00000002
00005900
00000000
00000003
0201D200
00000F00
00000F00
00000000
0201D204
80000000
00000001
0401D020
0000002C
00010000
00000000
00000000
01000000
820007FF
0000000F
00000000
02000000
00000081
00000018
0401D024
00000000
04880000
00000000
00000000
0401D214
00000001
00000001
0401D000
0000002C
00000020
00000000
00000000
00000000
80000000
00000000
00000000
02000000
00000081
00000018
0401D004
00000002
00009100
00000000
00000003
0401D200
00000F00
00000F00
00000000
0401D204
80000000
00000001
0601D020
0000002C
00010000
00000000
00000000
01000000
820007FF
0000000F
00000000
02000000
00000081
00000018
0601D024
00000000
06480000
00000000
00000000
0601D214
00000001
00000001
0601D000
0000002C
00000020
00000000
00000000
00000000
80000000
00000000
00000000
02000000
00000081
00000018
0601D004
00000002
0000C900
00000000
00000003
0601D200
00000F00
00000F00
00000000
0601D204
80000000
00000080
00000010
00000000
00010100
00000080
00000010
00010000
00010100
00000080
00000010
00020000
00010100
00000080
00000010
00030000
00010100
00000001
0201D040
0000002C
00000800
00000000
00000000
00000000
80000000
00000000
00000000
02000000
00000081
00000018
0201D044
00000001
00000000
00000000
00000000
0201D21C
00000002
00000001
0001D020
0000002C
00010000
00000000
00000000
01000000
820007FF
0000000F
00000000
02000000
00000081
00000018
0001D024
00000000
010C0000
00000000
00000000
0001D214
00000001
00000001
0001D000
0000002C
00000020
00000000
00000000
00000000
80000000
00000000
00000000
02000000
00000081
00000018
0001D004
00000002
00002180
00000000
00000003
0001D200
00000F00
00000F00
00000000
0001D204
80000000
00000001
0201D020
0000002C
00010000
00000000
00000000
01000000
820007FF
0000000F
00000000
02000000
00000081
00000018
0201D024
00000000
02CC0000
00000000
00000000
0201D214
00000001
00000001
0201D000
0000002C
00000020
00000000
00000000
00000000
80000000
00000000
00000000
02000000
00000081
00000018
0201D004
00000002
00005980
00000000
00000003
0201D200
00000F00
00000F00
00000000
0201D204
80000000
00000001
0401D020
0000002C
00010000
00000000
00000000
01000000
820007FF
0000000F
00000000
02000000
00000081
00000018
0401D024
00000000
048C0000
00000000
00000000
0401D214
00000001
00000001
0401D000
0000002C
00000020
00000000
00000000
00000000
80000000
00000000
00000000
02000000
00000081
00000018
0401D004
00000002
00009180
00000000
00000003
0401D200
00000F00
00000F00
00000000
0401D204
80000000
00000001
0601D020
0000002C
00010000
00000000
00000000
01000000
820007FF
0000000F
00000000
02000000
00000081
00000018
0601D024
00000000
064C0000
00000000
00000000
0601D214
00000001
00000001
0601D000
0000002C
00000020
00000000
00000000
00000000
80000000
00000000
00000000
02000000
00000081
00000018
0601D004
00000002
0000C980
00000000
00000003
0601D200
00000F00
00000F00
00000000
0601D204
80000000
00000080
00000010
00000000
00010100
00000080
00000010
00010000
00010100
00000080
00000010
00020000
00010100
00000080
00000010
00030000
00010100
00000001
0201D040
0000002C
00000800
00000000
00000000
00000000
80000000
00000000
00000000
02000000
00000081
00000018
0201D044
00000001
00000000
00000000
00000000
0201D21C
00000002
00000001
0001D020
0000002C
00010000
00000000
00000000
01000000
820007FF
0000000F
00000000
02000000
00000081
00000018
0001D024
00000000
01100000
00000000
00000000
0001D214
00000001
00000001
0001D000
0000002C
00000020
00000000
00000000
00000000
80000000
00000000
00000000
02000000
00000081
00000018
0001D004
00000002
00002200
00000000
00000003
0001D200
00000F00
00000F00
00000000
0001D204
80000000
00000001
0201D020
0000002C
00010000
00000000
00000000
01000000
820007FF
0000000F
00000000
02000000
00000081
00000018
0201D024
00000000
02D00000
00000000
00000000
0201D214
00000001
00000001
0201D000
0000002C
00000020
00000000
00000000
00000000
80000000
00000000
00000000
02000000
00000081
00000018
0201D004
00000002
00005A00
00000000
00000003
0201D200
00000F00
00000F00
00000000
0201D204
80000000
00000001
0401D020
0000002C
00010000
00000000
00000000
01000000
820007FF
0000000F
00000000
02000000
00000081
00000018
0401D024
00000000
04900000
00000000
00000000
0401D214
00000001
00000001
0401D000
0000002C
00000020
00000000
00000000
00000000
80000000
00000000
00000000
02000000
00000081
00000018
0401D004
00000002
00009200
00000000
00000003
0401D200
00000F00
00000F00
00000000
0401D204
80000000
00000001
0601D020
0000002C
00010000
00000000
00000000
01000000
820007FF
0000000F
00000000
02000000
00000081
00000018
0601D024
00000000
06500000
00000000
00000000
0601D214
00000001
00000001
0601D000
0000002C
00000020
00000000
00000000
00000000
80000000
00000000
00000000
02000000
00000081
00000018
0601D004
00000002
0000CA00
00000000
00000003
0601D200
00000F00
00000F00
00000000
0601D204
80000000
00000080
00000010
00000000
00010100
00000080
00000010
00010000
00010100
00000080
00000010
00020000
00010100
00000080
00000010
00030000
00010100
00000001
0201D040
0000002C
00000800
00000000
00000000
00000000
80000000
00000000
00000000
02000000
00000081
00000018
0201D044
00000001
00000000
00000000
00000000
0201D21C
00000002
00000001
0001D020
0000002C
00010000
00000000
00000000
01000000
820007FF
0000000F
00000000
02000000
00000081
00000018
0001D024
00000000
01140000
00000000
00000000
0001D214
00000001
00000001
0001D000
0000002C
00000020
00000000
00000000
00000000
80000000
00000000
00000000
02000000
00000081
00000018
0001D004
00000002
00002280
00000000
00000003
0001D200
00000F00
00000F00
00000000
0001D204
80000000
00000001
0201D020
0000002C
00010000
00000000
00000000
01000000
820007FF
0000000F
00000000
02000000
00000081
00000018
0201D024
00000000
02D40000
00000000
00000000
0201D214
00000001
00000001
0201D000
0000002C
00000020
00000000
00000000
00000000
80000000
00000000
00000000
02000000
00000081
00000018
0201D004
00000002
00005A80
00000000
00000003
0201D200
00000F00
00000F00
00000000
0201D204
80000000
00000001
0401D020
0000002C
00010000
00000000
00000000
01000000
820007FF
0000000F
00000000
02000000
00000081
00000018
0401D024
00000000
04940000
00000000
00000000
0401D214
00000001
00000001
0401D000
0000002C
00000020
00000000
00000000
00000000
80000000
00000000
00000000
02000000
00000081
00000018
0401D004
00000002
00009280
00000000
00000003
0401D200
00000F00
00000F00
00000000
0401D204
80000000
00000001
0601D020
0000002C
00010000
00000000
00000000
01000000
820007FF
0000000F
00000000
02000000
00000081
00000018
0601D024
00000000
06540000
00000000
00000000
0601D214
00000001
00000001
0601D000
0000002C
00000020
00000000
00000000
00000000
80000000
00000000
00000000
02000000
00000081
00000018
0601D004
00000002
0000CA80
00000000
00000003
0601D200
00000F00
00000F00
00000000
0601D204
80000000
00000080
00000010
00000000
00010100
00000080
00000010
00010000
00010100
00000080
00000010
00020000
00010100
00000080
00000010
00030000
00010100
00000001
0201D040
0000002C
00000800
00000000
00000000
00000000
80000000
00000000
00000000
02000000
00000081
00000018
0201D044
00000001
00000000
00000000
00000000
0201D21C
00000002
00000001
0001D020
0000002C
00010000
00000000
00000000
01000000
820007FF
0000000F
00000000
02000000
00000081
00000018
0001D024
00000000
01180000
00000000
00000000
0001D214
00000001
00000001
0001D000
0000002C
00000020
00000000
00000000
00000000
80000000
00000000
00000000
02000000
00000081
00000018
0001D004
00000002
00002300
00000000
00000003
0001D200
00000F00
00000F00
00000000
0001D204
80000000
00000001
0201D020
0000002C
00010000
00000000
00000000
01000000
820007FF
0000000F
00000000
02000000
00000081
00000018
0201D024
00000000
02D80000
00000000
00000000
0201D214
00000001
00000001
0201D000
0000002C
00000020
00000000
00000000
00000000
80000000
00000000
00000000
02000000
00000081
00000018
0201D004
00000002
00005B00
00000000
00000003
0201D200
00000F00
00000F00
00000000
0201D204
80000000
00000001
0401D020
0000002C
00010000
00000000
00000000
01000000
820007FF
0000000F
00000000
02000000
00000081
00000018
0401D024
00000000
04980000
00000000
00000000
0401D214
00000001
00000001
0401D000
0000002C
00000020
00000000
00000000
00000000
80000000
00000000
00000000
02000000
00000081
00000018
0401D004
00000002
00009300
00000000
00000003
0401D200
00000F00
00000F00
00000000
0401D204
80000000
00000001
0601D020
0000002C
00010000
00000000
00000000
01000000
820007FF
0000000F
00000000
02000000
00000081
00000018
0601D024
00000000
06580000
00000000
00000000
0601D214
00000001
00000001
0601D000
0000002C
00000020
00000000
00000000
00000000
80000000
00000000
00000000
02000000
00000081
00000018
0601D004
00000002
0000CB00
00000000
00000003
0601D200
00000F00
00000F00
00000000
0601D204
80000000
00000080
00000010
00000000
00010100
00000080
00000010
00010000
00010100
00000080
00000010
00020000
00010100
00000080
00000010
00030000
00010100
00000001
0201D040
0000002C
00000800
00000000
00000000
00000000
80000000
00000000
00000000
02000000
00000081
00000018
0201D044
00000001
00000000
00000000
00000000
0201D21C
00000002
00000001
0001D020
0000002C
00010000
00000000
00000000
01000000
820007FF
0000000F
00000000
02000000
00000081
00000018
0001D024
00000000
011C0000
00000000
00000000
0001D214
00000001
00000001
0001D000
0000002C
00000020
00000000
00000000
00000000
80000000
00000000
00000000
02000000
00000081
00000018
0001D004
00000002
00002380
00000000
00000003
0001D200
00000F00
00000F00
00000000
0001D204
80000000
00000001
0201D020
0000002C
00010000
00000000
00000000
01000000
820007FF
0000000F
00000000
02000000
00000081
00000018
0201D024
00000000
02DC0000
00000000
00000000
0201D214
00000001
00000001
0201D000
0000002C
00000020
00000000
00000000
00000000
80000000
00000000
00000000
02000000
00000081
00000018
0201D004
00000002
00005B80
00000000
00000003
0201D200
00000F00
00000F00
00000000
0201D204
80000000
00000001
0401D020
0000002C
00010000
00000000
00000000
01000000
820007FF
0000000F
00000000
02000000
00000081
00000018
0401D024
00000000
049C0000
00000000
00000000
0401D214
00000001
00000001
0401D000
0000002C
00000020
00000000
00000000
00000000
80000000
00000000
00000000
02000000
00000081
00000018
0401D004
00000002
00009380
00000000
00000003
0401D200
00000F00
00000F00
00000000
0401D204
80000000
00000001
0601D020
0000002C
00010000
00000000
00000000
01000000
820007FF
0000000F
00000000
02000000
00000081
00000018
0601D024
00000000
065C0000
00000000
00000000
0601D214
00000001
00000001
0601D000
0000002C
00000020
00000000
00000000
00000000
80000000
00000000
00000000
02000000
00000081
00000018
0601D004
00000002
0000CB80
00000000
00000003
0601D200
00000F00
00000F00
00000000
0601D204
80000000
00000080
00000010
00000000
00010100
00000080
00000010
00010000
00010100
00000080
00000010
00020000
00010100
00000080
00000010
00030000
00010100
00000001
0201D040
0000002C
00000800
00000000
00000000
00000000
80000000
00000000
00000000
02000000
00000081
00000018
0201D044
00000001
00000000
00000000
00000000
0201D21C
00000002
00000001
0001D020
0000002C
00010000
00000000
00000000
01000000
820007FF
0000000F
00000000
02000000
00000081
00000018
0001D024
00000000
01200000
00000000
00000000
0001D214
00000001
00000001
0001D000
0000002C
00000020
00000000
00000000
00000000
80000000
00000000
00000000
02000000
00000081
00000018
0001D004
00000002
00002400
00000000
00000003
0001D200
00000F00
00000F00
00000000
0001D204
80000000
00000001
0201D020
0000002C
00010000
00000000
00000000
01000000
820007FF
0000000F
00000000
02000000
00000081
00000018
0201D024
00000000
02E00000
00000000
00000000
0201D214
00000001
00000001
0201D000
0000002C
00000020
00000000
00000000
00000000
80000000
00000000
00000000
02000000
00000081
00000018
0201D004
00000002
00005C00
00000000
00000003
0201D200
00000F00
00000F00
00000000
0201D204
80000000
00000001
0401D020
0000002C
00010000
00000000
00000000
01000000
820007FF
0000000F
00000000
02000000
00000081
00000018
0401D024
00000000
04A00000
00000000
00000000
0401D214
00000001
00000001
0401D000
0000002C
00000020
00000000
00000000
00000000
80000000
00000000
00000000
02000000
00000081
00000018
0401D004
00000002
00009400
00000000
00000003
0401D200
00000F00
00000F00
00000000
0401D204
80000000
00000001
0601D020
0000002C
00010000
00000000
00000000
01000000
820007FF
0000000F
00000000
02000000
00000081
00000018
0601D024
00000000
06600000
00000000
00000000
0601D214
00000001
00000001
0601D000
0000002C
00000020
00000000
00000000
00000000
80000000
00000000
00000000
02000000
00000081
00000018
0601D004
00000002
0000CC00
00000000
00000003
0601D200
00000F00
00000F00
00000000
0601D204
80000000
00000080
00000010
00000000
00010100
00000080
00000010
00010000
00010100
00000080
00000010
00020000
00010100
00000080
00000010
00030000
00010100
00000001
0201D040
0000002C
00000800
00000000
00000000
00000000
80000000
00000000
00000000
02000000
00000081
00000018
0201D044
00000001
00000000
00000000
00000000
0201D21C
00000002
00000001
0001D020
0000002C
00010000
00000000
00000000
01000000
820007FF
0000000F
00000000
02000000
00000081
00000018
0001D024
00000000
01240000
00000000
00000000
0001D214
00000001
00000001
0001D000
0000002C
00000020
00000000
00000000
00000000
80000000
00000000
00000000
02000000
00000081
00000018
0001D004
00000002
00002480
00000000
00000003
0001D200
00000F00
00000F00
00000000
0001D204
80000000
00000001
0201D020
0000002C
00010000
00000000
00000000
01000000
820007FF
0000000F
00000000
02000000
00000081
00000018
0201D024
00000000
02E40000
00000000
00000000
0201D214
00000001
00000001
0201D000
0000002C
00000020
00000000
00000000
00000000
80000000
00000000
00000000
02000000
00000081
00000018
0201D004
00000002
00005C80
00000000
00000003
0201D200
00000F00
00000F00
00000000
0201D204
80000000
00000001
0401D020
0000002C
00010000
00000000
00000000
01000000
820007FF
0000000F
00000000
02000000
00000081
00000018
0401D024
00000000
04A40000
00000000
00000000
0401D214
00000001
00000001
0401D000
0000002C
00000020
00000000
00000000
00000000
80000000
00000000
00000000
02000000
00000081
00000018
0401D004
00000002
00009480
00000000
00000003
0401D200
00000F00
00000F00
00000000
0401D204
80000000
00000001
0601D020
0000002C
00010000
00000000
00000000
01000000
820007FF
0000000F
00000000
02000000
00000081
00000018
0601D024
00000000
06640000
00000000
00000000
0601D214
00000001
00000001
0601D000
0000002C
00000020
00000000
00000000
00000000
80000000
00000000
00000000
02000000
00000081
00000018
0601D004
00000002
0000CC80
00000000
00000003
0601D200
00000F00
00000F00
00000000
0601D204
80000000
00000080
00000010
00000000
00010100
00000080
00000010
00010000
00010100
00000080
00000010
00020000
00010100
00000080
00000010
00030000
00010100
00000001
0201D040
0000002C
00000800
00000000
00000000
00000000
80000000
00000000
00000000
02000000
00000081
00000018
0201D044
00000001
00000000
00000000
00000000
0201D21C
00000002
00000001
0001D020
0000002C
00010000
00000000
00000000
01000000
820007FF
0000000F
00000000
02000000
00000081
00000018
0001D024
00000000
01280000
00000000
00000000
0001D214
00000001
00000001
0001D000
0000002C
00000020
00000000
00000000
00000000
80000000
00000000
00000000
02000000
00000081
00000018
0001D004
00000002
00002500
00000000
00000003
0001D200
00000F00
00000F00
00000000
0001D204
80000000
00000001
0201D020
0000002C
00010000
00000000
00000000
01000000
820007FF
0000000F
00000000
02000000
00000081
00000018
0201D024
00000000
02E80000
00000000
00000000
0201D214
00000001
00000001
0201D000
0000002C
00000020
00000000
00000000
00000000
80000000
00000000
00000000
02000000
00000081
00000018
0201D004
00000002
00005D00
00000000
00000003
0201D200
00000F00
00000F00
00000000
0201D204
80000000
00000001
0401D020
0000002C
00010000
00000000
00000000
01000000
820007FF
0000000F
00000000
02000000
00000081
00000018
0401D024
00000000
04A80000
00000000
00000000
0401D214
00000001
00000001
0401D000
0000002C
00000020
00000000
00000000
00000000
80000000
00000000
00000000
02000000
00000081
00000018
0401D004
00000002
00009500
00000000
00000003
0401D200
00000F00
00000F00
00000000
0401D204
80000000
00000001
0601D020
0000002C
00010000
00000000
00000000
01000000
820007FF
0000000F
00000000
02000000
00000081
00000018
0601D024
00000000
06680000
00000000
00000000
0601D214
00000001
00000001
0601D000
0000002C
00000020
00000000
00000000
00000000
80000000
00000000
00000000
02000000
00000081
00000018
0601D004
00000002
0000CD00
00000000
00000003
0601D200
00000F00
00000F00
00000000
0601D204
80000000
00000080
00000010
00000000
00010100
00000080
00000010
00010000
00010100
00000080
00000010
00020000
00010100
00000080
00000010
00030000
00010100
00000001
0201D040
0000002C
00000800
00000000
00000000
00000000
80000000
00000000
00000000
02000000
00000081
00000018
0201D044
00000001
00000000
00000000
00000000
0201D21C
00000002
00000001
0001D020
0000002C
00010000
00000000
00000000
01000000
820007FF
0000000F
00000000
02000000
00000081
00000018
0001D024
00000000
012C0000
00000000
00000000
0001D214
00000001
00000001
0001D000
0000002C
00000020
00000000
00000000
00000000
80000000
00000000
00000000
02000000
00000081
00000018
0001D004
00000002
00002580
00000000
00000003
0001D200
00000F00
00000F00
00000000
0001D204
80000000
00000001
0201D020
0000002C
00010000
00000000
00000000
01000000
820007FF
0000000F
00000000
02000000
00000081
00000018
0201D024
00000000
02EC0000
00000000
00000000
0201D214
00000001
00000001
0201D000
0000002C
00000020
00000000
00000000
00000000
80000000
00000000
00000000
02000000
00000081
00000018
0201D004
00000002
00005D80
00000000
00000003
0201D200
00000F00
00000F00
00000000
0201D204
80000000
00000001
0401D020
0000002C
00010000
00000000
00000000
01000000
820007FF
0000000F
00000000
02000000
00000081
00000018
0401D024
00000000
04AC0000
00000000
00000000
0401D214
00000001
00000001
0401D000
0000002C
00000020
00000000
00000000
00000000
80000000
00000000
00000000
02000000
00000081
00000018
0401D004
00000002
00009580
00000000
00000003
0401D200
00000F00
00000F00
00000000
0401D204
80000000
00000001
0601D020
0000002C
00010000
00000000
00000000
01000000
820007FF
0000000F
00000000
02000000
00000081
00000018
0601D024
00000000
066C0000
00000000
00000000
0601D214
00000001
00000001
0601D000
0000002C
00000020
00000000
00000000
00000000
80000000
00000000
00000000
02000000
00000081
00000018
0601D004
00000002
0000CD80
00000000
00000003
0601D200
00000F00
00000F00
00000000
0601D204
80000000
00000080
00000010
00000000
00010100
00000080
00000010
00010000
00010100
00000080
00000010
00020000
00010100
00000080
00000010
00030000
00010100
00000001
0201D040
0000002C
00000800
00000000
00000000
00000000
80000000
00000000
00000000
02000000
00000081
00000018
0201D044
00000001
00000000
00000000
00000000
0201D21C
00000002
00000001
0001D020
0000002C
00010000
00000000
00000000
01000000
820007FF
0000000F
00000000
02000000
00000081
00000018
0001D024
00000000
01300000
00000000
00000000
0001D214
00000001
00000001
0001D000
0000002C
00000020
00000000
00000000
00000000
80000000
00000000
00000000
02000000
00000081
00000018
0001D004
00000002
00002600
00000000
00000003
0001D200
00000F00
00000F00
00000000
0001D204
80000000
00000001
0201D020
0000002C
00010000
00000000
00000000
01000000
820007FF
0000000F
00000000
02000000
00000081
00000018
0201D024
00000000
02F00000
00000000
00000000
0201D214
00000001
00000001
0201D000
0000002C
00000020
00000000
00000000
00000000
80000000
00000000
00000000
02000000
00000081
00000018
0201D004
00000002
00005E00
00000000
00000003
0201D200
00000F00
00000F00
00000000
0201D204
80000000
00000001
0401D020
0000002C
00010000
00000000
00000000
01000000
820007FF
0000000F
00000000
02000000
00000081
00000018
0401D024
00000000
04B00000
00000000
00000000
0401D214
00000001
00000001
0401D000
0000002C
00000020
00000000
00000000
00000000
80000000
00000000
00000000
02000000
00000081
00000018
0401D004
00000002
00009600
00000000
00000003
0401D200
00000F00
00000F00
00000000
0401D204
80000000
00000001
0601D020
0000002C
00010000
00000000
00000000
01000000
820007FF
0000000F
00000000
02000000
00000081
00000018
0601D024
00000000
06700000
00000000
00000000
0601D214
00000001
00000001
0601D000
0000002C
00000020
00000000
00000000
00000000
80000000
00000000
00000000
02000000
00000081
00000018
0601D004
00000002
0000CE00
00000000
00000003
0601D200
00000F00
00000F00
00000000
0601D204
80000000
00000080
00000010
00000000
00010100
00000080
00000010
00010000
00010100
00000080
00000010
00020000
00010100
00000080
00000010
00030000
00010100
00000001
0201D040
0000002C
00000800
00000000
00000000
00000000
80000000
00000000
00000000
02000000
00000081
00000018
0201D044
00000001
00000000
00000000
00000000
0201D21C
00000002
00000001
0001D020
0000002C
00010000
00000000
00000000
01000000
820007FF
0000000F
00000000
02000000
00000081
00000018
0001D024
00000000
01340000
00000000
00000000
0001D214
00000001
00000001
0001D000
0000002C
00000020
00000000
00000000
00000000
80000000
00000000
00000000
02000000
00000081
00000018
0001D004
00000002
00002680
00000000
00000003
0001D200
00000F00
00000F00
00000000
0001D204
80000000
00000001
0201D020
0000002C
00010000
00000000
00000000
01000000
820007FF
0000000F
00000000
02000000
00000081
00000018
0201D024
00000000
02F40000
00000000
00000000
0201D214
00000001
00000001
0201D000
0000002C
00000020
00000000
00000000
00000000
80000000
00000000
00000000
02000000
00000081
00000018
0201D004
00000002
00005E80
00000000
00000003
0201D200
00000F00
00000F00
00000000
0201D204
80000000
00000001
0401D020
0000002C
00010000
00000000
00000000
01000000
820007FF
0000000F
00000000
02000000
00000081
00000018
0401D024
00000000
04B40000
00000000
00000000
0401D214
00000001
00000001
0401D000
0000002C
00000020
00000000
00000000
00000000
80000000
00000000
00000000
02000000
00000081
00000018
0401D004
00000002
00009680
00000000
00000003
0401D200
00000F00
00000F00
00000000
0401D204
80000000
00000001
0601D020
0000002C
00010000
00000000
00000000
01000000
820007FF
0000000F
00000000
02000000
00000081
00000018
0601D024
00000000
06740000
00000000
00000000
0601D214
00000001
00000001
0601D000
0000002C
00000020
00000000
00000000
00000000
80000000
00000000
00000000
02000000
00000081
00000018
0601D004
00000002
0000CE80
00000000
00000003
0601D200
00000F00
00000F00
00000000
0601D204
80000000
00000080
00000010
00000000
00010100
00000080
00000010
00010000
00010100
00000080
00000010
00020000
00010100
00000080
00000010
00030000
00010100
00000001
0201D040
0000002C
00000800
00000000
00000000
00000000
80000000
00000000
00000000
02000000
00000081
00000018
0201D044
00000001
00000000
00000000
00000000
0201D21C
00000002
00000001
0001D020
0000002C
00010000
00000000
00000000
01000000
820007FF
0000000F
00000000
02000000
00000081
00000018
0001D024
00000000
01380000
00000000
00000000
0001D214
00000001
00000001
0001D000
0000002C
00000020
00000000
00000000
00000000
80000000
00000000
00000000
02000000
00000081
00000018
0001D004
00000002
00002700
00000000
00000003
0001D200
00000F00
00000F00
00000000
0001D204
80000000
00000001
0201D020
0000002C
00010000
00000000
00000000
01000000
820007FF
0000000F
00000000
02000000
00000081
00000018
0201D024
00000000
02F80000
00000000
00000000
0201D214
00000001
00000001
0201D000
0000002C
00000020
00000000
00000000
00000000
80000000
00000000
00000000
02000000
00000081
00000018
0201D004
00000002
00005F00
00000000
00000003
0201D200
00000F00
00000F00
00000000
0201D204
80000000
00000001
0401D020
0000002C
00010000
00000000
00000000
01000000
820007FF
0000000F
00000000
02000000
00000081
00000018
0401D024
00000000
04B80000
00000000
00000000
0401D214
00000001
00000001
0401D000
0000002C
00000020
00000000
00000000
00000000
80000000
00000000
00000000
02000000
00000081
00000018
0401D004
00000002
00009700
00000000
00000003
0401D200
00000F00
00000F00
00000000
0401D204
80000000
00000001
0601D020
0000002C
00010000
00000000
00000000
01000000
820007FF
0000000F
00000000
02000000
00000081
00000018
0601D024
00000000
06780000
00000000
00000000
0601D214
00000001
00000001
0601D000
0000002C
00000020
00000000
00000000
00000000
80000000
00000000
00000000
02000000
00000081
00000018
0601D004
00000002
0000CF00
00000000
00000003
0601D200
00000F00
00000F00
00000000
0601D204
80000000
00000080
00000010
00000000
00010100
00000080
00000010
00010000
00010100
00000080
00000010
00020000
00010100
00000080
00000010
00030000
00010100
00000001
0201D040
0000002C
00000800
00000000
00000000
00000000
80000000
00000000
00000000
02000000
00000081
00000018
0201D044
00000001
00000000
00000000
00000000
0201D21C
00000002
00000001
0001D020
0000002C
00010000
00000000
00000000
01000000
820007FF
0000000F
00000000
02000000
00000081
00000018
0001D024
00000000
013C0000
00000000
00000000
0001D214
00000001
00000001
0001D000
0000002C
00000020
00000000
00000000
00000000
80000000
00000000
00000000
02000000
00000081
00000018
0001D004
00000002
00002780
00000000
00000003
0001D200
00000F00
00000F00
00000000
0001D204
80000000
00000001
0201D020
0000002C
00010000
00000000
00000000
01000000
820007FF
0000000F
00000000
02000000
00000081
00000018
0201D024
00000000
02FC0000
00000000
00000000
0201D214
00000001
00000001
0201D000
0000002C
00000020
00000000
00000000
00000000
80000000
00000000
00000000
02000000
00000081
00000018
0201D004
00000002
00005F80
00000000
00000003
0201D200
00000F00
00000F00
00000000
0201D204
80000000
00000001
0401D020
0000002C
00010000
00000000
00000000
01000000
820007FF
0000000F
00000000
02000000
00000081
00000018
0401D024
00000000
04BC0000
00000000
00000000
0401D214
00000001
00000001
0401D000
0000002C
00000020
00000000
00000000
00000000
80000000
00000000
00000000
02000000
00000081
00000018
0401D004
00000002
00009780
00000000
00000003
0401D200
00000F00
00000F00
00000000
0401D204
80000000
00000001
0601D020
0000002C
00010000
00000000
00000000
01000000
820007FF
0000000F
00000000
02000000
00000081
00000018
0601D024
00000000
067C0000
00000000
00000000
0601D214
00000001
00000001
0601D000
0000002C
00000020
00000000
00000000
00000000
80000000
00000000
00000000
02000000
00000081
00000018
0601D004
00000002
0000CF80
00000000
00000003
0601D200
00000F00
00000F00
00000000
0601D204
80000000
00000080
00000010
00000000
00010100
00000080
00000010
00010000
00010100
00000080
00000010
00020000
00010100
00000080
00000010
00030000
00010100
00000001
0201D040
0000002C
00000800
00000000
00000000
00000000
80000000
00000000
00000000
02000000
00000081
00000018
0201D044
00000001
00000000
00000000
00000000
0201D21C
00000002
00000001
0001D020
0000002C
00010000
00000000
00000000
01000000
820007FF
0000000F
00000000
02000000
00000081
00000018
0001D024
00000000
01400000
00000000
00000000
0001D214
00000001
00000001
0001D000
0000002C
00000020
00000000
00000000
00000000
80000000
00000000
00000000
02000000
00000081
00000018
0001D004
00000002
00002800
00000000
00000003
0001D200
00000F00
00000F00
00000000
0001D204
80000000
00000001
0201D020
0000002C
00010000
00000000
00000000
01000000
820007FF
0000000F
00000000
02000000
00000081
00000018
0201D024
00000000
03000000
00000000
00000000
0201D214
00000001
00000001
0201D000
0000002C
00000020
00000000
00000000
00000000
80000000
00000000
00000000
02000000
00000081
00000018
0201D004
00000002
00006000
00000000
00000003
0201D200
00000F00
00000F00
00000000
0201D204
80000000
00000001
0401D020
0000002C
00010000
00000000
00000000
01000000
820007FF
0000000F
00000000
02000000
00000081
00000018
0401D024
00000000
04C00000
00000000
00000000
0401D214
00000001
00000001
0401D000
0000002C
00000020
00000000
00000000
00000000
80000000
00000000
00000000
02000000
00000081
00000018
0401D004
00000002
00009800
00000000
00000003
0401D200
00000F00
00000F00
00000000
0401D204
80000000
00000001
0601D020
0000002C
00010000
00000000
00000000
01000000
820007FF
0000000F
00000000
02000000
00000081
00000018
0601D024
00000000
06800000
00000000
00000000
0601D214
00000001
00000001
0601D000
0000002C
00000020
00000000
00000000
00000000
80000000
00000000
00000000
02000000
00000081
00000018
0601D004
00000002
0000D000
00000000
00000003
0601D200
00000F00
00000F00
00000000
0601D204
80000000
00000080
00000010
00000000
00010100
00000080
00000010
00010000
00010100
00000080
00000010
00020000
00010100
00000080
00000010
00030000
00010100
00000001
0201D040
0000002C
00000800
00000000
00000000
00000000
80000000
00000000
00000000
02000000
00000081
00000018
0201D044
00000001
00000000
00000000
00000000
0201D21C
00000002
00000001
0001D020
0000002C
00010000
00000000
00000000
01000000
820007FF
0000000F
00000000
02000000
00000081
00000018
0001D024
00000000
01440000
00000000
00000000
0001D214
00000001
00000001
0001D000
0000002C
00000020
00000000
00000000
00000000
80000000
00000000
00000000
02000000
00000081
00000018
0001D004
00000002
00002880
00000000
00000003
0001D200
00000F00
00000F00
00000000
0001D204
80000000
00000001
0201D020
0000002C
00010000
00000000
00000000
01000000
820007FF
0000000F
00000000
02000000
00000081
00000018
0201D024
00000000
03040000
00000000
00000000
0201D214
00000001
00000001
0201D000
0000002C
00000020
00000000
00000000
00000000
80000000
00000000
00000000
02000000
00000081
00000018
0201D004
00000002
00006080
00000000
00000003
0201D200
00000F00
00000F00
00000000
0201D204
80000000
00000001
0401D020
0000002C
00010000
00000000
00000000
01000000
820007FF
0000000F
00000000
02000000
00000081
00000018
0401D024
00000000
04C40000
00000000
00000000
0401D214
00000001
00000001
0401D000
0000002C
00000020
00000000
00000000
00000000
80000000
00000000
00000000
02000000
00000081
00000018
0401D004
00000002
00009880
00000000
00000003
0401D200
00000F00
00000F00
00000000
0401D204
80000000
00000001
0601D020
0000002C
00010000
00000000
00000000
01000000
820007FF
0000000F
00000000
02000000
00000081
00000018
0601D024
00000000
06840000
00000000
00000000
0601D214
00000001
00000001
0601D000
0000002C
00000020
00000000
00000000
00000000
80000000
00000000
00000000
02000000
00000081
00000018
0601D004
00000002
0000D080
00000000
00000003
0601D200
00000F00
00000F00
00000000
0601D204
80000000
00000080
00000010
00000000
00010100
00000080
00000010
00010000
00010100
00000080
00000010
00020000
00010100
00000080
00000010
00030000
00010100
00000001
0201D040
0000002C
00000800
00000000
00000000
00000000
80000000
00000000
00000000
02000000
00000081
00000018
0201D044
00000001
00000000
00000000
00000000
0201D21C
00000002
00000001
0001D020
0000002C
00010000
00000000
00000000
01000000
820007FF
0000000F
00000000
02000000
00000081
00000018
0001D024
00000000
01480000
00000000
00000000
0001D214
00000001
00000001
0001D000
0000002C
00000020
00000000
00000000
00000000
80000000
00000000
00000000
02000000
00000081
00000018
0001D004
00000002
00002900
00000000
00000003
0001D200
00000F00
00000F00
00000000
0001D204
80000000
00000001
0201D020
0000002C
00010000
00000000
00000000
01000000
820007FF
0000000F
00000000
02000000
00000081
00000018
0201D024
00000000
03080000
00000000
00000000
0201D214
00000001
00000001
0201D000
0000002C
00000020
00000000
00000000
00000000
80000000
00000000
00000000
02000000
00000081
00000018
0201D004
00000002
00006100
00000000
00000003
0201D200
00000F00
00000F00
00000000
0201D204
80000000
00000001
0401D020
0000002C
00010000
00000000
00000000
01000000
820007FF
0000000F
00000000
02000000
00000081
00000018
0401D024
00000000
04C80000
00000000
00000000
0401D214
00000001
00000001
0401D000
0000002C
00000020
00000000
00000000
00000000
80000000
00000000
00000000
02000000
00000081
00000018
0401D004
00000002
00009900
00000000
00000003
0401D200
00000F00
00000F00
00000000
0401D204
80000000
00000001
0601D020
0000002C
00010000
00000000
00000000
01000000
820007FF
0000000F
00000000
02000000
00000081
00000018
0601D024
00000000
06880000
00000000
00000000
0601D214
00000001
00000001
0601D000
0000002C
00000020
00000000
00000000
00000000
80000000
00000000
00000000
02000000
00000081
00000018
0601D004
00000002
0000D100
00000000
00000003
0601D200
00000F00
00000F00
00000000
0601D204
80000000
00000080
00000010
00000000
00010100
00000080
00000010
00010000
00010100
00000080
00000010
00020000
00010100
00000080
00000010
00030000
00010100
00000001
0201D040
0000002C
00000800
00000000
00000000
00000000
80000000
00000000
00000000
02000000
00000081
00000018
0201D044
00000001
00000000
00000000
00000000
0201D21C
00000002
00000001
0001D020
0000002C
00010000
00000000
00000000
01000000
820007FF
0000000F
00000000
02000000
00000081
00000018
0001D024
00000000
014C0000
00000000
00000000
0001D214
00000001
00000001
0001D000
0000002C
00000020
00000000
00000000
00000000
80000000
00000000
00000000
02000000
00000081
00000018
0001D004
00000002
00002980
00000000
00000003
0001D200
00000F00
00000F00
00000000
0001D204
80000000
00000001
0201D020
0000002C
00010000
00000000
00000000
01000000
820007FF
0000000F
00000000
02000000
00000081
00000018
0201D024
00000000
030C0000
00000000
00000000
0201D214
00000001
00000001
0201D000
0000002C
00000020
00000000
00000000
00000000
80000000
00000000
00000000
02000000
00000081
00000018
0201D004
00000002
00006180
00000000
00000003
0201D200
00000F00
00000F00
00000000
0201D204
80000000
00000001
0401D020
0000002C
00010000
00000000
00000000
01000000
820007FF
0000000F
00000000
02000000
00000081
00000018
0401D024
00000000
04CC0000
00000000
00000000
0401D214
00000001
00000001
0401D000
0000002C
00000020
00000000
00000000
00000000
80000000
00000000
00000000
02000000
00000081
00000018
0401D004
00000002
00009980
00000000
00000003
0401D200
00000F00
00000F00
00000000
0401D204
80000000
00000001
0601D020
0000002C
00010000
00000000
00000000
01000000
820007FF
0000000F
00000000
02000000
00000081
00000018
0601D024
00000000
068C0000
00000000
00000000
0601D214
00000001
00000001
0601D000
0000002C
00000020
00000000
00000000
00000000
80000000
00000000
00000000
02000000
00000081
00000018
0601D004
00000002
0000D180
00000000
00000003
0601D200
00000F00
00000F00
00000000
0601D204
80000000
00000080
00000010
00000000
00010100
00000080
00000010
00010000
00010100
00000080
00000010
00020000
00010100
00000080
00000010
00030000
00010100
00000001
0201D040
0000002C
00000800
00000000
00000000
00000000
80000000
00000000
00000000
02000000
00000081
00000018
0201D044
00000001
00000000
00000000
00000000
0201D21C
00000002
00000001
0001D020
0000002C
00010000
00000000
00000000
01000000
820007FF
0000000F
00000000
02000000
00000081
00000018
0001D024
00000000
01500000
00000000
00000000
0001D214
00000001
00000001
0001D000
0000002C
00000020
00000000
00000000
00000000
80000000
00000000
00000000
02000000
00000081
00000018
0001D004
00000002
00002A00
00000000
00000003
0001D200
00000F00
00000F00
00000000
0001D204
80000000
00000001
0201D020
0000002C
00010000
00000000
00000000
01000000
820007FF
0000000F
00000000
02000000
00000081
00000018
0201D024
00000000
03100000
00000000
00000000
0201D214
00000001
00000001
0201D000
0000002C
00000020
00000000
00000000
00000000
80000000
00000000
00000000
02000000
00000081
00000018
0201D004
00000002
00006200
00000000
00000003
0201D200
00000F00
00000F00
00000000
0201D204
80000000
00000001
0401D020
0000002C
00010000
00000000
00000000
01000000
820007FF
0000000F
00000000
02000000
00000081
00000018
0401D024
00000000
04D00000
00000000
00000000
0401D214
00000001
00000001
0401D000
0000002C
00000020
00000000
00000000
00000000
80000000
00000000
00000000
02000000
00000081
00000018
0401D004
00000002
00009A00
00000000
00000003
0401D200
00000F00
00000F00
00000000
0401D204
80000000
00000001
0601D020
0000002C
00010000
00000000
00000000
01000000
820007FF
0000000F
00000000
02000000
00000081
00000018
0601D024
00000000
06900000
00000000
00000000
0601D214
00000001
00000001
0601D000
0000002C
00000020
00000000
00000000
00000000
80000000
00000000
00000000
02000000
00000081
00000018
0601D004
00000002
0000D200
00000000
00000003
0601D200
00000F00
00000F00
00000000
0601D204
80000000
00000080
00000010
00000000
00010100
00000080
00000010
00010000
00010100
00000080
00000010
00020000
00010100
00000080
00000010
00030000
00010100
00000001
0201D040
0000002C
00000800
00000000
00000000
00000000
80000000
00000000
00000000
02000000
00000081
00000018
0201D044
00000001
00000000
00000000
00000000
0201D21C
00000002
00000001
0001D020
0000002C
00010000
00000000
00000000
01000000
820007FF
0000000F
00000000
02000000
00000081
00000018
0001D024
00000000
01540000
00000000
00000000
0001D214
00000001
00000001
0001D000
0000002C
00000020
00000000
00000000
00000000
80000000
00000000
00000000
02000000
00000081
00000018
0001D004
00000002
00002A80
00000000
00000003
0001D200
00000F00
00000F00
00000000
0001D204
80000000
00000001
0201D020
0000002C
00010000
00000000
00000000
01000000
820007FF
0000000F
00000000
02000000
00000081
00000018
0201D024
00000000
03140000
00000000
00000000
0201D214
00000001
00000001
0201D000
0000002C
00000020
00000000
00000000
00000000
80000000
00000000
00000000
02000000
00000081
00000018
0201D004
00000002
00006280
00000000
00000003
0201D200
00000F00
00000F00
00000000
0201D204
80000000
00000001
0401D020
0000002C
00010000
00000000
00000000
01000000
820007FF
0000000F
00000000
02000000
00000081
00000018
0401D024
00000000
04D40000
00000000
00000000
0401D214
00000001
00000001
0401D000
0000002C
00000020
00000000
00000000
00000000
80000000
00000000
00000000
02000000
00000081
00000018
0401D004
00000002
00009A80
00000000
00000003
0401D200
00000F00
00000F00
00000000
0401D204
80000000
00000001
0601D020
0000002C
00010000
00000000
00000000
01000000
820007FF
0000000F
00000000
02000000
00000081
00000018
0601D024
00000000
06940000
00000000
00000000
0601D214
00000001
00000001
0601D000
0000002C
00000020
00000000
00000000
00000000
80000000
00000000
00000000
02000000
00000081
00000018
0601D004
00000002
0000D280
00000000
00000003
0601D200
00000F00
00000F00
00000000
0601D204
80000000
00000080
00000010
00000000
00010100
00000080
00000010
00010000
00010100
00000080
00000010
00020000
00010100
00000080
00000010
00030000
00010100
00000001
0201D040
0000002C
00000800
00000000
00000000
00000000
80000000
00000000
00000000
02000000
00000081
00000018
0201D044
00000001
00000000
00000000
00000000
0201D21C
00000002
00000001
0001D020
0000002C
00010000
00000000
00000000
01000000
820007FF
0000000F
00000000
02000000
00000081
00000018
0001D024
00000000
01580000
00000000
00000000
0001D214
00000001
00000001
0001D000
0000002C
00000020
00000000
00000000
00000000
80000000
00000000
00000000
02000000
00000081
00000018
0001D004
00000002
00002B00
00000000
00000003
0001D200
00000F00
00000F00
00000000
0001D204
80000000
00000001
0201D020
0000002C
00010000
00000000
00000000
01000000
820007FF
0000000F
00000000
02000000
00000081
00000018
0201D024
00000000
03180000
00000000
00000000
0201D214
00000001
00000001
0201D000
0000002C
00000020
00000000
00000000
00000000
80000000
00000000
00000000
02000000
00000081
00000018
0201D004
00000002
00006300
00000000
00000003
0201D200
00000F00
00000F00
00000000
0201D204
80000000
00000001
0401D020
0000002C
00010000
00000000
00000000
01000000
820007FF
0000000F
00000000
02000000
00000081
00000018
0401D024
00000000
04D80000
00000000
00000000
0401D214
00000001
00000001
0401D000
0000002C
00000020
00000000
00000000
00000000
80000000
00000000
00000000
02000000
00000081
00000018
0401D004
00000002
00009B00
00000000
00000003
0401D200
00000F00
00000F00
00000000
0401D204
80000000
00000001
0601D020
0000002C
00010000
00000000
00000000
01000000
820007FF
0000000F
00000000
02000000
00000081
00000018
0601D024
00000000
06980000
00000000
00000000
0601D214
00000001
00000001
0601D000
0000002C
00000020
00000000
00000000
00000000
80000000
00000000
00000000
02000000
00000081
00000018
0601D004
00000002
0000D300
00000000
00000003
0601D200
00000F00
00000F00
00000000
0601D204
80000000
00000080
00000010
00000000
00010100
00000080
00000010
00010000
00010100
00000080
00000010
00020000
00010100
00000080
00000010
00030000
00010100
00000001
0201D040
0000002C
00000800
00000000
00000000
00000000
80000000
00000000
00000000
02000000
00000081
00000018
0201D044
00000001
00000000
00000000
00000000
0201D21C
00000002
00000001
0001D020
0000002C
00010000
00000000
00000000
01000000
820007FF
0000000F
00000000
02000000
00000081
00000018
0001D024
00000000
015C0000
00000000
00000000
0001D214
00000001
00000001
0001D000
0000002C
00000020
00000000
00000000
00000000
80000000
00000000
00000000
02000000
00000081
00000018
0001D004
00000002
00002B80
00000000
00000003
0001D200
00000F00
00000F00
00000000
0001D204
80000000
00000001
0201D020
0000002C
00010000
00000000
00000000
01000000
820007FF
0000000F
00000000
02000000
00000081
00000018
0201D024
00000000
031C0000
00000000
00000000
0201D214
00000001
00000001
0201D000
0000002C
00000020
00000000
00000000
00000000
80000000
00000000
00000000
02000000
00000081
00000018
0201D004
00000002
00006380
00000000
00000003
0201D200
00000F00
00000F00
00000000
0201D204
80000000
00000001
0401D020
0000002C
00010000
00000000
00000000
01000000
820007FF
0000000F
00000000
02000000
00000081
00000018
0401D024
00000000
04DC0000
00000000
00000000
0401D214
00000001
00000001
0401D000
0000002C
00000020
00000000
00000000
00000000
80000000
00000000
00000000
02000000
00000081
00000018
0401D004
00000002
00009B80
00000000
00000003
0401D200
00000F00
00000F00
00000000
0401D204
80000000
00000001
0601D020
0000002C
00010000
00000000
00000000
01000000
820007FF
0000000F
00000000
02000000
00000081
00000018
0601D024
00000000
069C0000
00000000
00000000
0601D214
00000001
00000001
0601D000
0000002C
00000020
00000000
00000000
00000000
80000000
00000000
00000000
02000000
00000081
00000018
0601D004
00000002
0000D380
00000000
00000003
0601D200
00000F00
00000F00
00000000
0601D204
80000000
00000080
00000010
00000000
00010100
00000080
00000010
00010000
00010100
00000080
00000010
00020000
00010100
00000080
00000010
00030000
00010100
00000001
0201D040
0000002C
00000800
00000000
00000000
00000000
80000000
00000000
00000000
02000000
00000081
00000018
0201D044
00000001
00000000
00000000
00000000
0201D21C
00000002
00000001
0001D020
0000002C
00010000
00000000
00000000
01000000
820007FF
0000000F
00000000
02000000
00000081
00000018
0001D024
00000000
01600000
00000000
00000000
0001D214
00000001
00000001
0001D000
0000002C
00000020
00000000
00000000
00000000
80000000
00000000
00000000
02000000
00000081
00000018
0001D004
00000002
00002C00
00000000
00000003
0001D200
00000F00
00000F00
00000000
0001D204
80000000
00000001
0201D020
0000002C
00010000
00000000
00000000
01000000
820007FF
0000000F
00000000
02000000
00000081
00000018
0201D024
00000000
03200000
00000000
00000000
0201D214
00000001
00000001
0201D000
0000002C
00000020
00000000
00000000
00000000
80000000
00000000
00000000
02000000
00000081
00000018
0201D004
00000002
00006400
00000000
00000003
0201D200
00000F00
00000F00
00000000
0201D204
80000000
00000001
0401D020
0000002C
00010000
00000000
00000000
01000000
820007FF
0000000F
00000000
02000000
00000081
00000018
0401D024
00000000
04E00000
00000000
00000000
0401D214
00000001
00000001
0401D000
0000002C
00000020
00000000
00000000
00000000
80000000
00000000
00000000
02000000
00000081
00000018
0401D004
00000002
00009C00
00000000
00000003
0401D200
00000F00
00000F00
00000000
0401D204
80000000
00000001
0601D020
0000002C
00010000
00000000
00000000
01000000
820007FF
0000000F
00000000
02000000
00000081
00000018
0601D024
00000000
06A00000
00000000
00000000
0601D214
00000001
00000001
0601D000
0000002C
00000020
00000000
00000000
00000000
80000000
00000000
00000000
02000000
00000081
00000018
0601D004
00000002
0000D400
00000000
00000003
0601D200
00000F00
00000F00
00000000
0601D204
80000000
00000080
00000010
00000000
00010100
00000080
00000010
00010000
00010100
00000080
00000010
00020000
00010100
00000080
00000010
00030000
00010100
00000001
0201D040
0000002C
00000800
00000000
00000000
00000000
80000000
00000000
00000000
02000000
00000081
00000018
0201D044
00000001
00000000
00000000
00000000
0201D21C
00000002
00000001
0001D020
0000002C
00010000
00000000
00000000
01000000
820007FF
0000000F
00000000
02000000
00000081
00000018
0001D024
00000000
01640000
00000000
00000000
0001D214
00000001
00000001
0001D000
0000002C
00000020
00000000
00000000
00000000
80000000
00000000
00000000
02000000
00000081
00000018
0001D004
00000002
00002C80
00000000
00000003
0001D200
00000F00
00000F00
00000000
0001D204
80000000
00000001
0201D020
0000002C
00010000
00000000
00000000
01000000
820007FF
0000000F
00000000
02000000
00000081
00000018
0201D024
00000000
03240000
00000000
00000000
0201D214
00000001
00000001
0201D000
0000002C
00000020
00000000
00000000
00000000
80000000
00000000
00000000
02000000
00000081
00000018
0201D004
00000002
00006480
00000000
00000003
0201D200
00000F00
00000F00
00000000
0201D204
80000000
00000001
0401D020
0000002C
00010000
00000000
00000000
01000000
820007FF
0000000F
00000000
02000000
00000081
00000018
0401D024
00000000
04E40000
00000000
00000000
0401D214
00000001
00000001
0401D000
0000002C
00000020
00000000
00000000
00000000
80000000
00000000
00000000
02000000
00000081
00000018
0401D004
00000002
00009C80
00000000
00000003
0401D200
00000F00
00000F00
00000000
0401D204
80000000
00000001
0601D020
0000002C
00010000
00000000
00000000
01000000
820007FF
0000000F
00000000
02000000
00000081
00000018
0601D024
00000000
06A40000
00000000
00000000
0601D214
00000001
00000001
0601D000
0000002C
00000020
00000000
00000000
00000000
80000000
00000000
00000000
02000000
00000081
00000018
0601D004
00000002
0000D480
00000000
00000003
0601D200
00000F00
00000F00
00000000
0601D204
80000000
00000080
00000010
00000000
00010100
00000080
00000010
00010000
00010100
00000080
00000010
00020000
00010100
00000080
00000010
00030000
00010100
00000001
0201D040
0000002C
00000800
00000000
00000000
00000000
80000000
00000000
00000000
02000000
00000081
00000018
0201D044
00000001
00000000
00000000
00000000
0201D21C
00000002
00000001
0001D020
0000002C
00010000
00000000
00000000
01000000
820007FF
0000000F
00000000
02000000
00000081
00000018
0001D024
00000000
01680000
00000000
00000000
0001D214
00000001
00000001
0001D000
0000002C
00000020
00000000
00000000
00000000
80000000
00000000
00000000
02000000
00000081
00000018
0001D004
00000002
00002D00
00000000
00000003
0001D200
00000F00
00000F00
00000000
0001D204
80000000
00000001
0201D020
0000002C
00010000
00000000
00000000
01000000
820007FF
0000000F
00000000
02000000
00000081
00000018
0201D024
00000000
03280000
00000000
00000000
0201D214
00000001
00000001
0201D000
0000002C
00000020
00000000
00000000
00000000
80000000
00000000
00000000
02000000
00000081
00000018
0201D004
00000002
00006500
00000000
00000003
0201D200
00000F00
00000F00
00000000
0201D204
80000000
00000001
0401D020
0000002C
00010000
00000000
00000000
01000000
820007FF
0000000F
00000000
02000000
00000081
00000018
0401D024
00000000
04E80000
00000000
00000000
0401D214
00000001
00000001
0401D000
0000002C
00000020
00000000
00000000
00000000
80000000
00000000
00000000
02000000
00000081
00000018
0401D004
00000002
00009D00
00000000
00000003
0401D200
00000F00
00000F00
00000000
0401D204
80000000
00000001
0601D020
0000002C
00010000
00000000
00000000
01000000
820007FF
0000000F
00000000
02000000
00000081
00000018
0601D024
00000000
06A80000
00000000
00000000
0601D214
00000001
00000001
0601D000
0000002C
00000020
00000000
00000000
00000000
80000000
00000000
00000000
02000000
00000081
00000018
0601D004
00000002
0000D500
00000000
00000003
0601D200
00000F00
00000F00
00000000
0601D204
80000000
00000080
00000010
00000000
00010100
00000080
00000010
00010000
00010100
00000080
00000010
00020000
00010100
00000080
00000010
00030000
00010100
00000001
0201D040
0000002C
00000800
00000000
00000000
00000000
80000000
00000000
00000000
02000000
00000081
00000018
0201D044
00000001
00000000
00000000
00000000
0201D21C
00000002
00000001
0001D020
0000002C
00010000
00000000
00000000
01000000
820007FF
0000000F
00000000
02000000
00000081
00000018
0001D024
00000000
016C0000
00000000
00000000
0001D214
00000001
00000001
0001D000
0000002C
00000020
00000000
00000000
00000000
80000000
00000000
00000000
02000000
00000081
00000018
0001D004
00000002
00002D80
00000000
00000003
0001D200
00000F00
00000F00
00000000
0001D204
80000000
00000001
0201D020
0000002C
00010000
00000000
00000000
01000000
820007FF
0000000F
00000000
02000000
00000081
00000018
0201D024
00000000
032C0000
00000000
00000000
0201D214
00000001
00000001
0201D000
0000002C
00000020
00000000
00000000
00000000
80000000
00000000
00000000
02000000
00000081
00000018
0201D004
00000002
00006580
00000000
00000003
0201D200
00000F00
00000F00
00000000
0201D204
80000000
00000001
0401D020
0000002C
00010000
00000000
00000000
01000000
820007FF
0000000F
00000000
02000000
00000081
00000018
0401D024
00000000
04EC0000
00000000
00000000
0401D214
00000001
00000001
0401D000
0000002C
00000020
00000000
00000000
00000000
80000000
00000000
00000000
02000000
00000081
00000018
0401D004
00000002
00009D80
00000000
00000003
0401D200
00000F00
00000F00
00000000
0401D204
80000000
00000001
0601D020
0000002C
00010000
00000000
00000000
01000000
820007FF
0000000F
00000000
02000000
00000081
00000018
0601D024
00000000
06AC0000
00000000
00000000
0601D214
00000001
00000001
0601D000
0000002C
00000020
00000000
00000000
00000000
80000000
00000000
00000000
02000000
00000081
00000018
0601D004
00000002
0000D580
00000000
00000003
0601D200
00000F00
00000F00
00000000
0601D204
80000000
00000080
00000010
00000000
00010100
00000080
00000010
00010000
00010100
00000080
00000010
00020000
00010100
00000080
00000010
00030000
00010100
00000001
0201D040
0000002C
00000800
00000000
00000000
00000000
80000000
00000000
00000000
02000000
00000081
00000018
0201D044
00000001
00000000
00000000
00000000
0201D21C
00000002
00000001
0001D020
0000002C
00010000
00000000
00000000
01000000
820007FF
0000000F
00000000
02000000
00000081
00000018
0001D024
00000000
01700000
00000000
00000000
0001D214
00000001
00000001
0001D000
0000002C
00000020
00000000
00000000
00000000
80000000
00000000
00000000
02000000
00000081
00000018
0001D004
00000002
00002E00
00000000
00000003
0001D200
00000F00
00000F00
00000000
0001D204
80000000
00000001
0201D020
0000002C
00010000
00000000
00000000
01000000
820007FF
0000000F
00000000
02000000
00000081
00000018
0201D024
00000000
03300000
00000000
00000000
0201D214
00000001
00000001
0201D000
0000002C
00000020
00000000
00000000
00000000
80000000
00000000
00000000
02000000
00000081
00000018
0201D004
00000002
00006600
00000000
00000003
0201D200
00000F00
00000F00
00000000
0201D204
80000000
00000001
0401D020
0000002C
00010000
00000000
00000000
01000000
820007FF
0000000F
00000000
02000000
00000081
00000018
0401D024
00000000
04F00000
00000000
00000000
0401D214
00000001
00000001
0401D000
0000002C
00000020
00000000
00000000
00000000
80000000
00000000
00000000
02000000
00000081
00000018
0401D004
00000002
00009E00
00000000
00000003
0401D200
00000F00
00000F00
00000000
0401D204
80000000
00000001
0601D020
0000002C
00010000
00000000
00000000
01000000
820007FF
0000000F
00000000
02000000
00000081
00000018
0601D024
00000000
06B00000
00000000
00000000
0601D214
00000001
00000001
0601D000
0000002C
00000020
00000000
00000000
00000000
80000000
00000000
00000000
02000000
00000081
00000018
0601D004
00000002
0000D600
00000000
00000003
0601D200
00000F00
00000F00
00000000
0601D204
80000000
00000080
00000010
00000000
00010100
00000080
00000010
00010000
00010100
00000080
00000010
00020000
00010100
00000080
00000010
00030000
00010100
00000001
0201D040
0000002C
00000800
00000000
00000000
00000000
80000000
00000000
00000000
02000000
00000081
00000018
0201D044
00000001
00000000
00000000
00000000
0201D21C
00000002
00000001
0001D020
0000002C
00010000
00000000
00000000
01000000
820007FF
0000000F
00000000
02000000
00000081
00000018
0001D024
00000000
01740000
00000000
00000000
0001D214
00000001
00000001
0001D000
0000002C
00000020
00000000
00000000
00000000
80000000
00000000
00000000
02000000
00000081
00000018
0001D004
00000002
00002E80
00000000
00000003
0001D200
00000F00
00000F00
00000000
0001D204
80000000
00000001
0201D020
0000002C
00010000
00000000
00000000
01000000
820007FF
0000000F
00000000
02000000
00000081
00000018
0201D024
00000000
03340000
00000000
00000000
0201D214
00000001
00000001
0201D000
0000002C
00000020
00000000
00000000
00000000
80000000
00000000
00000000
02000000
00000081
00000018
0201D004
00000002
00006680
00000000
00000003
0201D200
00000F00
00000F00
00000000
0201D204
80000000
00000001
0401D020
0000002C
00010000
00000000
00000000
01000000
820007FF
0000000F
00000000
02000000
00000081
00000018
0401D024
00000000
04F40000
00000000
00000000
0401D214
00000001
00000001
0401D000
0000002C
00000020
00000000
00000000
00000000
80000000
00000000
00000000
02000000
00000081
00000018
0401D004
00000002
00009E80
00000000
00000003
0401D200
00000F00
00000F00
00000000
0401D204
80000000
00000001
0601D020
0000002C
00010000
00000000
00000000
01000000
820007FF
0000000F
00000000
02000000
00000081
00000018
0601D024
00000000
06B40000
00000000
00000000
0601D214
00000001
00000001
0601D000
0000002C
00000020
00000000
00000000
00000000
80000000
00000000
00000000
02000000
00000081
00000018
0601D004
00000002
0000D680
00000000
00000003
0601D200
00000F00
00000F00
00000000
0601D204
80000000
00000080
00000010
00000000
00010100
00000080
00000010
00010000
00010100
00000080
00000010
00020000
00010100
00000080
00000010
00030000
00010100
00000001
0201D040
0000002C
00000800
00000000
00000000
00000000
80000000
00000000
00000000
02000000
00000081
00000018
0201D044
00000001
00000000
00000000
00000000
0201D21C
00000002
00000001
0001D020
0000002C
00010000
00000000
00000000
01000000
820007FF
0000000F
00000000
02000000
00000081
00000018
0001D024
00000000
01780000
00000000
00000000
0001D214
00000001
00000001
0001D000
0000002C
00000020
00000000
00000000
00000000
80000000
00000000
00000000
02000000
00000081
00000018
0001D004
00000002
00002F00
00000000
00000003
0001D200
00000F00
00000F00
00000000
0001D204
80000000
00000001
0201D020
0000002C
00010000
00000000
00000000
01000000
820007FF
0000000F
00000000
02000000
00000081
00000018
0201D024
00000000
03380000
00000000
00000000
0201D214
00000001
00000001
0201D000
0000002C
00000020
00000000
00000000
00000000
80000000
00000000
00000000
02000000
00000081
00000018
0201D004
00000002
00006700
00000000
00000003
0201D200
00000F00
00000F00
00000000
0201D204
80000000
00000001
0401D020
0000002C
00010000
00000000
00000000
01000000
820007FF
0000000F
00000000
02000000
00000081
00000018
0401D024
00000000
04F80000
00000000
00000000
0401D214
00000001
00000001
0401D000
0000002C
00000020
00000000
00000000
00000000
80000000
00000000
00000000
02000000
00000081
00000018
0401D004
00000002
00009F00
00000000
00000003
0401D200
00000F00
00000F00
00000000
0401D204
80000000
00000001
0601D020
0000002C
00010000
00000000
00000000
01000000
820007FF
0000000F
00000000
02000000
00000081
00000018
0601D024
00000000
06B80000
00000000
00000000
0601D214
00000001
00000001
0601D000
0000002C
00000020
00000000
00000000
00000000
80000000
00000000
00000000
02000000
00000081
00000018
0601D004
00000002
0000D700
00000000
00000003
0601D200
00000F00
00000F00
00000000
0601D204
80000000
00000080
00000010
00000000
00010100
00000080
00000010
00010000
00010100
00000080
00000010
00020000
00010100
00000080
00000010
00030000
00010100
00000001
0201D040
0000002C
00000800
00000000
00000000
00000000
80000000
00000000
00000000
02000000
00000081
00000018
0201D044
00000001
00000000
00000000
00000000
0201D21C
00000002
00000001
0001D020
0000002C
00010000
00000000
00000000
01000000
820007FF
0000000F
00000000
02000000
00000081
00000018
0001D024
00000000
017C0000
00000000
00000000
0001D214
00000001
00000001
0001D000
0000002C
00000020
00000000
00000000
00000000
80000000
00000000
00000000
02000000
00000081
00000018
0001D004
00000002
00002F80
00000000
00000003
0001D200
00000F00
00000F00
00000000
0001D204
80000000
00000001
0201D020
0000002C
00010000
00000000
00000000
01000000
820007FF
0000000F
00000000
02000000
00000081
00000018
0201D024
00000000
033C0000
00000000
00000000
0201D214
00000001
00000001
0201D000
0000002C
00000020
00000000
00000000
00000000
80000000
00000000
00000000
02000000
00000081
00000018
0201D004
00000002
00006780
00000000
00000003
0201D200
00000F00
00000F00
00000000
0201D204
80000000
00000001
0401D020
0000002C
00010000
00000000
00000000
01000000
820007FF
0000000F
00000000
02000000
00000081
00000018
0401D024
00000000
04FC0000
00000000
00000000
0401D214
00000001
00000001
0401D000
0000002C
00000020
00000000
00000000
00000000
80000000
00000000
00000000
02000000
00000081
00000018
0401D004
00000002
00009F80
00000000
00000003
0401D200
00000F00
00000F00
00000000
0401D204
80000000
00000001
0601D020
0000002C
00010000
00000000
00000000
01000000
820007FF
0000000F
00000000
02000000
00000081
00000018
0601D024
00000000
06BC0000
00000000
00000000
0601D214
00000001
00000001
0601D000
0000002C
00000020
00000000
00000000
00000000
80000000
00000000
00000000
02000000
00000081
00000018
0601D004
00000002
0000D780
00000000
00000003
0601D200
00000F00
00000F00
00000000
0601D204
80000000
00000080
00000010
00000000
00010100
00000080
00000010
00010000
00010100
00000080
00000010
00020000
00010100
00000080
00000010
00030000
00010100
00000001
0201D040
0000002C
00000800
00000000
00000000
00000000
80000000
00000000
00000000
02000000
00000081
00000018
0201D044
00000001
00000000
00000000
00000000
0201D21C
00000002
00000001
0001D020
0000002C
00010000
00000000
00000000
01000000
820007FF
0000000F
00000000
02000000
00000081
00000018
0001D024
00000000
01800000
00000000
00000000
0001D214
00000001
00000001
0001D000
0000002C
00000020
00000000
00000000
00000000
80000000
00000000
00000000
02000000
00000081
00000018
0001D004
00000002
00003000
00000000
00000003
0001D200
00000F00
00000F00
00000000
0001D204
80000000
00000001
0201D020
0000002C
00010000
00000000
00000000
01000000
820007FF
0000000F
00000000
02000000
00000081
00000018
0201D024
00000000
03400000
00000000
00000000
0201D214
00000001
00000001
0201D000
0000002C
00000020
00000000
00000000
00000000
80000000
00000000
00000000
02000000
00000081
00000018
0201D004
00000002
00006800
00000000
00000003
0201D200
00000F00
00000F00
00000000
0201D204
80000000
00000001
0401D020
0000002C
00010000
00000000
00000000
01000000
820007FF
0000000F
00000000
02000000
00000081
00000018
0401D024
00000000
05000000
00000000
00000000
0401D214
00000001
00000001
0401D000
0000002C
00000020
00000000
00000000
00000000
80000000
00000000
00000000
02000000
00000081
00000018
0401D004
00000002
0000A000
00000000
00000003
0401D200
00000F00
00000F00
00000000
0401D204
80000000
00000001
0601D020
0000002C
00010000
00000000
00000000
01000000
820007FF
0000000F
00000000
02000000
00000081
00000018
0601D024
00000000
06C00000
00000000
00000000
0601D214
00000001
00000001
0601D000
0000002C
00000020
00000000
00000000
00000000
80000000
00000000
00000000
02000000
00000081
00000018
0601D004
00000002
0000D800
00000000
00000003
0601D200
00000F00
00000F00
00000000
0601D204
80000000
00000080
00000010
00000000
00010100
00000080
00000010
00010000
00010100
00000080
00000010
00020000
00010100
00000080
00000010
00030000
00010100
00000001
0201D040
0000002C
00000800
00000000
00000000
00000000
80000000
00000000
00000000
02000000
00000081
00000018
0201D044
00000001
00000000
00000000
00000000
0201D21C
00000002
00000001
0001D020
0000002C
00010000
00000000
00000000
01000000
820007FF
0000000F
00000000
02000000
00000081
00000018
0001D024
00000000
01840000
00000000
00000000
0001D214
00000001
00000001
0001D000
0000002C
00000020
00000000
00000000
00000000
80000000
00000000
00000000
02000000
00000081
00000018
0001D004
00000002
00003080
00000000
00000003
0001D200
00000F00
00000F00
00000000
0001D204
80000000
00000001
0201D020
0000002C
00010000
00000000
00000000
01000000
820007FF
0000000F
00000000
02000000
00000081
00000018
0201D024
00000000
03440000
00000000
00000000
0201D214
00000001
00000001
0201D000
0000002C
00000020
00000000
00000000
00000000
80000000
00000000
00000000
02000000
00000081
00000018
0201D004
00000002
00006880
00000000
00000003
0201D200
00000F00
00000F00
00000000
0201D204
80000000
00000001
0401D020
0000002C
00010000
00000000
00000000
01000000
820007FF
0000000F
00000000
02000000
00000081
00000018
0401D024
00000000
05040000
00000000
00000000
0401D214
00000001
00000001
0401D000
0000002C
00000020
00000000
00000000
00000000
80000000
00000000
00000000
02000000
00000081
00000018
0401D004
00000002
0000A080
00000000
00000003
0401D200
00000F00
00000F00
00000000
0401D204
80000000
00000001
0601D020
0000002C
00010000
00000000
00000000
01000000
820007FF
0000000F
00000000
02000000
00000081
00000018
0601D024
00000000
06C40000
00000000
00000000
0601D214
00000001
00000001
0601D000
0000002C
00000020
00000000
00000000
00000000
80000000
00000000
00000000
02000000
00000081
00000018
0601D004
00000002
0000D880
00000000
00000003
0601D200
00000F00
00000F00
00000000
0601D204
80000000
00000080
00000010
00000000
00010100
00000080
00000010
00010000
00010100
00000080
00000010
00020000
00010100
00000080
00000010
00030000
00010100
00000001
0201D040
0000002C
00000800
00000000
00000000
00000000
80000000
00000000
00000000
02000000
00000081
00000018
0201D044
00000001
00000000
00000000
00000000
0201D21C
00000002
00000001
0001D020
0000002C
00010000
00000000
00000000
01000000
820007FF
0000000F
00000000
02000000
00000081
00000018
0001D024
00000000
01880000
00000000
00000000
0001D214
00000001
00000001
0001D000
0000002C
00000020
00000000
00000000
00000000
80000000
00000000
00000000
02000000
00000081
00000018
0001D004
00000002
00003100
00000000
00000003
0001D200
00000F00
00000F00
00000000
0001D204
80000000
00000001
0201D020
0000002C
00010000
00000000
00000000
01000000
820007FF
0000000F
00000000
02000000
00000081
00000018
0201D024
00000000
03480000
00000000
00000000
0201D214
00000001
00000001
0201D000
0000002C
00000020
00000000
00000000
00000000
80000000
00000000
00000000
02000000
00000081
00000018
0201D004
00000002
00006900
00000000
00000003
0201D200
00000F00
00000F00
00000000
0201D204
80000000
00000001
0401D020
0000002C
00010000
00000000
00000000
01000000
820007FF
0000000F
00000000
02000000
00000081
00000018
0401D024
00000000
05080000
00000000
00000000
0401D214
00000001
00000001
0401D000
0000002C
00000020
00000000
00000000
00000000
80000000
00000000
00000000
02000000
00000081
00000018
0401D004
00000002
0000A100
00000000
00000003
0401D200
00000F00
00000F00
00000000
0401D204
80000000
00000001
0601D020
0000002C
00010000
00000000
00000000
01000000
820007FF
0000000F
00000000
02000000
00000081
00000018
0601D024
00000000
06C80000
00000000
00000000
0601D214
00000001
00000001
0601D000
0000002C
00000020
00000000
00000000
00000000
80000000
00000000
00000000
02000000
00000081
00000018
0601D004
00000002
0000D900
00000000
00000003
0601D200
00000F00
00000F00
00000000
0601D204
80000000
00000080
00000010
00000000
00010100
00000080
00000010
00010000
00010100
00000080
00000010
00020000
00010100
00000080
00000010
00030000
00010100
00000001
0201D040
0000002C
00000800
00000000
00000000
00000000
80000000
00000000
00000000
02000000
00000081
00000018
0201D044
00000001
00000000
00000000
00000000
0201D21C
00000002
00000001
0001D020
0000002C
00010000
00000000
00000000
01000000
820007FF
0000000F
00000000
02000000
00000081
00000018
0001D024
00000000
018C0000
00000000
00000000
0001D214
00000001
00000001
0001D000
0000002C
00000020
00000000
00000000
00000000
80000000
00000000
00000000
02000000
00000081
00000018
0001D004
00000002
00003180
00000000
00000003
0001D200
00000F00
00000F00
00000000
0001D204
80000000
00000001
0201D020
0000002C
00010000
00000000
00000000
01000000
820007FF
0000000F
00000000
02000000
00000081
00000018
0201D024
00000000
034C0000
00000000
00000000
0201D214
00000001
00000001
0201D000
0000002C
00000020
00000000
00000000
00000000
80000000
00000000
00000000
02000000
00000081
00000018
0201D004
00000002
00006980
00000000
00000003
0201D200
00000F00
00000F00
00000000
0201D204
80000000
00000001
0401D020
0000002C
00010000
00000000
00000000
01000000
820007FF
0000000F
00000000
02000000
00000081
00000018
0401D024
00000000
050C0000
00000000
00000000
0401D214
00000001
00000001
0401D000
0000002C
00000020
00000000
00000000
00000000
80000000
00000000
00000000
02000000
00000081
00000018
0401D004
00000002
0000A180
00000000
00000003
0401D200
00000F00
00000F00
00000000
0401D204
80000000
00000001
0601D020
0000002C
00010000
00000000
00000000
01000000
820007FF
0000000F
00000000
02000000
00000081
00000018
0601D024
00000000
06CC0000
00000000
00000000
0601D214
00000001
00000001
0601D000
0000002C
00000020
00000000
00000000
00000000
80000000
00000000
00000000
02000000
00000081
00000018
0601D004
00000002
0000D980
00000000
00000003
0601D200
00000F00
00000F00
00000000
0601D204
80000000
00000080
00000010
00000000
00010100
00000080
00000010
00010000
00010100
00000080
00000010
00020000
00010100
00000080
00000010
00030000
00010100
00000001
0201D040
0000002C
00000800
00000000
00000000
00000000
80000000
00000000
00000000
02000000
00000081
00000018
0201D044
00000001
00000000
00000000
00000000
0201D21C
00000002
00000001
0001D020
0000002C
00010000
00000000
00000000
01000000
820007FF
0000000F
00000000
02000000
00000081
00000018
0001D024
00000000
01900000
00000000
00000000
0001D214
00000001
00000001
0001D000
0000002C
00000020
00000000
00000000
00000000
80000000
00000000
00000000
02000000
00000081
00000018
0001D004
00000002
00003200
00000000
00000003
0001D200
00000F00
00000F00
00000000
0001D204
80000000
00000001
0201D020
0000002C
00010000
00000000
00000000
01000000
820007FF
0000000F
00000000
02000000
00000081
00000018
0201D024
00000000
03500000
00000000
00000000
0201D214
00000001
00000001
0201D000
0000002C
00000020
00000000
00000000
00000000
80000000
00000000
00000000
02000000
00000081
00000018
0201D004
00000002
00006A00
00000000
00000003
0201D200
00000F00
00000F00
00000000
0201D204
80000000
00000001
0401D020
0000002C
00010000
00000000
00000000
01000000
820007FF
0000000F
00000000
02000000
00000081
00000018
0401D024
00000000
05100000
00000000
00000000
0401D214
00000001
00000001
0401D000
0000002C
00000020
00000000
00000000
00000000
80000000
00000000
00000000
02000000
00000081
00000018
0401D004
00000002
0000A200
00000000
00000003
0401D200
00000F00
00000F00
00000000
0401D204
80000000
00000001
0601D020
0000002C
00010000
00000000
00000000
01000000
820007FF
0000000F
00000000
02000000
00000081
00000018
0601D024
00000000
06D00000
00000000
00000000
0601D214
00000001
00000001
0601D000
0000002C
00000020
00000000
00000000
00000000
80000000
00000000
00000000
02000000
00000081
00000018
0601D004
00000002
0000DA00
00000000
00000003
0601D200
00000F00
00000F00
00000000
0601D204
80000000
00000080
00000010
00000000
00010100
00000080
00000010
00010000
00010100
00000080
00000010
00020000
00010100
00000080
00000010
00030000
00010100
00000001
0201D040
0000002C
00000800
00000000
00000000
00000000
80000000
00000000
00000000
02000000
00000081
00000018
0201D044
00000001
00000000
00000000
00000000
0201D21C
00000002
00000001
0001D020
0000002C
00010000
00000000
00000000
01000000
820007FF
0000000F
00000000
02000000
00000081
00000018
0001D024
00000000
01940000
00000000
00000000
0001D214
00000001
00000001
0001D000
0000002C
00000020
00000000
00000000
00000000
80000000
00000000
00000000
02000000
00000081
00000018
0001D004
00000002
00003280
00000000
00000003
0001D200
00000F00
00000F00
00000000
0001D204
80000000
00000001
0201D020
0000002C
00010000
00000000
00000000
01000000
820007FF
0000000F
00000000
02000000
00000081
00000018
0201D024
00000000
03540000
00000000
00000000
0201D214
00000001
00000001
0201D000
0000002C
00000020
00000000
00000000
00000000
80000000
00000000
00000000
02000000
00000081
00000018
0201D004
00000002
00006A80
00000000
00000003
0201D200
00000F00
00000F00
00000000
0201D204
80000000
00000001
0401D020
0000002C
00010000
00000000
00000000
01000000
820007FF
0000000F
00000000
02000000
00000081
00000018
0401D024
00000000
05140000
00000000
00000000
0401D214
00000001
00000001
0401D000
0000002C
00000020
00000000
00000000
00000000
80000000
00000000
00000000
02000000
00000081
00000018
0401D004
00000002
0000A280
00000000
00000003
0401D200
00000F00
00000F00
00000000
0401D204
80000000
00000001
0601D020
0000002C
00010000
00000000
00000000
01000000
820007FF
0000000F
00000000
02000000
00000081
00000018
0601D024
00000000
06D40000
00000000
00000000
0601D214
00000001
00000001
0601D000
0000002C
00000020
00000000
00000000
00000000
80000000
00000000
00000000
02000000
00000081
00000018
0601D004
00000002
0000DA80
00000000
00000003
0601D200
00000F00
00000F00
00000000
0601D204
80000000
00000080
00000010
00000000
00010100
00000080
00000010
00010000
00010100
00000080
00000010
00020000
00010100
00000080
00000010
00030000
00010100
00000001
0201D040
0000002C
00000800
00000000
00000000
00000000
80000000
00000000
00000000
02000000
00000081
00000018
0201D044
00000001
00000000
00000000
00000000
0201D21C
00000002
00000001
0001D020
0000002C
00010000
00000000
00000000
01000000
820007FF
0000000F
00000000
02000000
00000081
00000018
0001D024
00000000
01980000
00000000
00000000
0001D214
00000001
00000001
0001D000
0000002C
00000020
00000000
00000000
00000000
80000000
00000000
00000000
02000000
00000081
00000018
0001D004
00000002
00003300
00000000
00000003
0001D200
00000F00
00000F00
00000000
0001D204
80000000
00000001
0201D020
0000002C
00010000
00000000
00000000
01000000
820007FF
0000000F
00000000
02000000
00000081
00000018
0201D024
00000000
03580000
00000000
00000000
0201D214
00000001
00000001
0201D000
0000002C
00000020
00000000
00000000
00000000
80000000
00000000
00000000
02000000
00000081
00000018
0201D004
00000002
00006B00
00000000
00000003
0201D200
00000F00
00000F00
00000000
0201D204
80000000
00000001
0401D020
0000002C
00010000
00000000
00000000
01000000
820007FF
0000000F
00000000
02000000
00000081
00000018
0401D024
00000000
05180000
00000000
00000000
0401D214
00000001
00000001
0401D000
0000002C
00000020
00000000
00000000
00000000
80000000
00000000
00000000
02000000
00000081
00000018
0401D004
00000002
0000A300
00000000
00000003
0401D200
00000F00
00000F00
00000000
0401D204
80000000
00000001
0601D020
0000002C
00010000
00000000
00000000
01000000
820007FF
0000000F
00000000
02000000
00000081
00000018
0601D024
00000000
06D80000
00000000
00000000
0601D214
00000001
00000001
0601D000
0000002C
00000020
00000000
00000000
00000000
80000000
00000000
00000000
02000000
00000081
00000018
0601D004
00000002
0000DB00
00000000
00000003
0601D200
00000F00
00000F00
00000000
0601D204
80000000
00000080
00000010
00000000
00010100
00000080
00000010
00010000
00010100
00000080
00000010
00020000
00010100
00000080
00000010
00030000
00010100
00000001
0201D040
0000002C
00000800
00000000
00000000
00000000
80000000
00000000
00000000
02000000
00000081
00000018
0201D044
00000001
00000000
00000000
00000000
0201D21C
00000002
00000001
0001D020
0000002C
00010000
00000000
00000000
01000000
820007FF
0000000F
00000000
02000000
00000081
00000018
0001D024
00000000
019C0000
00000000
00000000
0001D214
00000001
00000001
0001D000
0000002C
00000020
00000000
00000000
00000000
80000000
00000000
00000000
02000000
00000081
00000018
0001D004
00000002
00003380
00000000
00000003
0001D200
00000F00
00000F00
00000000
0001D204
80000000
00000001
0201D020
0000002C
00010000
00000000
00000000
01000000
820007FF
0000000F
00000000
02000000
00000081
00000018
0201D024
00000000
035C0000
00000000
00000000
0201D214
00000001
00000001
0201D000
0000002C
00000020
00000000
00000000
00000000
80000000
00000000
00000000
02000000
00000081
00000018
0201D004
00000002
00006B80
00000000
00000003
0201D200
00000F00
00000F00
00000000
0201D204
80000000
00000001
0401D020
0000002C
00010000
00000000
00000000
01000000
820007FF
0000000F
00000000
02000000
00000081
00000018
0401D024
00000000
051C0000
00000000
00000000
0401D214
00000001
00000001
0401D000
0000002C
00000020
00000000
00000000
00000000
80000000
00000000
00000000
02000000
00000081
00000018
0401D004
00000002
0000A380
00000000
00000003
0401D200
00000F00
00000F00
00000000
0401D204
80000000
00000001
0601D020
0000002C
00010000
00000000
00000000
01000000
820007FF
0000000F
00000000
02000000
00000081
00000018
0601D024
00000000
06DC0000
00000000
00000000
0601D214
00000001
00000001
0601D000
0000002C
00000020
00000000
00000000
00000000
80000000
00000000
00000000
02000000
00000081
00000018
0601D004
00000002
0000DB80
00000000
00000003
0601D200
00000F00
00000F00
00000000
0601D204
80000000
00000080
00000010
00000000
00010100
00000080
00000010
00010000
00010100
00000080
00000010
00020000
00010100
00000080
00000010
00030000
00010100
00000001
0201D040
0000002C
00000800
00000000
00000000
00000000
80000000
00000000
00000000
02000000
00000081
00000018
0201D044
00000001
00000000
00000000
00000000
0201D21C
00000002
00000001
0001D020
0000002C
00010000
00000000
00000000
01000000
820007FF
0000000F
00000000
02000000
00000081
00000018
0001D024
00000000
01A00000
00000000
00000000
0001D214
00000001
00000001
0001D000
0000002C
00000020
00000000
00000000
00000000
80000000
00000000
00000000
02000000
00000081
00000018
0001D004
00000002
00003400
00000000
00000003
0001D200
00000F00
00000F00
00000000
0001D204
80000000
00000001
0201D020
0000002C
00010000
00000000
00000000
01000000
820007FF
0000000F
00000000
02000000
00000081
00000018
0201D024
00000000
03600000
00000000
00000000
0201D214
00000001
00000001
0201D000
0000002C
00000020
00000000
00000000
00000000
80000000
00000000
00000000
02000000
00000081
00000018
0201D004
00000002
00006C00
00000000
00000003
0201D200
00000F00
00000F00
00000000
0201D204
80000000
00000001
0401D020
0000002C
00010000
00000000
00000000
01000000
820007FF
0000000F
00000000
02000000
00000081
00000018
0401D024
00000000
05200000
00000000
00000000
0401D214
00000001
00000001
0401D000
0000002C
00000020
00000000
00000000
00000000
80000000
00000000
00000000
02000000
00000081
00000018
0401D004
00000002
0000A400
00000000
00000003
0401D200
00000F00
00000F00
00000000
0401D204
80000000
00000001
0601D020
0000002C
00010000
00000000
00000000
01000000
820007FF
0000000F
00000000
02000000
00000081
00000018
0601D024
00000000
06E00000
00000000
00000000
0601D214
00000001
00000001
0601D000
0000002C
00000020
00000000
00000000
00000000
80000000
00000000
00000000
02000000
00000081
00000018
0601D004
00000002
0000DC00
00000000
00000003
0601D200
00000F00
00000F00
00000000
0601D204
80000000
00000080
00000010
00000000
00010100
00000080
00000010
00010000
00010100
00000080
00000010
00020000
00010100
00000080
00000010
00030000
00010100
00000001
0201D040
0000002C
00000800
00000000
00000000
00000000
80000000
00000000
00000000
02000000
00000081
00000018
0201D044
00000001
00000000
00000000
00000000
0201D21C
00000002
00000001
0001D020
0000002C
00010000
00000000
00000000
01000000
820007FF
0000000F
00000000
02000000
00000081
00000018
0001D024
00000000
01A40000
00000000
00000000
0001D214
00000001
00000001
0001D000
0000002C
00000020
00000000
00000000
00000000
80000000
00000000
00000000
02000000
00000081
00000018
0001D004
00000002
00003480
00000000
00000003
0001D200
00000F00
00000F00
00000000
0001D204
80000000
00000001
0201D020
0000002C
00010000
00000000
00000000
01000000
820007FF
0000000F
00000000
02000000
00000081
00000018
0201D024
00000000
03640000
00000000
00000000
0201D214
00000001
00000001
0201D000
0000002C
00000020
00000000
00000000
00000000
80000000
00000000
00000000
02000000
00000081
00000018
0201D004
00000002
00006C80
00000000
00000003
0201D200
00000F00
00000F00
00000000
0201D204
80000000
00000001
0401D020
0000002C
00010000
00000000
00000000
01000000
820007FF
0000000F
00000000
02000000
00000081
00000018
0401D024
00000000
05240000
00000000
00000000
0401D214
00000001
00000001
0401D000
0000002C
00000020
00000000
00000000
00000000
80000000
00000000
00000000
02000000
00000081
00000018
0401D004
00000002
0000A480
00000000
00000003
0401D200
00000F00
00000F00
00000000
0401D204
80000000
00000001
0601D020
0000002C
00010000
00000000
00000000
01000000
820007FF
0000000F
00000000
02000000
00000081
00000018
0601D024
00000000
06E40000
00000000
00000000
0601D214
00000001
00000001
0601D000
0000002C
00000020
00000000
00000000
00000000
80000000
00000000
00000000
02000000
00000081
00000018
0601D004
00000002
0000DC80
00000000
00000003
0601D200
00000F00
00000F00
00000000
0601D204
80000000
00000080
00000010
00000000
00010100
00000080
00000010
00010000
00010100
00000080
00000010
00020000
00010100
00000080
00000010
00030000
00010100
00000001
0201D040
0000002C
00000800
00000000
00000000
00000000
80000000
00000000
00000000
02000000
00000081
00000018
0201D044
00000001
00000000
00000000
00000000
0201D21C
00000002
00000001
0001D020
0000002C
00010000
00000000
00000000
01000000
820007FF
0000000F
00000000
02000000
00000081
00000018
0001D024
00000000
01A80000
00000000
00000000
0001D214
00000001
00000001
0001D000
0000002C
00000020
00000000
00000000
00000000
80000000
00000000
00000000
02000000
00000081
00000018
0001D004
00000002
00003500
00000000
00000003
0001D200
00000F00
00000F00
00000000
0001D204
80000000
00000001
0201D020
0000002C
00010000
00000000
00000000
01000000
820007FF
0000000F
00000000
02000000
00000081
00000018
0201D024
00000000
03680000
00000000
00000000
0201D214
00000001
00000001
0201D000
0000002C
00000020
00000000
00000000
00000000
80000000
00000000
00000000
02000000
00000081
00000018
0201D004
00000002
00006D00
00000000
00000003
0201D200
00000F00
00000F00
00000000
0201D204
80000000
00000001
0401D020
0000002C
00010000
00000000
00000000
01000000
820007FF
0000000F
00000000
02000000
00000081
00000018
0401D024
00000000
05280000
00000000
00000000
0401D214
00000001
00000001
0401D000
0000002C
00000020
00000000
00000000
00000000
80000000
00000000
00000000
02000000
00000081
00000018
0401D004
00000002
0000A500
00000000
00000003
0401D200
00000F00
00000F00
00000000
0401D204
80000000
00000001
0601D020
0000002C
00010000
00000000
00000000
01000000
820007FF
0000000F
00000000
02000000
00000081
00000018
0601D024
00000000
06E80000
00000000
00000000
0601D214
00000001
00000001
0601D000
0000002C
00000020
00000000
00000000
00000000
80000000
00000000
00000000
02000000
00000081
00000018
0601D004
00000002
0000DD00
00000000
00000003
0601D200
00000F00
00000F00
00000000
0601D204
80000000
00000080
00000010
00000000
00010100
00000080
00000010
00010000
00010100
00000080
00000010
00020000
00010100
00000080
00000010
00030000
00010100
00000001
0201D040
0000002C
00000800
00000000
00000000
00000000
80000000
00000000
00000000
02000000
00000081
00000018
0201D044
00000001
00000000
00000000
00000000
0201D21C
00000002
00000001
0001D020
0000002C
00010000
00000000
00000000
01000000
820007FF
0000000F
00000000
02000000
00000081
00000018
0001D024
00000000
01AC0000
00000000
00000000
0001D214
00000001
00000001
0001D000
0000002C
00000020
00000000
00000000
00000000
80000000
00000000
00000000
02000000
00000081
00000018
0001D004
00000002
00003580
00000000
00000003
0001D200
00000F00
00000F00
00000000
0001D204
80000000
00000001
0201D020
0000002C
00010000
00000000
00000000
01000000
820007FF
0000000F
00000000
02000000
00000081
00000018
0201D024
00000000
036C0000
00000000
00000000
0201D214
00000001
00000001
0201D000
0000002C
00000020
00000000
00000000
00000000
80000000
00000000
00000000
02000000
00000081
00000018
0201D004
00000002
00006D80
00000000
00000003
0201D200
00000F00
00000F00
00000000
0201D204
80000000
00000001
0401D020
0000002C
00010000
00000000
00000000
01000000
820007FF
0000000F
00000000
02000000
00000081
00000018
0401D024
00000000
052C0000
00000000
00000000
0401D214
00000001
00000001
0401D000
0000002C
00000020
00000000
00000000
00000000
80000000
00000000
00000000
02000000
00000081
00000018
0401D004
00000002
0000A580
00000000
00000003
0401D200
00000F00
00000F00
00000000
0401D204
80000000
00000001
0601D020
0000002C
00010000
00000000
00000000
01000000
820007FF
0000000F
00000000
02000000
00000081
00000018
0601D024
00000000
06EC0000
00000000
00000000
0601D214
00000001
00000001
0601D000
0000002C
00000020
00000000
00000000
00000000
80000000
00000000
00000000
02000000
00000081
00000018
0601D004
00000002
0000DD80
00000000
00000003
0601D200
00000F00
00000F00
00000000
0601D204
80000000
00000080
00000010
00000000
00010100
00000080
00000010
00010000
00010100
00000080
00000010
00020000
00010100
00000080
00000010
00030000
00010100
00000001
0201D040
0000002C
00000800
00000000
00000000
00000000
80000000
00000000
00000000
02000000
00000081
00000018
0201D044
00000001
00000000
00000000
00000000
0201D21C
00000002
00000001
0001D020
0000002C
00010000
00000000
00000000
01000000
820007FF
0000000F
00000000
02000000
00000081
00000018
0001D024
00000000
01B00000
00000000
00000000
0001D214
00000001
00000001
0001D000
0000002C
00000020
00000000
00000000
00000000
80000000
00000000
00000000
02000000
00000081
00000018
0001D004
00000002
00003600
00000000
00000003
0001D200
00000F00
00000F00
00000000
0001D204
80000000
00000001
0201D020
0000002C
00010000
00000000
00000000
01000000
820007FF
0000000F
00000000
02000000
00000081
00000018
0201D024
00000000
03700000
00000000
00000000
0201D214
00000001
00000001
0201D000
0000002C
00000020
00000000
00000000
00000000
80000000
00000000
00000000
02000000
00000081
00000018
0201D004
00000002
00006E00
00000000
00000003
0201D200
00000F00
00000F00
00000000
0201D204
80000000
00000001
0401D020
0000002C
00010000
00000000
00000000
01000000
820007FF
0000000F
00000000
02000000
00000081
00000018
0401D024
00000000
05300000
00000000
00000000
0401D214
00000001
00000001
0401D000
0000002C
00000020
00000000
00000000
00000000
80000000
00000000
00000000
02000000
00000081
00000018
0401D004
00000002
0000A600
00000000
00000003
0401D200
00000F00
00000F00
00000000
0401D204
80000000
00000001
0601D020
0000002C
00010000
00000000
00000000
01000000
820007FF
0000000F
00000000
02000000
00000081
00000018
0601D024
00000000
06F00000
00000000
00000000
0601D214
00000001
00000001
0601D000
0000002C
00000020
00000000
00000000
00000000
80000000
00000000
00000000
02000000
00000081
00000018
0601D004
00000002
0000DE00
00000000
00000003
0601D200
00000F00
00000F00
00000000
0601D204
80000000
00000080
00000010
00000000
00010100
00000080
00000010
00010000
00010100
00000080
00000010
00020000
00010100
00000080
00000010
00030000
00010100
00000001
0201D040
0000002C
00000800
00000000
00000000
00000000
80000000
00000000
00000000
02000000
00000081
00000018
0201D044
00000001
00000000
00000000
00000000
0201D21C
00000002
00000001
0001D020
0000002C
00010000
00000000
00000000
01000000
820007FF
0000000F
00000000
02000000
00000081
00000018
0001D024
00000000
01B40000
00000000
00000000
0001D214
00000001
00000001
0001D000
0000002C
00000020
00000000
00000000
00000000
80000000
00000000
00000000
02000000
00000081
00000018
0001D004
00000002
00003680
00000000
00000003
0001D200
00000F00
00000F00
00000000
0001D204
80000000
00000001
0201D020
0000002C
00010000
00000000
00000000
01000000
820007FF
0000000F
00000000
02000000
00000081
00000018
0201D024
00000000
03740000
00000000
00000000
0201D214
00000001
00000001
0201D000
0000002C
00000020
00000000
00000000
00000000
80000000
00000000
00000000
02000000
00000081
00000018
0201D004
00000002
00006E80
00000000
00000003
0201D200
00000F00
00000F00
00000000
0201D204
80000000
00000001
0401D020
0000002C
00010000
00000000
00000000
01000000
820007FF
0000000F
00000000
02000000
00000081
00000018
0401D024
00000000
05340000
00000000
00000000
0401D214
00000001
00000001
0401D000
0000002C
00000020
00000000
00000000
00000000
80000000
00000000
00000000
02000000
00000081
00000018
0401D004
00000002
0000A680
00000000
00000003
0401D200
00000F00
00000F00
00000000
0401D204
80000000
00000001
0601D020
0000002C
00010000
00000000
00000000
01000000
820007FF
0000000F
00000000
02000000
00000081
00000018
0601D024
00000000
06F40000
00000000
00000000
0601D214
00000001
00000001
0601D000
0000002C
00000020
00000000
00000000
00000000
80000000
00000000
00000000
02000000
00000081
00000018
0601D004
00000002
0000DE80
00000000
00000003
0601D200
00000F00
00000F00
00000000
0601D204
80000000
00000080
00000010
00000000
00010100
00000080
00000010
00010000
00010100
00000080
00000010
00020000
00010100
00000080
00000010
00030000
00010100
00000001
0201D040
0000002C
00000800
00000000
00000000
00000000
80000000
00000000
00000000
02000000
00000081
00000018
0201D044
00000001
00000000
00000000
00000000
0201D21C
00000002
00000001
0001D020
0000002C
00010000
00000000
00000000
01000000
820007FF
0000000F
00000000
02000000
00000081
00000018
0001D024
00000000
01B80000
00000000
00000000
0001D214
00000001
00000001
0001D000
0000002C
00000020
00000000
00000000
00000000
80000000
00000000
00000000
02000000
00000081
00000018
0001D004
00000002
00003700
00000000
00000003
0001D200
00000F00
00000F00
00000000
0001D204
80000000
00000001
0201D020
0000002C
00010000
00000000
00000000
01000000
820007FF
0000000F
00000000
02000000
00000081
00000018
0201D024
00000000
03780000
00000000
00000000
0201D214
00000001
00000001
0201D000
0000002C
00000020
00000000
00000000
00000000
80000000
00000000
00000000
02000000
00000081
00000018
0201D004
00000002
00006F00
00000000
00000003
0201D200
00000F00
00000F00
00000000
0201D204
80000000
00000001
0401D020
0000002C
00010000
00000000
00000000
01000000
820007FF
0000000F
00000000
02000000
00000081
00000018
0401D024
00000000
05380000
00000000
00000000
0401D214
00000001
00000001
0401D000
0000002C
00000020
00000000
00000000
00000000
80000000
00000000
00000000
02000000
00000081
00000018
0401D004
00000002
0000A700
00000000
00000003
0401D200
00000F00
00000F00
00000000
0401D204
80000000
00000001
0601D020
0000002C
00010000
00000000
00000000
01000000
820007FF
0000000F
00000000
02000000
00000081
00000018
0601D024
00000000
06F80000
00000000
00000000
0601D214
00000001
00000001
0601D000
0000002C
00000020
00000000
00000000
00000000
80000000
00000000
00000000
02000000
00000081
00000018
0601D004
00000002
0000DF00
00000000
00000003
0601D200
00000F00
00000F00
00000000
0601D204
80000000
00000080
00000010
00000000
00010100
00000080
00000010
00010000
00010100
00000080
00000010
00020000
00010100
00000080
00000010
00030000
00010100
00000001
0201D040
0000002C
00000800
00000000
00000000
00000000
80000000
00000000
00000000
02000000
00000081
00000018
0201D044
00000001
00000000
00000000
00000000
0201D21C
00000002
00000001
0001D020
0000002C
00010000
00000000
00000000
01000000
820007FF
0000000F
00000000
02000000
00000081
00000018
0001D024
00000000
01BC0000
00000000
00000000
0001D214
00000001
00000001
0001D000
0000002C
00000020
00000000
00000000
00000000
80000000
00000000
00000000
02000000
00000081
00000018
0001D004
00000002
00003780
00000000
00000003
0001D200
00000F00
00000F00
00000000
0001D204
80000000
00000001
0201D020
0000002C
00010000
00000000
00000000
01000000
820007FF
0000000F
00000000
02000000
00000081
00000018
0201D024
00000000
037C0000
00000000
00000000
0201D214
00000001
00000001
0201D000
0000002C
00000020
00000000
00000000
00000000
80000000
00000000
00000000
02000000
00000081
00000018
0201D004
00000002
00006F80
00000000
00000003
0201D200
00000F00
00000F00
00000000
0201D204
80000000
00000001
0401D020
0000002C
00010000
00000000
00000000
01000000
820007FF
0000000F
00000000
02000000
00000081
00000018
0401D024
00000000
053C0000
00000000
00000000
0401D214
00000001
00000001
0401D000
0000002C
00000020
00000000
00000000
00000000
80000000
00000000
00000000
02000000
00000081
00000018
0401D004
00000002
0000A780
00000000
00000003
0401D200
00000F00
00000F00
00000000
0401D204
80000000
00000001
0601D020
0000002C
00010000
00000000
00000000
01000000
820007FF
0000000F
00000000
02000000
00000081
00000018
0601D024
00000000
06FC0000
00000000
00000000
0601D214
00000001
00000001
0601D000
0000002C
00000020
00000000
00000000
00000000
80000000
00000000
00000000
02000000
00000081
00000018
0601D004
00000002
0000DF80
00000000
00000003
0601D200
00000F00
00000F00
00000000
0601D204
80000000
00000080
00000010
00000000
00010100
00000080
00000010
00010000
00010100
00000080
00000010
00020000
00010100
00000080
00000010
00030000
00010100
